label,N,ic_raw,ic_self,sharpe,lo,hi,fp,pc,pc_lo,pc_hi,tr,tr_lo,tr_hi,pf,total
persym-selfstd-44,44,-0.00021287486386042457,0.001090909924839843,-0.11429204943143692,-2.797556800838303,2.251077167347374,5,-0.27580328696585305,-5.796395049170971,5.534152325002309,8.058466911315918,-25.41584587097168,44.02798080444336,1.07361,-446.8013248846819
persym-selfstd-drop2-42,42,0.0013238229705112257,0.0023397133099071175,-0.34644621054540364,-3.047628497504445,2.0579460443505133,3,-0.7191963662839119,-5.560067142329605,4.300310195015914,8.084590911865234,-20.446239471435547,39.49544143676758,1.080846,-1165.0981133799373
