sharpe_causal,sh_lo,sh_hi,folds_positive,p1_95,p2_95,p1_pass,p2_pass,p1_edge,p2_edge
2.3440279600024754,0.5724627979765301,4.494461240757999,7,1.535437175769603,1.4754128633064245,True,True,0.8085907842328723,0.8686150966960509
