sharpe_causal,sh_lo,sh_hi,folds_positive,p1_95,p2_95,p1_pass,p2_pass,p1_edge,p2_edge
-0.892093883264352,-3.255295735946323,1.7151928821950804,4,1.3589351632624127,1.5920812583151542,False,False,-2.2510290465267646,-2.4841751415795064
