label,ic_mean,ic_median,ic_t,n_cycles,folds_pos,top_bottom_bps,gate_pass,eq_ic_mean,eq_ic_t,eq_folds_pos
A_4h,0.05168724715898095,0.050688761040434335,8.456087168672962,1620,9,-2.027453400387458,True,0.05046599218796232,9.412546691748023,9
B_24h_proper,0.05750436521600731,0.037112065472814204,3.3616218161476334,240,4,19.34109110987414,True,0.029782577611002548,2.185322332704533,4
