sub,sharpe,sh_lo,sh_hi,folds_pos,n_traded
A,0.7543652287011303,-1.7606253925511879,2.9312669529693425,4,1482
B,3.3549930510825594,1.3516556943708582,5.234847395573927,6,1472
