sharpe_causal,sh_lo,sh_hi,folds_positive,p1_95,p2_95,p1_pass,p2_pass,p1_edge,p2_edge
3.1070703605702614,1.0606394821500937,4.92008215156858,7,1.658667345049384,1.498240964590446,True,True,1.4484030155208774,1.6088293959798154
