decile,alpha_bps
0,4.4286845335001015
1,3.3579664337678734
2,3.9396630105367043
3,1.8214891168415361
4,-0.9867877552239799
5,-1.0376334040851136
6,3.4380639365011896
7,2.841729100684371
8,-0.38129870994821374
9,1.2348818911705166
