decile,alpha_bps
0,3.951509648193548
1,4.949867038557559
2,1.3025334490112455
3,-0.42839687024185685
4,-1.6527401391002867
5,-0.3194400256867578
6,0.050577349684856554
7,0.7808253683241797
8,3.853899837202496
9,5.514337105239615
