decile,alpha_bps
0,0.4313562590053972
1,7.049458625753997
2,5.791556129951812
3,0.17776754287381966
4,0.7258780946058255
5,1.7299715429279998
6,5.002822967816466
7,-0.41401513352254293
8,2.0852996244934605
9,0.9836201126514762
