decile,alpha_bps
0,3.2029450989799737
1,4.617034692905936
2,-0.3543120637179617
3,2.456183745951196
4,2.439519176159606
5,0.576898450166401
6,1.3288784007944259
7,2.3280597110635335
8,1.317323642551761
9,4.970287455944919
