decile,alpha_bps
0,5.483232881216171
1,4.218102417900054
2,3.907114045946847
3,-1.1532718354353197
4,-0.5589307718024945
5,-0.31443828914176536
6,1.2732323458717194
7,0.4963072970578516
8,3.5409360287826
9,5.991026869266765
