decile,alpha_bps
0,4.397720952019279
1,3.8123879074613436
2,0.39702307932354786
3,0.9053964841375013
4,2.7468926424609013
5,0.662206522476526
6,1.4085496515449552
7,0.5611425463064217
8,1.1246361531363225
9,5.6166979842163895
