decile,alpha_bps
0,3.463266002225839
1,0.03361553558964788
2,3.2670039422810078
3,3.0786018486468145
4,1.511258093819574
5,2.218142181657899
6,0.42765735460928195
7,1.4076750782927798
8,1.4548506736939335
9,4.930443117983732
