sub,sharpe,sh_lo,sh_hi,folds_pos,n_traded
A,1.4271387766506667,-0.998533568709937,3.636527344712772,4,1463
B,2.0270242016857276,-0.21736222550374237,4.1379098828945535,6,1448
