n,sharpe,ci_lo,ci_hi,folds_pos,top1_share,top5_share,top5pct_cycles,n_dropped,pct_dropped,dropped
108,2.3403048609934523,0.5820150205121628,4.460383399711791,7,38.27749302613208,74.2230826110706,48.04603528985911,2,1.8181818181818181,SIRENUSDT;JELLYJELLYUSDT
105,0.662177235583481,-1.9656751109846748,3.000665052650076,5,17.269258661099748,59.28146594363118,34.22196751595668,5,4.545454545454546,SIRENUSDT;JELLYJELLYUSDT;PIPPINUSDT;BROCCOLI714USDT;SWARMSUSDT
