{
  "HL70_side_decay": {
    "4": 0.0018376970366745448,
    "8": 0.0012857396958278003,
    "12": -0.000635920940852454,
    "16": -0.002642379182002622,
    "24": -0.005170163992779574,
    "36": -0.009818704254647141,
    "48": -0.015444208702909431,
    "72": -0.017755221532682688
  },
  "HL70_bull_decay": {
    "4": 0.009885027082418826,
    "8": 0.00500766921954131,
    "12": 0.004384480241576324,
    "16": 0.0023384581786578284,
    "24": 0.0018990827081655404,
    "36": -0.004208919244776917,
    "48": -0.005927913322422255,
    "72": -0.02049026574064586
  },
  "HL70_all_decay": {
    "4": 0.0031765282277338423,
    "8": 0.003018020260988846,
    "12": 0.0026730882763995856,
    "16": 0.000821766071740573,
    "24": -0.0011109554075515748,
    "36": -0.004857204331959821,
    "48": -0.008928051204392044,
    "72": -0.012515783411399944
  },
  "HL70_side_strength_decay": {
    "weak": {
      "4": 0.045800507414879565,
      "8": -3.985219758314226,
      "12": -1.1785235064428763,
      "16": 8.45280909056608,
      "24": 25.659426381834475,
      "36": 17.36094203654296,
      "48": -4.552823643798397,
      "72": -7.57849361119524
    },
    "mid": {
      "4": -3.102680099444922,
      "8": -3.526369468819179,
      "12": -1.2189584359259433,
      "16": -11.562871778092966,
      "24": -14.785331288953508,
      "36": -26.979238356501487,
      "48": -38.775219462028915,
      "72": -38.34205064528031
    },
    "strong": {
      "4": 2.425662478612442,
      "8": 2.350938937286839,
      "12": 5.53882257216869,
      "16": 6.5638293068484295,
      "24": -8.52939048870481,
      "36": -12.5503522191593,
      "48": -32.08950458761123,
      "72": -65.43381347268583
    }
  },
  "EXT_side_decay": {
    "4": -0.004196297602716357,
    "8": -0.005658447942898645,
    "12": -0.004454464734963645,
    "16": -0.005082380054521547,
    "24": -0.0033898332551423804,
    "36": -0.004924165500305775,
    "48": -0.00556338892511971,
    "72": -0.002870519119658411
  },
  "EXT_bull_decay": {
    "4": -0.004394175090307402,
    "8": -0.01157958660949026,
    "12": -0.017704089856230266,
    "16": -0.017646217165142565,
    "24": -0.021028721957054266,
    "36": -0.023493402625752984,
    "48": -0.02393447589272466,
    "72": -0.014190754474317646
  },
  "EXT_all_decay": {
    "4": -0.002494910481894611,
    "8": -0.005430316799917449,
    "12": -0.005618833614614332,
    "16": -0.005128920222314002,
    "24": -0.005619714535017429,
    "36": -0.007833419745205199,
    "48": -0.008260430536621063,
    "72": -0.003969008728685046
  },
  "EXT_side_strength_decay": {
    "weak": {
      "4": 1.201615207307051,
      "8": 3.381154676284337,
      "12": 2.9883677847140095,
      "16": 4.615768013360101,
      "24": 6.906087783235058,
      "36": 9.925236757955874,
      "48": 12.827222340341685,
      "72": 4.449482907405235
    },
    "mid": {
      "4": 3.625247462435387,
      "8": 3.8713569181605596,
      "12": 6.937264547348647,
      "16": 8.679674719869766,
      "24": 15.96809012329515,
      "36": 25.903664572493014,
      "48": 27.988740588597658,
      "72": 32.13021612489112
    },
    "strong": {
      "4": 1.6570138004907669,
      "8": 3.4315348654334317,
      "12": 4.988206142246984,
      "16": 8.07482935620929,
      "24": 6.15988776045267,
      "36": 0.7653644846284988,
      "48": 1.6518160612659003,
      "72": 1.4179989551251893
    }
  }
}