{
 "HL70": {
  "label": "HL70",
  "base": {
   "sharpe": 1.9275439332004232,
   "maxDD": -5674.036378619054,
   "calmar": 1.6806336916202136,
   "totPnL": 10472.157066873613,
   "pct_pos": 39.91683991683992
  },
  "throttle": {
   "sharpe": 1.3766171168937025,
   "maxDD": -5626.706638691374,
   "calmar": 0.9121484073773449,
   "totPnL": 5636.256418139183,
   "pct_pos": 39.91683991683992
  },
  "dd_red": 0.8341458667066037,
  "g4": {
   "real": {
    "sharpe": 1.3766171168937025,
    "maxDD": -5626.706638691374,
    "calmar": 0.9121484073773449,
    "totPnL": 5636.256418139183,
    "pct_pos": 39.91683991683992
   },
   "calmar_pctile": 0.2,
   "maxDD_pctile": 7.000000000000001,
   "calmar_dist": [
    1.6406060375207887,
    2.1163989795739195,
    2.5927604783262805
   ],
   "maxDD_dist": [
    -5131.250809964806,
    -4435.755411132359,
    -4024.7487715246016
   ],
   "placebo_mean_scale": 0.8812696415738626
  },
  "folds_better": 6,
  "folds_eval": 7,
  "lofo": [
   [
    2.0,
    0.8341458667066148,
    -0.3321633100901218,
    -0.32813796334605716
   ],
   [
    3.0,
    0.8341458667065815,
    -0.8030550240328105,
    -0.5847689710211839
   ],
   [
    4.0,
    0.8341458667065704,
    -0.8574066468682313,
    -0.6692319927054868
   ],
   [
    5.0,
    5.4806183482005615,
    -2.036342784309441,
    -0.31200171648948594
   ],
   [
    6.0,
    2.0399283901947785,
    -0.8654979926304518,
    -0.5951697861006757
   ],
   [
    7.0,
    0.8341458667066037,
    -0.911666425317819,
    -0.5337608049017841
   ],
   [
    8.0,
    0.8341458667066037,
    -0.698555790494614,
    -0.7175175060175766
   ]
  ],
  "g6": {
   "sharpe_diff_ci": [
    -1.063022768418316,
    -0.10369534772361398,
    -0.4688049228551601
   ],
   "pnl_diff_ci": [
    -10754.24719186173,
    -640.2057154137908,
    -4721.168507652679
   ]
  }
 },
 "S44": {
  "label": "S44",
  "base": {
   "sharpe": 1.8430302009868904,
   "maxDD": -4170.046073018867,
   "calmar": 2.103307329744295,
   "totPnL": 25619.80527278561,
   "pct_pos": 44.84914803814288
  },
  "throttle": {
   "sharpe": 1.886403559288141,
   "maxDD": -3362.8944197656438,
   "calmar": 1.9323002374830731,
   "totPnL": 18981.043116429973,
   "pct_pos": 44.84914803814288
  },
  "dd_red": 19.355940896568878,
  "g4": {
   "real": {
    "sharpe": 1.886403559288141,
    "maxDD": -3362.8944197656438,
    "calmar": 1.9323002374830731,
    "totPnL": 18981.043116429973,
    "pct_pos": 44.84914803814288
   },
   "calmar_pctile": 30.0,
   "maxDD_pctile": 75.2,
   "calmar_dist": [
    2.0723161217741843,
    2.551243068117089,
    3.0024096936227953
   ],
   "maxDD_dist": [
    -3604.115086629301,
    -3058.3786403611516,
    -2706.8061866625894
   ],
   "placebo_mean_scale": 0.8490461346973804
  },
  "folds_better": 7,
  "folds_eval": 8,
  "lofo": [
   [
    1.0,
    11.442974670520844,
    -0.5745669295241851,
    0.10747855320398436
   ],
   [
    2.0,
    25.486036179288785,
    0.006126817804587681,
    -0.028280040651031957
   ],
   [
    3.0,
    19.355940896568878,
    -0.10348023961458064,
    0.038762198169936646
   ],
   [
    4.0,
    19.355940896568878,
    -0.21527431569315247,
    0.0547006368256191
   ],
   [
    5.0,
    19.355940896568878,
    -0.08892333334989067,
    0.05779114721398293
   ],
   [
    6.0,
    19.355940896568878,
    -0.20634086987426814,
    0.0656812539358258
   ],
   [
    7.0,
    19.355940896568878,
    -0.2481396161852898,
    -0.028926390008638947
   ],
   [
    8.0,
    19.355940896568878,
    -0.19622542982179647,
    0.09025557132173567
   ]
  ],
  "g6": {
   "sharpe_diff_ci": [
    -0.13200624582477793,
    0.29932288988017414,
    0.05155966590247476
   ],
   "pnl_diff_ci": [
    -13345.051164056167,
    -370.33912449647516,
    -6629.0795034749135
   ]
  }
 }
}