gross_sh,net_sh,ci_lo,ci_hi,gross_bps,net_bps,sym_pos_frac,drop2_net_sh,folds_pos,placebo_p95,autocorr,P1,P2,P3,P4,PASS
0.7845973524861672,0.24947185522326468,-2.0749397094784974,2.4662865428083802,1.2892823974980372,0.4099793291858232,0.5476190476190477,0.659101096817494,4,-2.232561453588346,-0.027305725668913792,False,True,False,False,False
