sharpe_causal,sh_lo,sh_hi,folds_positive,p1_95,p2_95,p1_pass,p2_pass,p1_edge,p2_edge
0.6048048605742549,-1.5343605136300287,2.6431155796022647,4,1.9586741973305233,1.6123827420893924,False,False,-1.3538693367562684,-1.0075778815151375
