sub,sharpe,sh_lo,sh_hi,folds_pos,overall_ic,n_traded
A,0.17559097878616653,-2.1998440946568683,2.290144147317683,3,-0.0017146220818711627,1421
B,1.4952039304322806,-0.6912981853661838,3.6083627672067378,6,-0.0017146220818711627,1397
