nested,ci_lo,ci_hi,fp,top5pct,ceiling,fixed,randexit_p95,randpool_p95,all_pass
-0.6672022576268245,-2.8857772938994675,1.6272280908771515,-0.6672022576268245,-3.2063621901534187,-0.6044534801855621,0.7737050149838284,-0.3309394306139209,-2.2852268738269044,False
