tree
version=v4
num_class=1
num_tree_per_iteration=1
label_index=0
max_feature_idx=105
objective=binary sigmoid:1
feature_names=Column_0 Column_1 Column_2 Column_3 Column_4 Column_5 Column_6 Column_7 Column_8 Column_9 Column_10 Column_11 Column_12 Column_13 Column_14 Column_15 Column_16 Column_17 Column_18 Column_19 Column_20 Column_21 Column_22 Column_23 Column_24 Column_25 Column_26 Column_27 Column_28 Column_29 Column_30 Column_31 Column_32 Column_33 Column_34 Column_35 Column_36 Column_37 Column_38 Column_39 Column_40 Column_41 Column_42 Column_43 Column_44 Column_45 Column_46 Column_47 Column_48 Column_49 Column_50 Column_51 Column_52 Column_53 Column_54 Column_55 Column_56 Column_57 Column_58 Column_59 Column_60 Column_61 Column_62 Column_63 Column_64 Column_65 Column_66 Column_67 Column_68 Column_69 Column_70 Column_71 Column_72 Column_73 Column_74 Column_75 Column_76 Column_77 Column_78 Column_79 Column_80 Column_81 Column_82 Column_83 Column_84 Column_85 Column_86 Column_87 Column_88 Column_89 Column_90 Column_91 Column_92 Column_93 Column_94 Column_95 Column_96 Column_97 Column_98 Column_99 Column_100 Column_101 Column_102 Column_103 Column_104 Column_105
feature_infos=none [-272.44834078535303:63.767051810583162] [-0.1253674029890178:262.45574279589823] [-0.36731130773290099:2.7480219507945889] [-0.33308670996735112:22.491186804344164] [-38.309539594663143:31.996603543628822] [-0.92440959456186345:17.640409267552258] [-27.881325031092299:44.901974623371466] [-197.79809682090149:148.16248480011581] [-0.13378048394938694:190.88399062218102] [-0.50223846938352723:2.0236459322024922] [-0.43407019406925879:16.940605076616432] [-26.411344866095078:25.158444222588312] [-1.1122232174475009:14.107917041818203] [-21.870805362317537:32.497211075155349] [-158.29728706372686:158.31016881275249] [-0.18200246763016178:148.86476893659096] [-0.73860353892648989:1.4021900263552594] [-0.5848455142675606:13.490197601800231] [-24.819499855936815:24.80222572446684] [-1.3398301020919658:11.085658644891661] [-23.641898507510152:24.701572838922395] [-110.49330243784114:109.78181446945928] [-0.23627347299633139:101.30395352797585] [-1.011383638543967:1.0671127943469658] [-0.73068698541177657:10.487837685901136] [-17.396969687929822:17.643042341339576] [-1.5112092375684907:9.4968608821155218] [-16.798485510053244:18.829747037590071] [-85.370266008121547:84.826973577194579] [-0.32847200566305357:73.647903621687391] [-1.3647035024813263:0.88134797377354046] [-0.91231718162156716:10.772684730292994] [-12.263515035959292:12.23219737763575] [-1.7142366601157764:6.8991652367748495] [-12.005124208229361:13.248671179650808] [-80.463902742844994:80.082400030742022] [-0.37541725961139261:71.879089194389763] [-1.7417194840454941:0.93986877853459694] [-1.2089427968792987:8.7622871580134962] [-9.3333718757319808:10.053076962649129] [-2.0176649024103677:5.8491301375749023] [-9.4182515539765923:10.231343209568767] [-55.435669595389626:55.517165774467614] [-0.45052399890645772:48.536006058902444] [-1.6961724613679934:1.265732997170534] [-1.4733029820453838:9.2184172419814132] [-8.5463002363505787:8.703713188761558] [-2.2350050245638533:5.6403571194756541] [-8.4963601217976947:8.7286769585542796] [-0.85555311077492835:27.28172378203525] [-18.924086657338556:19.539123527042133] [-0.58991967713130578:52.337283196794907] [-0.061625728591488779:26.23207039755458] [-0.32258087190029699:85.449327439195898] [-148.70181385943701:52.260899584493593] [-90.779119706364867:31.903323478631265] [-84.32580995243984:97.385720353371923] [-58.72432805891421:55.255961472219177] [-32.296792473808992:30.395432937556897] [-1.5693127490300325:1.5357942167490397] [-0.57774843255735497:31.98394735159382] none none [-0.54096091050352657:1.8485624018088118] [-1.098938350930786:0.90996915264507161] [-1.947607940328602:0.51345036097484964] none [-0.1327279267187049:60.099268237796458] [-0.083882853659586129:11.921387463218517] [-0.12658310789909571:7.8999482364030973] [-0.22033774983345597:4.5384869399897587] [-0.76581435292306987:21.415430544997008] [-0.53435061085682034:40.994613439524883] [-0.30729192745555228:84.647399178123365] [-0.20656813046118613:88.045591186144421] [-0.15726523024556599:150.58739840787908] [-0.081621680609126557:76.949018291113077] [-0.56896191889094716:57.685296825543951] [-37.918760429713373:22.204043270869857] [-49.479689583357839:28.658484965797236] [-70.383612105476033:40.366869088247817] [-0.2325521141077953:4.3001114130663831] [-0.19702727763876393:5.0754393603622896] [-0.17858867707231973:5.599459139280949] [-0.26102840724531551:111.08006290293184] [-0.17636336301690511:132.34440257445885] [-0.10000542635057087:283.78075406643319] [-0.19573892354146216:121.69652014992192] none none none [-1.9058659219555909:1.0726176656841508] [-0.033986094019403633:580.08077242406739] [-26.232070397554498:0.061625728591631158] none [-0.89102520693128162:1.3791925470985549] [-0.59074183056940988:1.7909283341230484] [-0.39482830140203812:2.5706170964324073] [-0.26516674540856305:114.57190030971827] [-0.18918240615000292:130.22412084061838] [-0.12982614288400185:253.23107463986179] [-0.16405229009423503:6.0956174365102047] [-2.0908223637312418:1.6498112502684308] [-0.28358631496825387:57.171549784834724] none
tree_sizes=1737 1794 1794 1788 1781 1790 1801 1793 1780 1803 1795 1798 1795 1806 1794 1797 1807 1807 1790 1798 1793 1801 1807 1795 1798 1799 1798 1804 1812 1808 1821 1799 1815 1803 1810 1808 1799 1799 1806 1802 1804 1808 1805 1797 1805 1825 1811 1812 1805 1809 1809 1801 1798 1817 1813 1815 1809 1802 1797 1791 1792 1808 1806 1794 1801 1800 1800 1801 1799 1816 1813 1806 1811 1810 1598 1802 1803 1783 1786 1796 1668 1814 1804 1804 1825 1810 1799 1807 1813 1802 1809 1684 1801 1798 1804 1785 1576 1820 1811 1789 1564 1795 1695 1471 1827 1798 1811 1798 1797 1814 1804 1577 1803 1801 1805 1683 1811 1811 1803 1781 1800 1795 1810 1799 1808 1813 1808 1809 1819 1807 1815 1454 1807 1820 1808 1800 1575 1694 1686 1575 1811 1807 1805 1788 1800 1807 1798 1475 1823 1785 1803 1785 1809 1563 1685 1799 1803 1802 1781 1799 1777 1820 1806 1814 1796 1806 1810 1705 1806 1827 1805 1783 1802 1794 1802 1814 1806 1805 1669 1812 1804 1569 1681 1811 1820 1562 1800 1794 1805 1797 1807 1801 1825 1796 1695 1579 1811 1812 1704 1789

Tree=0
num_leaves=15
num_cat=0
split_feature=52 68 93 99 52 81 92 52 78 99 37 93 36 8
split_gain=1204.22 622.333 396.853 158.746 89.9959 44.5931 33.7707 31.7239 27.9306 8.56279 8.029 5.26012 3.72859 3.12464
threshold=-0.094057945206209526 -0.13272344423043939 -0.014158923935621978 -0.19193930038882093 -0.58983697837681526 -0.010434025592707915 0.7952649120517159 -0.2522211821611608 0.37211742666954101 0.45699220140562663 4.6276329553246134 0.0056689515057017853 -0.03651057759989524 2.312824887949176
decision_type=2 2 2 2 2 2 2 2 2 2 2 2 2 2
left_child=1 3 7 4 -1 -5 8 -3 9 -2 13 -4 -10 -8
right_child=6 2 11 5 -6 -7 10 -9 12 -11 -12 -13 -14 -15
leaf_value=-4.7107631968724046 -4.7273477273084668 -4.4206600445026067 -4.6537130376921718 -4.6299157190165081 -4.6805044796606996 -4.666486563424189 -4.7434632795628229 -4.6899504330665689 -4.7034487507202405 -4.6978906952016866 -4.6900247350265314 -4.6929538562308339 -4.6455664834415025 -4.6989332326919442
leaf_weight=365.603102640016 165.17054744041525 30.463989734766074 10.652006054529918 113.40091536135878 708.07275561650749 429.87927118211519 942.69834613692365 1.895035998430102 1.9680793511215595 27.252645620668773 3.7691133590415111 21.851804007601459 4.8161953512462778 3.5612535247928454
leaf_count=41135 22614 8018 2873 13246 82526 49996 120530 581 507 3876 475 6163 1247 468
internal_value=-4.69975 -4.67285 -4.53172 -4.67951 -4.69081 -4.65773 -4.739 -4.43038 -4.71889 -4.72329 -4.74298 -4.67227 -4.65452 -4.74329
internal_weight=2831.06 1681.82 64.8628 1616.96 1073.68 543.28 1149.24 32.359 199.207 192.423 950.029 32.5038 6.78427 946.26
internal_count=354255 204538 17635 186903 123661 63242 149717 8599 28244 26490 121473 9036 1754 120998
is_linear=0
shrinkage=1


Tree=1
num_leaves=15
num_cat=0
split_feature=52 98 52 52 79 93 73 92 104 99 43 103 9 103
split_gain=1093.61 251.619 86.6645 249.392 83.354 37.1439 22.7162 18.9704 18.3722 8.56564 8.04483 6.9172 5.61484 2.52722
threshold=-0.094057945206209526 -0.36107198805000812 -0.58983697837681526 -0.50779981392222961 0.2848282231628862 -0.0082028037535099661 0.30796278276565892 0.7952649120517159 -0.046652135684546701 0.57866347753943137 2.3232814841098381 1.5183242098814465 3.36631805660023 0.065206617063003347
decision_type=2 2 2 2 2 2 2 2 2 2 2 2 2 2
left_child=1 2 4 -4 -1 6 -3 9 -7 11 12 -2 -9 -11
right_child=7 5 3 -5 -6 8 -8 10 -10 13 -12 -13 -14 -15
leaf_value=-0.0061547897029777775 -0.029389584269287096 0.11710296683070009 0.18364550869172769 0.021441334300230704 0.062991482119036199 0.055193859701422925 0.034550732390674348 -0.043299185228165928 -0.0052244480045012844 -0.0083725304242704118 0.011604902695685664 0.0090356027977532595 0.0064795641942030817 0.015751593959377901
leaf_weight=465.21713791787624 162.36251235363306 68.454493415949401 14.503552038571796 1031.5619557346217 37.985202577663586 65.826134147879202 21.434190527943429 906.86176053350209 13.129218226706142 14.43629684491316 2.9646099998499258 8.1760635990649444 3.2535059840301974 9.9809406704734993
leaf_count=52446 23528 10003 2318 119870 4447 8890 2773 120772 3090 2087 385 1154 433 1452
internal_value=-0.001053 0.0238803 0.0172711 0.0254079 0.000190563 0.0801683 0.102848 -0.0395822 0.0456892 -0.0233772 -0.0427515 -0.0271489 -0.0430527 0.00320008
internal_weight=2826.15 1718.11 1549.27 1046.07 503.202 168.844 89.8887 1108.04 78.9554 194.956 913.08 170.539 910.115 24.4172
internal_count=353648 203837 179081 122188 56893 24756 12776 149811 11980 28221 121590 24682 121205 3539
is_linear=0
shrinkage=0.05


Tree=2
num_leaves=15
num_cat=0
split_feature=52 68 93 52 92 78 78 92 78 49 99 75 34 47
split_gain=1003.93 455.791 200.561 106.068 227.467 83.1683 37.5251 19.0852 20.6934 8.9815 7.08158 6.89488 6.62899 2.85319
threshold=-0.094388740224171527 -0.1327230455476264 -0.0082028037535099661 -0.58983697837681526 0.079689905205449524 -0.56887089661165879 -0.5016964544969823 0.7952649120517159 0.42491034865668514 0.066944026720143629 0.16958896548685512 4.5184146459066907 -1.5207233287802795 0.029137472110340661
decision_type=2 2 2 2 2 2 2 2 2 2 2 2 2 2
left_child=1 3 6 5 -5 -1 -3 8 10 -4 -2 12 -9 -10
right_child=7 2 9 4 -6 -7 -8 11 13 -11 -12 -13 -14 -15
leaf_value=-0.011158550661615418 -0.030789832484267754 0.01854381663679212 -0.0086371107660870843 0.052913662031462166 0.0072961981221863663 0.035995419698023473 0.19952093306480501 0.0044129024649604718 -0.0017773939030173158 0.036907433596671944 -0.0057976141444931791 0.0057221289604390503 -0.042253072022025571 0.045359798705599717
leaf_weight=432.8998084035702 143.30712779302849 5.3299067261978044 12.840946687210819 448.10573194932658 686.83016562502598 108.54854643112049 44.204009095148649 5.8607924251700743 3.2752232342609195 17.014631501224358 41.346057629620191 5.3930439424002534 864.7397368097445 3.2981262694811448
leaf_count=48406 20751 915 3285 49349 76801 11840 8591 1017 783 4641 6020 948 119766 889
internal_value=-0.000244452 0.0229634 0.133113 0.0169886 0.0256121 -0.0012239 0.186433 -0.0382844 -0.0220566 0.0200665 -0.0257791 -0.041538 -0.0418924 0.0349721
internal_weight=2822.99 1755.77 79.3895 1676.38 1134.94 541.448 49.5339 1067.22 191.227 29.8556 184.653 875.994 870.601 6.57335
internal_count=354002 203828 17432 186396 126150 60246 9506 150174 28443 7926 26771 121731 120783 1672
is_linear=0
shrinkage=0.05


Tree=3
num_leaves=15
num_cat=0
split_feature=52 78 100 59 48 51 92 78 104 92 101 2 47 27
split_gain=925.398 300.026 143.742 87.7737 60.7025 42.7052 35.5801 27.9284 22.932 8.86596 6.34411 5.58633 4.94838 3.72199
threshold=-0.094057945206209526 -0.022737220882581812 -0.15037524678347916 0.5277386737225026 -0.31902715211032723 1.1686350807707588 0.7952649120517159 0.37211742666954101 -0.25609809253955035 -1.4859615124776233 1.4572509407682805 3.9004924261401337 -0.14435404222268411 -1.4067022427613638
decision_type=2 2 2 2 2 2 2 2 2 2 2 2 2 2
left_child=1 2 4 8 -1 -4 7 10 -3 -5 -2 13 -9 -8
right_child=6 3 5 9 -6 -7 11 12 -10 -11 -12 -13 -14 -15
leaf_value=0.021242146169141926 -0.023847854301182331 0.03561792497583828 0.051607449907863846 -0.01069154253610682 0.00019023625509015948 -0.0082304139961830603 -0.001268933965210908 -0.004570670256141547 0.14949734503146225 0.040237549263376554 0.01407103444155774 0.0051831453184466312 0.057462523637231144 -0.043263479750553981
leaf_weight=582.60825611691689 173.99242551595671 12.985836292617021 289.96795381815173 15.857147794682534 811.52599391702097 30.292134803486988 5.9271867796196593 2.3582680391846225 50.000940947968047 3.2706946110120034 5.4267911264905697 4.0136872223229139 4.6631554634077466 829.45442453504074
leaf_count=65514 25765 1474 34108 1711 90572 3328 962 554 7078 491 779 556 1194 120046
internal_value=-0.000603818 0.0210017 0.0161758 0.109062 0.00907645 0.0458698 -0.0382782 -0.0172299 0.134116 0.00884128 -0.0220186 -0.0426954 0.0461828 -0.0429841
internal_weight=2822.34 1796.51 1714.39 82.1146 1394.13 320.26 1025.84 186.441 62.9868 19.1278 179.419 839.395 7.02142 835.382
internal_count=354132 204276 193522 10754 156086 37436 149856 28292 8552 2202 26544 121564 1748 121008
is_linear=0
shrinkage=0.05


Tree=4
num_leaves=15
num_cat=0
split_feature=92 68 100 92 92 51 92 58 100 37 81 60 29 87
split_gain=868.994 317.649 106.31 71.985 67.0883 34.5104 26.366 24.094 13.9528 7.88077 7.11399 6.4058 5.07438 4.30879
threshold=0.65086539016556288 -0.13272344423043939 -0.15187529505258171 -0.42800804487239635 -1.9028887388535494 1.1686350807707577 0.78483575598371169 -0.40560292414866078 0.71748655684646734 4.6276329553246134 -2.3189086107605372 1.4906594968639739 0.043168801420626082 2.005602821433369
decision_type=2 2 2 2 2 2 2 2 2 2 2 2 2 2
left_child=1 2 4 7 -1 -4 8 -3 13 10 -8 -5 -10 -2
right_child=6 3 5 11 -6 -7 9 -9 12 -11 -12 -13 -14 -15
leaf_value=-0.0055625016677711778 -0.023207155692427255 0.0002994811348132633 0.048048965737609944 0.057457386784989087 0.017596634900083966 -0.0026493970390573268 -0.00031812919076446868 0.16180958547734345 -0.0069599255639462001 0.011301952621090404 -0.041310057265739858 -0.0046453455476007299 0.034751633175471724 0.014183059808454371
leaf_weight=454.13945528515615 156.9108443048317 2.4678631315473458 275.16467690095305 53.632665334851481 966.83522120630369 36.895818465040065 10.882608006591907 36.864840295398608 7.6679158507031371 3.4347334457561365 797.64515680703335 2.9137527973507522 7.7070715433219448 1.738954348489641
leaf_count=50494 24211 358 28020 10940 103936 3913 1605 5540 1168 476 120787 670 1170 250
internal_value=0.00103884 0.0214083 0.01617 0.105621 0.0102079 0.0421586 -0.0365801 0.153791 -0.0174686 -0.0404139 -0.0407689 0.0540401 0.0194042 -0.0219806
internal_weight=2814.9 1828.91 1733.04 95.8791 1420.97 312.06 985.987 39.3327 174.025 811.962 808.528 56.5464 15.375 158.65
internal_count=353538 203871 186363 17508 154430 31933 149667 5898 26799 122868 122392 11610 2338 24461
is_linear=0
shrinkage=0.05


Tree=5
num_leaves=15
num_cat=0
split_feature=92 68 93 99 48 92 92 92 36 100 86 47 1 41
split_gain=817.378 234.162 112.207 83.1706 49.9672 44.5278 23.5321 18.7678 10.1634 8.19077 6.72489 4.15857 3.45663 2.73543
threshold=0.65086539016556288 -0.1327230455476264 0.0044997295955451896 -0.24437962100408925 -0.21565127671124065 -1.9028887388535494 0.7952649120517159 0.47070392566134761 0.70809162482950716 0.65714664343012763 0.90226646553165402 -0.02043153198480941 2.8440615188767713 1.2342438693213167
decision_type=2 2 2 2 2 2 2 2 2 2 2 2 2 2
left_child=1 3 7 5 -5 -1 9 -3 12 10 -2 -4 -8 -11
right_child=6 2 11 4 -6 -7 8 -9 -10 13 -12 -13 -14 -15
leaf_value=-0.0094298066092970492 -0.024644591505622159 0.12487120381954786 -0.013613451175662348 0.044851366035564048 0.017461814456704704 0.012790964564499808 -0.042054075200204606 0.013985794047576862 -0.0076701162753102558 0.017694544415472736 0.013301214788328018 0.015708071365350542 0.00382485073725773 -0.011168870400287065
leaf_weight=322.87983328290284 153.89522297686199 69.192354865837842 12.111577522067821 265.90080824808683 480.64554089121521 694.92685312649701 745.50812140185735 6.8621465370524666 27.554638304602122 13.511110999039376 6.4793263325700527 17.152480796794407 2.5225039282231583 4.434337962709832
leaf_count=36467 24475 9214 2850 27169 49476 73648 117095 1358 4439 2087 994 4108 387 615
internal_value=0.000526714 0.0197215 0.0888857 0.0151153 0.0276812 0.00571868 -0.0369097 0.117654 -0.0407497 -0.0189312 -0.0224208 0.00319626 -0.0418509 0.00911788
internal_weight=2823.58 1869.67 105.319 1764.35 746.546 1017.81 953.905 76.0545 775.585 178.32 160.375 29.2641 748.031 17.9454
internal_count=354382 204290 17530 186760 76645 110115 150092 10572 121921 28171 25469 6958 117482 2702
is_linear=0
shrinkage=0.05


Tree=6
num_leaves=15
num_cat=0
split_feature=92 68 93 99 92 9 99 49 57 93 93 44 81 54
split_gain=741.333 189.425 116.079 74.1531 43.3345 27.5534 9.61476 8.01073 7.77078 6.82446 11.0529 3.89364 3.84436 3.14903
threshold=0.74506695093669573 -0.13272344423043939 -0.0082028037535099661 -0.12361139373720187 -1.9028887388535494 -0.12048728782120759 1.3829847675823457 0.16537281003644075 -0.70853352997542962 0.005730141886440541 -0.029575142829609723 0.68677388959007712 -2.3189086107605372 -0.20631955420624468
decision_type=2 2 2 2 2 2 2 2 2 2 2 2 2 2
left_child=1 3 8 4 -1 -5 9 -4 -3 10 -2 13 -11 -8
right_child=6 2 7 5 -6 -7 11 -9 -10 12 -12 -13 -14 -15
leaf_value=-0.0075773135919969597 -0.031878341777073771 0.0067495474329875363 -0.014918051108267261 0.019344319695161233 0.011979435318927355 0.044189864639404317 0.020973229590812256 0.021236177881134691 0.10868321409124614 -0.0053842647180944482 0.0048711880096993527 -0.019690933936752572 -0.043145140776648203 -0.01129717757887057
leaf_weight=401.24763498338871 135.93180376262171 3.3143626173259682 20.303901479521301 376.21094183460809 909.7940222635516 172.40296361164656 8.35374668962322 21.448041141731665 78.602558480517473 9.9032707686128543 20.961105962196598 14.546217304363379 646.24519577770843 4.7023299667052951
leaf_count=44898 20382 416 5061 37850 96126 17391 1365 5431 9759 1505 5640 2232 105364 786
internal_value=6.43447e-05 0.0167404 0.0743272 0.0125338 0.00598199 0.0278034 -0.0390136 0.00416914 0.105742 -0.0400007 -0.0269709 -0.00703402 -0.0426646 0.00949175
internal_weight=2823.97 1983.32 123.669 1859.66 1311.04 548.614 840.644 41.7519 81.9169 813.041 156.893 27.6023 656.148 13.0561
internal_count=354206 216932 20667 196265 141024 55241 137274 10492 10175 132891 26022 4383 106869 2151
is_linear=0
shrinkage=0.05


Tree=7
num_leaves=15
num_cat=0
split_feature=92 68 93 80 58 98 92 58 100 37 49 75 29 34
split_gain=676.324 194.949 80.7046 63.0243 83.3228 44.8035 23.3857 15.261 10.6403 6.555 5.76111 5.2297 4.11123 3.4922
threshold=0.65086539016556288 -0.13272344423043939 -0.016132833687190609 0.16900551632178754 1.0000000180025095e-35 0.098783511314971845 0.79720633035448629 -0.369241811237564 0.23410352284278635 0.16713932896314251 0.16537281003644075 1.9648228996440371 0.14588024574731687 -1.5207233287802795
decision_type=2 2 2 2 2 2 2 2 2 2 2 2 2 2
left_child=1 3 7 4 -1 -5 8 -3 9 -2 -4 13 -10 -8
right_child=6 2 10 5 -6 -7 11 -9 12 -11 -12 -13 -14 -15
leaf_value=0.033487313587828832 -0.028342609026062726 0.0061528887719494128 -0.0038341708866468567 0.0022661385370652833 -0.011315061642416184 0.040616721830748728 0.00014317706326264472 0.10677045821464522 -0.0070787443203426358 -0.0014416224191392138 0.028129188176399634 -0.005669530288944246 0.022961803513103854 -0.041250007506009996
leaf_weight=500.51836490049027 118.72594874416245 5.2689729570411137 21.04286882764427 1110.3675797985634 124.92751680815127 71.898864919319749 5.0629698293341781 75.116343055386096 17.315818303322889 28.825275480048731 22.728076084225904 14.192710833187446 11.061161871824877 695.122795794392
leaf_count=51735 19484 597 4471 114938 12988 6598 994 7765 2982 4584 4794 2894 1727 117376
internal_value=-0.000429878 0.0161793 0.0744166 0.011792 0.0245012 0.00491951 -0.0362493 0.101586 -0.0183628 -0.0235124 0.0149075 -0.0403399 0.00756288 -0.0409529
internal_weight=2822.18 1931.87 124.156 1807.71 625.446 1182.27 890.307 80.3853 175.928 147.551 43.7709 714.378 28.377 700.186
internal_count=353927 203886 17627 186259 64723 121536 150041 8362 28777 24068 9265 121264 4709 118370
is_linear=0
shrinkage=0.05


Tree=8
num_leaves=15
num_cat=0
split_feature=52 78 99 52 103 52 78 75 52 78 5 40 43 52
split_gain=603.407 194.474 106.36 52.419 49.1559 35.6034 38.9831 13.6734 9.65035 8.15951 8.00829 6.67318 5.42276 2.59504
threshold=0.071339563774809864 0.15930733769377722 -0.12331876207964057 -0.34537946010286852 -0.43961762104530644 -0.58983697837681526 0.34135189627013635 1.7644158857879126 0.187531313833976 0.46878308727358764 -1.3537464065865994 0.29649813549000897 2.3232814841098381 0.48532952875430146
decision_type=2 2 2 2 2 2 2 2 2 2 2 2 2 2
left_child=1 2 3 -1 -4 6 -3 8 9 -2 -7 -9 -10 -13
right_child=7 5 4 -5 -6 10 -8 11 12 -11 -12 13 -14 -15
leaf_value=0.0066259488598663764 -0.022554037232678435 0.010087830105970669 0.011354000712373892 -0.02218434646404753 0.040865210071839728 0.00027375129135491478 0.096757520215475429 -0.017265643609821454 -0.040509813345500079 0.023275106237280824 0.10999025666888868 0.03226803679632647 0.0089173509943640695 -0.0059130392227760235
leaf_weight=1171.7106963092228 82.461345788848121 44.451555154286325 260.75161194277462 172.35323618189432 326.68312338617397 1.7633936632191751 10.131736880633978 10.807730595639443 672.03376965111238 2.7831634859903707 48.364944931236096 6.1278591770678741 2.2909026369452468 2.4555845937866252
leaf_count=124289 13638 4240 26489 20835 33706 203 884 2230 118462 705 5791 1069 348 574
internal_value=0.000112382 0.0144351 0.0106193 0.00279497 0.028175 0.0777601 0.0386663 -0.0370358 -0.0380827 -0.0187711 0.106818 0.00297726 -0.040214 0.024041
internal_weight=2815.17 2036.21 1931.5 1344.06 587.435 104.712 54.5833 778.96 759.569 85.2445 50.1283 19.3912 674.325 8.58344
internal_count=353463 216437 205319 145124 60195 11118 5124 137026 133153 14343 5994 3873 118810 1643
is_linear=0
shrinkage=0.05


Tree=9
num_leaves=15
num_cat=0
split_feature=92 68 92 92 50 93 93 93 100 36 80 92 47 101
split_gain=582.4 115.565 80.2009 171.927 61.575 46.7163 26.4654 47.1086 14.1202 13.4063 10.1254 6.38304 5.8837 5.23468
threshold=0.65086539016556288 -0.1327230455476264 -1.9028887388535494 0.079689905205449524 0.13629895038164588 -0.02921796340532103 -0.0023253741023847203 -0.029575142829609723 -0.097575463585731395 0.24866198158672395 -0.60454068942645001 0.79720633035448629 -0.21870754836540851 0.75225353962034691
decision_type=2 2 2 2 2 2 2 2 2 2 2 2 2 2
left_child=1 2 4 -4 -1 10 7 9 -7 -2 -3 13 -9 -8
right_child=6 5 3 -5 -6 8 11 12 -10 -11 -12 -13 -14 -15
leaf_value=-0.013015383085788829 -0.031168400981743938 0.0075616654250652881 0.040129436705039614 0.0029578642694599883 0.025402816439705184 0.0047201605416115344 -0.027636334758505538 -0.00075957727426792217 0.046141215079917142 0.0065579081508256231 0.093993912334666196 -0.041883625228837623 0.062300586906345073 0.0070307258541059976
leaf_weight=442.2537184599787 117.56004015993676 5.5246933669550335 519.71790324989706 757.87623166211415 125.75884239003062 42.600084023200907 119.93737944343593 4.2402100421022633 35.030179860477801 25.088660541223362 54.227008468704298 545.69736699882196 10.11673773944494 7.9690865822485639
leaf_count=46876 19301 526 49259 76809 13072 6854 20374 1022 5651 3937 4518 101231 2699 1296
internal_value=0.00011644 0.0148377 0.0113661 0.0182733 -0.00421721 0.0575401 -0.0347873 -0.0149891 0.0265437 -0.0245383 0.0882321 -0.0391152 0.0510108 -0.0251232
internal_weight=2813.6 1982.99 1845.61 1277.59 568.013 137.382 830.609 157.006 77.6303 142.649 59.7517 673.604 14.3569 127.906
internal_count=353425 203565 186016 126068 59948 17549 149860 26959 12505 23238 5044 122901 3721 21670
is_linear=0
shrinkage=0.05


Tree=10
num_leaves=15
num_cat=0
split_feature=52 78 52 79 74 58 58 93 78 74 76 93 81 61
split_gain=558.024 151.429 76.0643 78.8879 33.3874 28.6316 10.4821 10.011 25.7707 8.77608 7.02905 6.51317 3.554 2.5384
threshold=0.071339563774809864 0.15912529313520088 -0.34537946010286852 -0.25246859584917652 -0.041808517750618376 1.0000000180025095e-35 -0.369241811237564 -0.0025435115924850962 0.39614730840162043 -0.1750811894224952 3.3030768229413368 -0.032424046551125789 -3.8584414614290528 -0.55430641938804814
decision_type=2 2 2 2 2 2 2 2 2 2 2 2 2 2
left_child=1 2 3 -1 -4 6 -3 8 9 -2 12 -7 -9 -10
right_child=7 5 4 -5 -6 11 -8 10 13 -11 -12 -13 -14 -15
leaf_value=0.03007668076566954 -0.0330664625295881 0.0069716366208287181 -0.024119537652868922 0.0068512387794985464 0.013488797928152198 -0.015991071522894106 0.079743855901412475 0.0038752505032162636 -0.0046321758262043312 0.0032238222080299447 0.0069021789425650713 0.028786757264651821 -0.040761588786384181 0.043070885161746272
leaf_weight=527.04703683010302 106.35728800762445 7.3198070956859729 200.23354162758915 1172.5660156692029 74.579415592364967 11.860842051915823 93.953297827451024 2.8211853407847221 1.1992319473065434 17.483470453938935 5.1980883086216627 2.928290002513676 583.56914224475622 7.0362735716043954
leaf_count=53181 18060 770 25164 118227 8801 1222 8944 495 317 3042 1277 328 111938 1981
internal_value=0.000580873 0.013691 0.0102421 0.0141872 -0.013798 0.0668953 0.0755833 -0.0369614 -0.0216576 -0.028085 -0.0399613 0.000911095 -0.0404855 0.0373936
internal_weight=2814.15 2090.49 1974.43 1699.61 274.813 116.062 101.273 723.665 132.076 123.841 591.588 14.7891 586.39 8.23551
internal_count=353747 216637 205373 171408 33965 11264 9714 137110 23400 21102 113710 1550 112433 2298
is_linear=0
shrinkage=0.05


Tree=11
num_leaves=15
num_cat=0
split_feature=52 78 75 58 52 68 68 52 36 93 78 27 75 76
split_gain=509.723 111.854 67.0445 59.0667 22.0974 76.6466 66.5307 17.846 13.3052 9.0643 14.5216 3.85872 3.60792 3.37296
threshold=0.071339563774809864 0.15930733769377722 -0.017060211031045189 1.0000000180025095e-35 -0.58983697837681526 -0.065000728702081165 -0.13271209793213709 -0.24241951076218396 0.61296172502761448 -0.0039561678391423433 0.70525896886427797 -0.3476980287158134 2.3263839284920973 3.3030768229413368
decision_type=2 2 2 2 2 2 2 2 2 2 2 2 2 2
left_child=1 2 3 -1 5 -3 -6 -4 9 10 -2 -10 -13 -11
right_child=8 4 7 -5 6 -7 -8 -9 11 13 -12 12 -14 -15
leaf_value=0.0095415801854485983 -0.026889629505222563 -0.0066324894864532684 0.040312434879994426 -0.019389954516141061 0.16401145501097147 0.10378107600291192 0.040307056507563666 -0.0074174586084825682 0.013417563320213441 -0.041369598431928889 0.026479612488055439 -0.020517097564122354 0.013072803169464436 0.0007192608047434572
leaf_weight=1603.8899407015415 113.78788814716972 47.374954776372761 188.67339083872503 188.68250863818685 8.3986440558219311 12.749406265560536 54.117085002711974 18.583963951095939 9.9751279982447141 535.27389616699656 6.2513773768441743 23.838973544945478 3.0220123462495385 4.4602618482895187
leaf_count=164752 20129 4274 18007 19810 733 856 5270 3334 2068 106887 1728 4331 507 1079
internal_value=0.000432761 0.0126267 0.0096245 0.00640563 0.0571651 0.0282415 0.0772516 0.0358883 -0.0363732 -0.0379914 -0.0222877 -0.00546642 -0.0142167 -0.041015
internal_weight=2819.08 2122.47 1999.83 1792.57 122.64 60.1244 62.5157 207.257 696.61 659.773 120.039 36.8361 26.861 539.734
internal_count=353765 217036 205903 184562 11133 5130 6003 21341 136729 129823 21857 6906 4838 107966
is_linear=0
shrinkage=0.05


Tree=12
num_leaves=15
num_cat=0
split_feature=92 97 48 80 92 51 68 58 75 93 93 81 100 92
split_gain=462.088 72.2663 51.5481 61.8747 27.3978 26.8094 17.9177 15.4633 11.7654 9.07836 13.5173 5.2773 1.21219 0.990006
threshold=0.74506695093669573 -0.58984292719399722 -0.046490753330917102 0.16023902136144744 0.079689905205449524 0.59455731682477564 0.040521300474883004 0.073891193860827944 4.5184146459066907 0.0023162150101810716 -0.029575142829609723 -2.3189086107605372 2.3958263183736226 0.82869747004967387
decision_type=2 2 2 2 2 2 2 2 2 2 2 2 2 2
left_child=1 2 3 -1 7 -6 -4 -3 9 10 -2 -11 13 -10
right_child=8 4 6 -5 5 -7 -8 -9 12 11 -12 -13 -14 -15
leaf_value=0.033747129660812586 -0.027095989728878934 0.03885232685642373 -0.0053273588200656273 0.0048403885038375491 0.022919642420968511 -0.01240949378951103 0.039176834021667641 0.003702015761324829 0.027004451792414497 -5.698568005138189e-05 0.015747210871314265 -0.03990297016228124 -0.0048722373314397834 -0.0025820914888545535
leaf_weight=265.85250174754765 115.85841660120059 311.96612528583501 694.98086179513484 575.66608296369668 171.49247244972503 68.798006334458478 13.448696760344317 37.13035427138675 2.5086105142254373 8.4689856716722698 14.849281718197743 528.39787925654673 1.7295958145114125 1.587524000322446
leaf_count=27522 20814 27389 71222 58131 19524 7406 1642 3445 417 1563 4229 109360 315 422
internal_value=0.00032578 0.0117118 0.00596625 0.0142617 0.0264696 0.0127128 -0.00394895 0.0353209 -0.0354887 -0.0361638 -0.0214555 -0.0392869 0.0158425 0.0218406
internal_weight=2812.74 2139.34 1549.95 841.519 589.387 240.29 708.43 349.096 673.4 667.575 130.708 536.867 5.82573 4.09613
internal_count=353401 216281 158517 85653 57764 26930 72864 30834 137120 135966 25043 110923 1154 839
is_linear=0
shrinkage=0.05


Tree=13
num_leaves=15
num_cat=0
split_feature=92 78 99 58 34 92 78 93 78 78 99 93 99 78
split_gain=409.27 122.046 63.1309 38.6645 29.8228 24.324 25.3138 21.3428 16.2163 13.9235 11.2569 9.34596 7.97613 3.45367
threshold=0.66300442703216012 1.0000000180025095e-35 -0.12361139373720187 1.0000000180025095e-35 0.052087151435886367 -1.9028887388535494 0.34135189627013635 0.0057318999953004475 0.43237417555831587 0.34135189627013635 0.36659171009845121 -0.0082028037535099661 1.6951886249498023 0.27035451842535629
decision_type=2 2 2 2 2 2 2 2 2 2 2 2 2 2
left_child=1 2 3 -1 -4 6 -3 8 10 -7 -2 -10 13 -9
right_child=7 5 4 -5 -6 9 -8 12 11 -11 -12 -13 -14 -15
leaf_value=0.0035924752332901887 -0.027671296981659012 0.0070673659070813388 0.033397202375836051 -0.02417079254785608 0.01078654183539471 0.11030505448491482 0.070991842310821188 -0.024344577977823065 0.042307351817310629 0.044100919613301037 0.0093722354750118662 -0.010422439554716082 -0.00098228871297208458 -0.041775922306047784
leaf_weight=1236.7913979091682 110.28378229099326 54.123599364887923 241.04831388383172 129.43815439206082 384.71093162329635 19.29386622516904 13.304776724893598 85.270390906545799 8.7425352623395174 47.135274731903337 19.585144381679129 9.5126859580050205 14.333351627428781 444.58892814154387
leaf_count=126602 21159 4714 22185 13988 35558 1837 872 18422 2006 3500 3499 2896 2653 93702
internal_value=-0.000773087 0.0101174 0.00686848 0.000805633 0.0198847 0.0546278 0.0272204 -0.0338816 -0.0155672 0.0752459 -0.0218142 0.0208661 -0.0384958 -0.0394736
internal_weight=2818.16 2125.85 1991.99 1366.23 625.759 133.858 67.4284 692.317 148.124 66.4291 129.869 18.2552 544.193 529.859
internal_count=353593 209256 198333 140590 57743 10923 5586 144337 29560 5337 24658 4902 114777 112124
is_linear=0
shrinkage=0.05


Tree=14
num_leaves=15
num_cat=0
split_feature=92 78 30 79 27 59 81 99 54 48 43 77 48 81
split_gain=402.005 92.5768 60.8555 50.5952 24.7504 16.1193 13.0166 12.7589 5.03604 4.92484 4.73555 3.59609 2.95837 2.50082
threshold=0.74506695093669573 0.15930733769377722 0.21257224506970931 -0.37663006496872897 0.16786981233267831 0.97254986677217115 0.97985472900486681 0.57866347753943137 -0.29779244818959477 -0.98862089049077462 0.45353637365520888 2.337231384113045 0.46334026852366922 -0.33987052445727944
decision_type=2 2 2 2 2 2 2 2 2 2 2 2 2 2
left_child=1 2 3 -1 -4 6 -3 10 12 -10 11 -2 -9 -12
right_child=7 5 4 -5 -6 -7 -8 8 9 -11 13 -13 -14 -15
leaf_value=0.017886465735102903 -0.038856144773758011 0.061998777879740986 0.041418823687259847 -0.0017240678191765412 0.013866643106749024 -0.002457557818441352 0.014149472778877431 0.025231545966482766 0.013028868780834944 -0.022371555113292838 0.0087578074141754173 0.005180401271621499 -0.0077651134259472138 -0.018314600033532174
leaf_weight=433.63518374826526 530.48384142536088 96.710587270499673 143.82783730258234 1266.1610935106291 207.80686007835902 12.985226228134705 24.555342169012874 5.0438817769172584 5.0552058172470415 46.640332358394517 4.4248828009876879 2.4457930568605653 5.8793719034292735 30.094198730628705
leaf_count=43934 116236 7839 13855 128041 19759 1272 1938 1040 1179 9377 945 949 1110 6536
internal_value=-6.52762e-05 0.0100993 0.00733786 0.00335413 0.0259699 0.0488619 0.0541257 -0.0349328 -0.0112189 -0.0173591 -0.03731 -0.0385624 0.0122483 -0.0136566
internal_weight=2815.75 2185.68 2051.43 1699.8 351.635 134.251 121.266 630.068 62.6188 51.6955 567.449 532.93 10.9233 34.5191
internal_count=354010 216638 205589 171975 33614 11049 9777 137372 12706 10556 124666 117185 2150 7481
is_linear=0
shrinkage=0.05


Tree=15
num_leaves=15
num_cat=0
split_feature=52 68 52 52 50 92 78 92 68 78 44 100 99 81
split_gain=369.211 86.1909 77.1822 107.251 60.207 39.1923 48.5187 34.7927 26.1886 20.8655 13.6947 11.5513 11.0583 4.82628
threshold=-0.2600343454686625 -0.065867704422290188 -0.58983697837681526 -0.42550479475114256 1.0000000180025095e-35 0.79720633035448629 0.30676343014062807 -0.96839958619971223 -0.13272595485491975 -0.37426526349353112 -0.13575953411108815 0.65714664343012763 1.5210605868680607 -1.109801887958525
decision_type=2 2 2 2 2 2 2 2 2 2 2 2 2 2
left_child=1 2 4 -4 -1 6 11 9 -8 -3 -9 -2 13 -7
right_child=5 7 3 -5 -6 12 8 10 -10 -11 -12 -13 -14 -15
leaf_value=-0.015166962504221365 -0.022603860724578713 0.020417435311636568 0.031457802295174871 0.0021551189312762542 0.019140407433315861 -0.01018420242926657 0.089341157469724403 0.0064271143824271362 0.001367255838509973 0.10526342868313077 0.047533360188720369 0.0086682992581995338 0.0034257280033619798 -0.038373186569560402
leaf_weight=445.94424031418748 249.38366423221305 16.219358960515819 580.42106616252568 666.19472087547183 168.24277350120246 24.553206395939924 6.5320648838533115 49.044470353983343 17.974348302814178 27.056556617841125 29.674051964888349 28.061406702094246 15.601502974226603 488.70570933481213
leaf_count=45273 36868 1538 50405 64717 16104 5360 611 5388 3430 1583 3415 3728 3125 112377
internal_value=-6.75323e-05 0.0116561 0.00883416 0.0159401 -0.00561314 -0.0278529 -0.0128799 0.05077 0.0439119 0.0832652 0.0255339 -0.0192494 -0.036004 -0.0372451
internal_weight=2813.61 1982.8 1860.8 1246.62 614.187 830.812 301.951 121.994 24.5064 43.2759 78.7185 277.445 528.86 513.259
internal_count=353922 188423 176499 115122 61377 165499 44637 11924 4041 3121 8803 40596 120862 117737
is_linear=0
shrinkage=0.05


Tree=16
num_leaves=15
num_cat=0
split_feature=92 99 103 92 92 51 48 93 93 34 74 92 9 93
split_gain=340.132 69.2565 45.9232 45.9156 45.8428 38.344 44.3343 30.9315 38.8483 23.4376 19.1453 12.9706 8.65753 6.68263
threshold=0.48031706375555822 -0.19193930038882093 -0.4678995278961019 -1.9028887388535494 0.80062473357022235 -0.55359821106718166 -0.21565127671124065 -0.0082028037535099661 -0.022114359088304364 -0.054962776536941677 0.27677157389530277 -1.9028887388535494 3.36631805660023 -0.006580046676664582
decision_type=2 2 2 2 2 2 2 2 2 2 2 2 2 2
left_child=1 5 9 -4 7 11 -7 8 -2 -3 -9 -1 13 -6
right_child=4 2 3 -5 12 6 -8 10 -10 -11 -12 -13 -14 -15
leaf_value=-0.02285486202977249 -0.006538371550475478 0.027075925855633787 0.0094659857999998282 0.044668911980417392 -0.020382311569433022 0.020034277247698115 -0.0021746175110795205 -0.027084738871643824 0.06707965879944576 -0.00066533090306464086 0.0064823190427784755 -0.0027535945283709336 0.016929432608131956 -0.03944078039096463
leaf_weight=114.1404274632223 52.58361871651141 104.77022088400554 142.52310690190643 293.96687943802681 91.469718273554463 465.93098405370256 422.35053906938992 172.76943256362574 16.051286380679812 224.82133418379817 50.957850935432361 236.32671063463204 2.3155804598936802 414.3954260644241
leaf_count=12646 7126 8903 11903 25145 19181 45175 42459 28022 2142 19724 6927 22779 454 100552
internal_value=0.000439441 0.0114412 0.0231586 0.0336439 -0.026914 0.00406746 0.00956798 -0.0106389 0.0170194 0.00869066 -0.019489 -0.00975261 -0.0358913 -0.0364566
internal_weight=2805.37 2004.83 766.082 436.49 800.543 1238.75 888.282 292.362 68.6349 329.592 223.727 350.467 508.181 505.865
internal_count=353138 188734 65675 37048 164404 123059 87634 44217 9268 28627 34949 35425 120187 119733
is_linear=0
shrinkage=0.05


Tree=17
num_leaves=15
num_cat=0
split_feature=93 78 78 78 44 103 74 79 37 48 27 78 48 74
split_gain=104.099 253.939 217.128 61.2777 46.5063 44.7401 43.1142 35.6655 31.4572 28.5015 25.1543 19.4132 19.0075 17.1694
threshold=-0.0082028037535099661 -0.51416650675946307 -0.2051458685760936 -0.47894088467493751 -0.11058205353457322 -0.91496193149558869 -0.2336202812624332 -0.55093366584810022 0.59684776981692877 -0.032394043049223477 -0.26409243287011203 0.27035451842535629 -0.68319216772074598 -0.041808517750618376
decision_type=2 2 2 2 2 2 2 2 2 2 2 2 2 2
left_child=1 7 3 6 12 -5 -2 10 -9 -6 -1 13 -3 -4
right_child=2 4 11 5 9 -7 -8 8 -10 -11 -12 -13 -14 -15
leaf_value=0.039060884312272455 0.0095414199337581704 0.052455933694964263 -0.02718913138873021 -0.016639266197710053 0.11078032864630256 0.010809462980804053 0.12993463504680655 -0.0089483823498069208 0.022914516615428773 0.046438836148327743 0.0037610996349783108 -0.038289138444919914 0.016370949341284659 0.0030662043685735097
leaf_weight=68.953523482661694 16.374179877340797 60.304285629477818 144.49908480385784 185.54821007541614 38.148391346272547 610.59570031162002 6.9298880351125254 805.79313947743503 76.013962344732136 71.000792459351942 146.72104303422384 409.67191839890438 106.09530238778098 64.63321006129263
leaf_count=7156 2278 5084 23710 17519 3074 58775 701 87843 7903 5917 14790 101042 9154 8914
internal_value=-0.000392182 0.00942013 -0.00975989 0.00712034 0.0514236 0.00428525 0.0736074 -0.00149494 -0.00597558 0.0763369 0.0162776 -0.0318712 0.0316807 -0.0181254
internal_weight=2811.28 1373.03 1438.25 819.448 275.549 796.144 23.3041 1097.48 881.807 109.149 215.675 618.804 166.4 209.132
internal_count=353860 140921 212939 79273 23229 76294 2979 117692 95746 8991 21946 133666 14238 32624
is_linear=0
shrinkage=0.05


Tree=18
num_leaves=15
num_cat=0
split_feature=92 78 52 16 44 74 36 12 100 27 51 28 27 88
split_gain=307.529 77.1629 53.8574 48.0598 20.3717 19.8019 11.397 11.3307 7.12174 6.50789 5.75107 4.87496 2.0543 1.91485
threshold=0.74506695093669573 0.15930733769377722 -0.34537946010286852 0.10625024895954176 -0.13575953411108815 -0.1480018816325919 1.0343635659735113 -0.62645032175338622 0.26353070793878303 -1.3230966469156622 0.30751843485178504 0.37019176834009065 1.2547425583267959 -0.19573488839634454
decision_type=2 2 2 2 2 2 2 2 2 2 2 2 2 2
left_child=1 2 3 -1 11 -4 8 -6 9 -2 -10 -3 13 -8
right_child=6 4 5 -5 7 -7 12 -9 10 -11 -12 -13 -14 -15
leaf_value=0.0054964668909818874 0.00048846681975740585 0.027693637530589701 -0.022806029344021952 0.027593780168765875 0.0043501121910653195 0.006011625860077429 -0.0074807920529152269 0.069908347001713472 0.0033033686454960972 -0.03683185156135068 -0.025167120716145935 -0.00064219440878296322 -0.010197959297247578 0.02297852466387186
leaf_weight=1547.7891761066276 11.7069960613735 72.152089322160464 192.00920208572643 284.5793080420699 8.892903595347887 79.538447920931503 1.7474192508379918 53.854608563240618 25.932870203934726 468.63428057578858 34.776776946411701 18.071432521333918 3.1654913962702258 7.963049264100845
leaf_count=146824 3118 5199 24828 24856 637 9179 385 3883 6561 116439 8596 1446 601 1667
internal_value=0.000350747 0.00856918 0.00597097 0.00905948 0.041745 -0.0144514 -0.0326921 0.0624923 -0.0338019 -0.0359309 -0.0142584 0.0225203 0.00833291 0.0164828
internal_weight=2810.81 2256.89 2103.92 1832.37 152.971 271.548 553.927 62.7475 541.051 480.341 60.7096 90.2235 12.876 9.71047
internal_count=354219 216852 205687 171680 11165 34007 137367 4520 134714 119557 15157 6645 2653 2052
is_linear=0
shrinkage=0.05


Tree=19
num_leaves=15
num_cat=0
split_feature=92 85 98 92 51 14 26 36 80 9 34 69 76 14
split_gain=295.35 57.4708 49.3617 49.8749 21.2527 18.8155 16.2022 11.3719 8.06155 5.34398 4.7863 2.62542 2.82708 2.12034
threshold=0.73043542158683583 0.72993362704347164 -0.37037129847697597 -1.9028887388535494 0.59455731682477775 -0.60001954992479412 0.25677683063338624 0.28057113980057241 -0.60477342823070723 0.60536929229788217 0.15090246956465073 1.0000000180025095e-35 4.6001646396294724 -2.81397485846106
decision_type=2 2 2 2 2 2 2 2 2 2 2 2 2 2
left_child=1 2 3 -1 -4 13 -7 11 10 -10 -9 12 -2 -3
right_child=7 5 4 -5 -6 6 -8 8 9 -11 -12 -13 -14 -15
leaf_value=-0.010869728386268556 -0.036932276963792733 0.012895781935389865 0.031828500222818482 0.0073220972565914344 -0.0010254244582754291 0.052804647457377889 0.012860448674275783 0.033581847691030051 -0.024587595142477273 0.0080778380053117948 -0.0099155695328282875 0.0039091549417545951 0.0037362231920565966 -0.0089713415432360472
leaf_weight=518.7885300302878 456.41791476096842 7.144654392264786 211.08868323802017 1302.1169926888542 62.536319061357062 95.439789096766617 43.982923886738718 4.7069140471139672 61.439983660267899 10.135033645929068 4.9343675734126009 2.1789254992327178 2.5458806069800621 21.726704355562106
leaf_count=52257 117748 636 18762 123382 5800 8645 3832 1326 14844 2145 1177 538 673 1960
internal_value=-0.00048269 0.00748875 0.00514234 0.00210806 0.0245484 0.0347651 0.0419077 -0.0332745 -0.0136827 -0.0195389 0.0176059 -0.0363614 -0.0366318 -0.00163456
internal_weight=2805.18 2262.82 2094.53 1820.91 273.625 168.294 139.423 542.359 81.2163 71.575 9.64128 461.143 458.964 28.8714
internal_count=353725 215274 200201 175639 24562 15073 12477 138451 19492 16989 2503 118959 118421 2596
is_linear=0
shrinkage=0.05


Tree=20
num_leaves=15
num_cat=0
split_feature=92 16 58 81 48 103 60 99 92 81 76 44 44 75
split_gain=245.345 53.7069 40.8394 63.7365 36.3354 24.0256 20.4072 16.9793 9.82769 7.37031 6.08311 5.81878 4.12117 3.24692
threshold=0.71351088825413611 0.11757575828564767 0.1544971328332177 -0.010434025592707915 0.082729090917941173 1.1786609840124032 0.92255364396169059 1.3829847675823457 0.7952649120517159 -1.109801887958525 2.2449893264496432 0.39172566435201539 0.68677388959007712 4.5184146459066907
decision_type=2 2 2 2 2 2 2 2 2 2 2 2 2 2
left_child=1 2 3 -1 6 -6 -3 8 11 -10 -4 -2 -9 -14
right_child=7 4 10 -5 5 -7 -8 12 9 -11 -12 -13 13 -15
leaf_value=0.02622637031693642 -0.019109336964298028 0.051983916265910923 -0.020506576090494374 0.0013063632637414343 0.0027805540052557379 0.052272188439411227 0.0078993333423168378 0.022466951596901506 -0.0043743116123849514 -0.036958721253936039 0.018734920319397507 0.012048383667755444 -0.018725949631863779 0.01584014192943246
leaf_weight=302.53742790815886 67.311539362039184 114.21566039620666 173.28868664772017 1439.9579196458799 182.31849520542892 18.580155561910942 38.395492107840255 11.224625503033169 21.10243879398331 411.06590813025832 2.9250300091225645 11.361081714159807 10.390453835279912 1.3453259911038902
leaf_count=28765 15320 9687 17761 136434 16097 1584 3249 2354 5353 112287 269 2382 2072 251
internal_value=-0.000426401 0.0067665 0.00340872 0.00575801 0.0243961 0.00961931 0.0420605 -0.0306056 -0.0324823 -0.0355026 -0.0188841 -0.0137585 0.00833526 -0.00929891
internal_weight=2806.02 2272.22 1918.71 1742.5 353.51 200.899 152.611 533.801 510.841 432.168 176.214 78.6726 22.9604 11.7358
internal_count=353865 213846 183229 165199 30617 17681 12936 140019 135342 117640 18030 17702 4677 2323
is_linear=0
shrinkage=0.05


Tree=21
num_leaves=15
num_cat=0
split_feature=92 44 103 41 92 92 92 99 75 34 43 23 33 50
split_gain=236.32 54.2679 53.6581 43.7383 35.85 29.6077 58.3528 15.2563 9.09995 6.84784 4.1546 3.72303 2.23466 1.45217
threshold=0.77896565663547068 -0.12485606191162811 -0.26492226416128911 -0.75087350549286447 -1.9028887388535494 0.08187758740604334 -1.9028887388535494 0.30105115785041986 1.0594469621284364 -1.5207233287802795 0.41109433672409523 0.56897798345924622 0.078555449352054621 -0.38572845022707913
decision_type=2 2 2 2 2 2 2 2 2 2 2 2 2 2
left_child=1 5 3 -3 -4 6 -1 -7 9 -2 -11 13 -13 -10
right_child=8 2 4 -5 -6 7 -8 -9 11 10 -12 12 -14 -15
leaf_value=-0.0085527559099693833 0.011694354077320543 0.040682007305767598 0.0043999851676583329 -0.0014971334112635045 0.036284668156245779 -0.011258214488482673 0.017887149502112346 0.019713410493349164 0.0087657001612634813 -0.037233364876749268 -0.014275665897527044 -0.0064548860168680434 0.029435732133180181 -0.016775358829663908
leaf_weight=382.20406562439166 3.4171619965491109 60.654755125724478 124.8546376968734 467.68488659191644 316.93869703332894 536.31144030226278 438.00501650827937 33.873266845766921 0.63288347132038403 384.75246248443727 38.400900411099428 2.0435172280849647 3.0180322637606878 11.286433872563066
leaf_count=37668 1016 5694 11381 44989 30606 59723 36497 3568 179 107882 9901 486 701 3659
internal_value=-0.000426958 0.0059012 0.0149117 0.00401089 0.0275706 -0.000447369 0.00561197 -0.0091102 -0.0334922 -0.0348902 -0.0355276 0.00154083 0.0202805 -0.0120388
internal_weight=2804.08 2360.53 970.133 528.34 441.793 1390.39 820.209 570.185 443.551 426.571 423.153 16.9809 5.06155 11.9193
internal_count=353950 230126 92670 50683 41987 137456 74165 63291 123824 118799 117783 5025 1187 3838
is_linear=0
shrinkage=0.05


Tree=22
num_leaves=15
num_cat=0
split_feature=92 101 58 81 93 78 58 81 42 99 23 93 81 54
split_gain=236.732 55.8183 50.9142 81.0876 17.8837 17.5829 11.916 9.95123 9.9075 8.7261 8.49888 5.58091 5.01669 3.34303
threshold=0.74506695093669573 -0.12512952181621154 1.0000000180025095e-35 -0.048369804000010133 0.0040007175123878596 1.3901105982285409 -0.64241562310237632 -0.040562730762565322 0.65685913688583686 1.5210605868680607 0.31494490704422057 -0.0082028037535099661 -2.0989910547761768 -0.29779244818959477
decision_type=2 2 2 2 2 2 2 2 2 2 2 2 2 2
left_child=1 2 3 -1 5 7 -3 -2 -8 12 -4 -7 -6 -11
right_child=4 6 10 -5 9 11 8 -9 -10 13 -12 -13 -14 -15
leaf_value=0.030594150060624936 0.017357040148507787 -0.0067000497062736824 -0.022234132770568828 0.0027109451475487707 0.00074467384763359477 0.056634790630791888 0.023613037417587246 -0.022225821173269357 0.049359235329597857 0.021611481498047515 0.005829156801120638 -0.0073276510856382137 -0.037614459381146347 -0.010724756340381491
leaf_weight=304.3310265300679 11.205503427874644 18.326133920927532 176.0654298964655 1544.0638070286368 8.3309790824423526 2.3587833529454656 180.17989508982282 90.577450600278098 61.793771831667982 2.7307020474690935 27.301178742316552 1.9013860611012194 360.32067396116327 11.631070929433916
leaf_count=27650 2624 1493 18522 146352 2020 706 14744 22036 5202 542 2462 802 106080 2511
internal_value=0.000934676 0.00764611 0.00480662 0.00744173 -0.0303117 -0.0108117 0.0290219 -0.0167052 0.0318859 -0.0352981 -0.0183701 0.0429678 -0.0367508 0.00177086
internal_weight=2801.12 2312.06 2051.76 1848.39 489.057 106.043 260.3 101.783 241.974 383.013 203.367 4.26017 368.652 14.3618
internal_count=353746 216425 194986 174002 137321 26168 21439 24660 19946 111153 20984 1508 108100 3053
is_linear=0
shrinkage=0.05


Tree=23
num_leaves=15
num_cat=0
split_feature=92 78 80 48 82 92 78 68 78 78 99 37 92 75
split_gain=225.269 58.6987 46.1698 46.157 45.3065 34.3242 36.6869 22.0985 16.4575 20.0981 11.8916 10.6385 7.86531 6.32662
threshold=0.48031706375555822 -0.23536526529976917 0.12540578032434396 -0.14281827358915689 1.0000000180025095e-35 0.7952649120517159 0.34098780715298355 -0.13268871572190141 0.34062371803583086 0.34135189627013635 0.30105115785041986 4.6276329553246134 0.39882314452876194 1.0594469621284364
decision_type=2 2 2 2 2 2 2 2 2 2 2 2 2 2
left_child=1 2 3 -1 -4 6 10 -8 12 -10 -2 13 -3 -7
right_child=5 8 4 -5 -6 11 7 -9 9 -11 -12 -13 -14 -15
leaf_value=0.02972976446226544 -0.021853261237001806 0.060829620835615772 -0.003001365679122436 0.0033470801164679912 0.029257078517568254 -0.035695972875074415 0.076386535607552319 -0.0019468506052049989 -0.0039273105923589785 0.03594531652420082 0.0039516263142833543 0.022030367187554828 0.0081828589569043052 -0.0018320903960668497
leaf_weight=315.2697877350729 202.25924635349656 53.776209707837552 1161.6867067157291 343.97029466438107 109.99328801012598 388.92781104096503 8.2149547418230231 16.850921729870606 49.086301165632904 70.447463328251615 53.043804771499708 2.139162005216348 11.844868971966205 15.43931157949555
leaf_count=27361 32436 4052 107160 31257 10363 116055 717 2935 3682 3657 7230 448 1333 4790
internal_value=0.000176764 0.00826257 0.00558959 0.0162198 -4.68699e-06 -0.0244945 -0.010505 0.0381882 0.0344234 0.0205326 -0.016545 -0.0336593 0.0536654 -0.0344784
internal_weight=2802.95 2116.07 1930.92 659.24 1271.68 686.875 280.369 25.0659 185.155 119.534 255.303 406.506 65.6211 404.367
internal_count=353476 188865 176141 58618 117523 164611 43318 3652 12724 7339 39666 121293 5385 120845
is_linear=0
shrinkage=0.05


Tree=24
num_leaves=15
num_cat=0
split_feature=92 52 52 78 92 50 44 11 93 78 36 36 74 78
split_gain=198.552 59.2345 107.595 110.3 46.6448 33.6274 26.601 12.0002 10.0925 23.1403 6.43986 6.43534 4.68917 3.38462
threshold=0.79720633035448629 -0.47438951710806365 -0.58983697837681526 -0.51862659844458381 -0.55904071349794526 0.65832635099036951 -0.12840389898525686 3.5147196401774896 -0.0069793085347894333 0.77825883685339814 0.58565499506237939 0.29511615921162876 1.445562285121275 0.43237417555831587
decision_type=2 2 2 2 2 2 2 2 2 2 2 2 2 2
left_child=1 2 3 -1 -4 6 -3 -7 9 11 12 -2 -10 -12
right_child=8 5 4 -5 -6 7 -8 -9 10 -11 13 -13 -14 -15
leaf_value=-0.012799948053584573 -0.026975889561326294 -0.0053437583424747123 0.069677534401378735 0.0321419682763118 0.023151304211768288 -0.024934398299604948 0.011546833745544749 0.025564990393988851 -0.038916937994671497 0.0520151929771571 0.012567172469223243 0.0084359384453198474 -0.007612958069974334 -0.017481960584066293
leaf_weight=489.95392682100646 61.186822916963138 561.92767692255438 53.710479384521022 177.81329460744746 576.91425984259695 162.7706185655552 383.71318583376706 4.743703967484179 280.53115553347743 2.7495847264362956 8.323252604139272 10.732176839781458 18.226172763505019 9.7654943038214679
leaf_count=49316 15894 62778 3505 13731 45625 16682 40872 454 91407 910 2204 2372 5210 2724
internal_value=0.00089021 0.00628656 0.0135008 -0.000535133 0.0281397 -0.00217344 0.00155906 -0.0221447 -0.0316775 -0.0127823 -0.0356031 -0.0213068 -0.0373156 -0.00410371
internal_weight=2803.06 2411.55 1298.39 667.767 630.625 1113.16 945.641 167.514 391.515 74.6686 316.846 71.919 298.757 18.0887
internal_count=353684 232963 112177 63047 49130 120786 103650 17136 120721 19176 101545 18266 96617 4928
is_linear=0
shrinkage=0.05


Tree=25
num_leaves=15
num_cat=0
split_feature=52 101 48 44 23 51 47 54 93 78 81 81 41 8
split_gain=188.034 48.8848 46.5156 74.7127 25.439 12.7751 18.1671 6.88808 6.01333 8.83281 6.19641 4.53795 8.71728 3.70936
threshold=0.15439089613521442 -0.1224876724655795 -0.046490753330917102 -0.13575953411108815 1.3742174964354239 0.59455731682477564 0.029137472110340287 -0.23252324608300565 -0.006580046676664582 0.77825883685339814 -0.031985946079175258 -1.109801887958525 -1.0660364701540848 0.81080813493384929
decision_type=2 2 2 2 2 2 2 2 2 2 2 2 2 2
left_child=1 2 3 -1 -4 6 -3 -7 9 10 -2 12 -10 -13
right_child=8 5 4 -5 -6 7 -8 -9 11 -11 -12 13 -14 -15
leaf_value=0.0015625919182749425 0.010947588935857559 0.011998103052963281 -0.0072231245286087722 0.030732175190554475 0.030143994956049837 -0.01080086059896882 0.04210183127060723 0.017890122481208047 0.029374950882386553 0.024613767762836566 -0.02582996540471242 -0.03773524491941533 -0.021828781225374211 -0.00074388832079067609
leaf_weight=840.43814939356525 7.8135074286838053 99.27859806799097 965.69352553936187 287.69606373980059 38.015668317675591 32.90720437275013 120.02282819018001 31.392880118917674 2.5917036512546501 3.7222178841766427 63.720728904067073 287.6879784384364 15.582066909322746 7.3508315773506174
leaf_count=81243 1892 7946 96091 25607 3331 2931 10449 2748 779 1111 16648 96576 4391 2075
internal_value=-0.000307837 0.0049228 0.00227727 0.00920606 -0.00552444 0.0240545 0.0295913 0.00372932 -0.0321385 -0.016086 -0.0209628 -0.0353785 -0.00669221 -0.0368682
internal_weight=2803.91 2415.44 2131.84 1128.13 1003.71 283.602 219.301 64.3001 388.469 75.2565 71.5342 313.213 18.1738 295.039
internal_count=353818 230346 206272 106850 99422 24074 18395 5679 123472 19651 18540 103821 5170 98651
is_linear=0
shrinkage=0.05


Tree=26
num_leaves=15
num_cat=0
split_feature=92 37 58 51 51 27 93 51 88 93 100 8 60 27
split_gain=170.682 49.5107 37.7545 41.9684 22.3464 22.1525 15.1434 12.8418 11.6913 7.99642 7.7409 6.74896 5.64665 2.84768
threshold=0.79720633035448629 0.22867055411067247 0.6373885190640256 -0.28091127319284293 0.88159619879776829 0.056395684538409804 0.0057318999953004475 -0.26655932909419117 -0.012019032597061663 -0.013531967669716602 0.20973867391376824 0.68963067226912378 -0.63471638194918767 -1.4206365087356472
decision_type=2 2 2 2 2 2 2 2 2 2 2 2 2 2
left_child=1 2 3 -1 5 -3 7 10 -9 -6 -2 13 -4 -8
right_child=6 4 12 -5 9 -7 11 8 -10 -11 -12 -13 -14 -15
leaf_value=-0.008487254233519646 -0.02910498207371642 0.037663203611273281 0.009636268332159123 0.0081783381584559535 0.010747365807221477 0.012890472905864129 0.0046095113854061889 -0.0081801369630364867 0.044929985782691334 -0.023486326652171853 0.016509690339158431 0.003323849338548466 -0.024834831254680223 -0.038065573514268924
leaf_weight=515.59594913345063 47.337774878629716 163.36389873051667 7.8127677295124149 1338.7254941641295 22.138837498147041 223.16879956505727 1.8959618644730643 19.571587016034758 7.4083938908443079 29.456127847079188 4.4181595635018303 8.8114963023690489 133.8247502084123 279.21247408656927
leaf_count=51468 12893 14441 860 126553 1879 19920 617 6110 2273 2930 1143 2572 14713 95595
internal_value=0.000121192 0.00496017 0.00157992 0.00352378 0.0199805 0.0240462 -0.0311158 -0.0100356 0.0146095 -0.009437 -0.0231682 -0.0363153 -0.0224233 -0.0376293
internal_weight=2802.74 2434.09 1995.96 1854.32 438.128 386.533 368.656 78.7359 26.98 51.595 51.7559 289.92 141.638 281.108
internal_count=353967 232764 193594 178021 39170 34361 121203 22419 8383 4809 14036 98784 15573 96212
is_linear=0
shrinkage=0.05


Tree=27
num_leaves=15
num_cat=0
split_feature=52 99 82 79 81 58 78 78 36 88 27 97 36 92
split_gain=160.115 62.5843 33.2353 28.7429 26.5407 35.2687 23.1384 17.0554 16.3041 9.62762 8.28031 6.38416 5.44738 5.2744
threshold=-0.0024277252307248194 -0.26396354844185715 1.0000000180025095e-35 0.23498455647306593 -0.010873860704676675 0.073891193860827944 0.08976631631760805 -0.47821270644063213 0.24291440455903088 -0.033344144263512614 -1.3230966469156622 0.85488177261462306 -1.7847118115030141 0.87296417497070988
decision_type=2 2 2 2 2 2 2 2 2 2 2 2 2 2
left_child=1 2 3 -1 5 -3 -6 -4 10 11 -2 -10 -12 -11
right_child=8 4 7 -5 6 -7 -8 -9 9 13 12 -13 -14 -15
leaf_value=0.0052380620311821774 0.0078553859267590283 0.037554810320205897 0.003321576091773068 -0.01111485938702368 0.0070029575486177153 -0.0083668594942286414 0.032747776273426871 0.043764843801846309 -0.023474243601434724 0.035635733087828324 0.010005812034623703 0.005769169712955745 -0.033077150967299455 -0.0097957494238235451
leaf_weight=431.5723436747794 9.6056395292398502 194.12672016944271 52.875097909593023 681.96700342890108 823.63114669849165 48.536136039125267 89.290957540157251 45.09017949225381 42.605836980728782 9.2480880183284153 3.319000329298432 23.80087742266187 350.14924477763998 4.3212265039182958
leaf_count=42121 3126 15137 5328 66601 70742 4449 5325 4066 11757 2331 907 6935 114049 1541
internal_value=0.000492055 0.0056823 -0.0022581 -0.00478678 0.0139549 0.0284022 0.00984855 0.0242657 -0.0267513 -0.00549309 -0.0311612 -0.0136098 -0.0324085 0.0231501
internal_weight=2810.14 2367.09 1211.5 1113.54 1155.58 242.663 912.922 97.9653 443.05 79.976 363.074 66.4067 353.468 13.5693
internal_count=354415 213769 118116 108722 95653 19586 76067 9394 140646 22564 118082 18692 114956 3872
is_linear=0
shrinkage=0.05


Tree=28
num_leaves=15
num_cat=0
split_feature=92 39 48 44 48 96 93 59 51 51 44 100 43 79
split_gain=147.842 38.7657 36.2742 44.4233 34.2464 27.9828 15.8968 14.9317 14.5343 11.4125 7.90141 6.08783 4.68901 3.19455
threshold=0.79720633035448629 1.0000000180025095e-35 -0.30023153840140243 -0.15614175690096802 -0.025345687908376668 -0.88800201881108565 -0.006580046676664582 -0.56924739476030484 -0.26655932909419339 0.88159619879776741 0.45778811557886073 0.48295361183902591 0.37476172538981828 -0.43154763784853084
decision_type=2 2 2 2 2 2 2 2 2 2 2 2 2 2
left_child=1 2 3 -1 7 -6 8 -3 11 -10 -4 -2 -8 -14
right_child=6 4 10 -5 5 -7 12 -9 9 -11 -12 -13 13 -15
leaf_value=0.0010027426064790031 -0.026783402284047231 -0.00082670461863657528 -0.010199818850268445 0.030424711929563638 -0.011045635538116676 0.011939142108964693 -0.037331399877515326 0.028706497729353464 0.037276807925078814 -0.018536413237559429 0.0081236310653611133 0.01636751860690594 0.011291243294374932 -0.017939111506841961
leaf_weight=635.87058344832622 43.557572542267735 48.94219266512664 639.83138594264165 150.95623032364529 179.03038590122014 437.821161621192 245.91504949674709 302.90450310322922 16.215032795822484 6.6394306468428104 57.326748124381993 2.7969907796359612 4.9938581031456151 26.725595280222478
leaf_count=60782 12357 4538 63935 12941 18589 39749 91187 26640 4519 1723 5404 654 1900 8592
internal_value=0.00037599 0.00473295 -0.000359131 0.00695846 0.0124577 0.00519842 -0.0297033 0.0246891 -0.0070222 0.0203558 -0.00859953 -0.0217374 -0.0349165 -0.0117337
internal_weight=2799.53 2452.68 1483.98 786.827 968.698 616.852 346.844 351.847 69.209 22.8545 697.158 46.3546 277.635 31.7195
internal_count=353510 232578 143062 73723 89516 58338 120932 31178 19253 6242 69339 13011 101679 10492
is_linear=0
shrinkage=0.05


Tree=29
num_leaves=15
num_cat=0
split_feature=52 80 58 48 82 100 99 52 92 51 52 79 79 50
split_gain=150.623 39.6063 44.8966 46.2817 36.1439 34.4963 30.8677 17.0698 11.3785 10.2071 9.93859 7.6072 7.29454 6.67772
threshold=-0.2600343454686625 0.12540578032434396 1.0000000180025095e-35 -0.22504908356570305 1.0000000180025095e-35 -0.14599106678711207 0.30105115785041986 -0.58983697837681526 0.81680376570940083 0.70937286961397339 0.15439089613521442 0.86987945337477679 -1.8640605878153658 -0.38572845022707714
decision_type=2 2 2 2 2 2 2 2 2 2 2 2 2 2
left_child=1 2 3 -1 5 -3 10 -6 9 -8 11 -2 -4 -12
right_child=6 4 12 -5 7 -7 8 -9 -10 -11 13 -13 -14 -15
leaf_value=0.035260117466552499 -0.018382540008060149 -0.0047788438174290989 0.015981823448709968 0.0083711260238062135 -0.0019397893757852559 0.01489085627084607 0.019514955920256448 0.037711998079791184 -0.022106781309008321 -0.015985479986908791 -0.0094057436702124041 0.018814682003312044 -0.015100464826358817 -0.034913590352688997
leaf_weight=303.17605575162452 210.46567682601744 1019.9244462350616 13.931628743652253 344.20737733016722 36.336293768836185 274.4818267779192 70.21109334132052 87.287358085857704 24.77998673300317 18.721250244416296 38.366961249295855 6.8066235515289 111.04196281800978 254.22075551416492
leaf_count=23101 33231 95003 1344 29050 3584 19244 12556 7157 8590 3345 14593 955 10809 92316
internal_value=0.00084164 0.00702411 0.0160571 0.0213083 0.00202611 -0.000525657 -0.0206433 0.0267843 0.00272664 0.0111813 -0.0258076 -0.0164407 -0.0107082 -0.0319901
internal_weight=2813.96 2190.39 772.357 647.383 1418.03 1294.41 623.572 123.624 113.712 88.9323 509.86 217.272 124.974 292.588
internal_count=354878 189292 64304 52151 124988 114247 165586 10741 24491 15901 141095 34186 12153 106909
is_linear=0
shrinkage=0.05


Tree=30
num_leaves=15
num_cat=0
split_feature=93 78 78 78 104 73 74 104 23 58 80 80 34 99
split_gain=66.5636 128.187 107.736 36.6541 33.0043 32.1287 25.3168 33.967 24.8714 23.6378 18.6091 16.1074 12.6626 11.6592
threshold=-0.0082028037535099661 -0.56887089661165879 -0.33203092590381583 -0.47894088467493751 -0.28358358915407661 -0.39736991849688963 0.22367489195431584 -0.28358615708183593 0.10822931273134677 1.0000000180025095e-35 0.80756321560107214 0.16900551632178754 0.4308792042628164 0.60121806289984991
decision_type=2 2 2 2 2 2 2 2 2 2 2 2 2 2
left_child=1 8 3 5 -5 -2 13 -8 11 10 -3 -1 -10 -4
right_child=2 9 6 4 -6 -7 7 -9 12 -11 -12 -13 -14 -15
leaf_value=0.0051329332595611843 -0.0054079018001475269 0.045336838406069849 -0.033346016299104268 0.007294003585848377 -0.016184113174095346 0.085065930371284196 0.028863876186304895 -0.022239787775682151 0.026212654797454316 -0.0014466587532854878 0.012024167425274922 -0.0089404753204302603 0.0023737892306077008 -0.0067761872084748879
leaf_weight=296.59153568299371 14.254324067689597 233.50899835812743 372.8430839467328 592.84242661658209 189.20136407938844 15.125907135981832 40.994231106335064 80.182231293365476 101.79935054510133 40.130012035602704 61.396134671231266 601.72912117585656 115.41078609280521 52.845979937235825
leaf_count=28743 1588 16270 104328 49155 18508 1397 9021 18209 9340 3614 3838 68074 11149 10681
internal_value=0.000217197 0.00763999 -0.00770777 0.00387063 0.00148128 0.0509442 -0.0246485 -0.00406889 -0.000592768 0.0342744 0.0390233 -0.00428861 0.0142082 -0.0302788
internal_weight=2808.86 1450.57 1358.29 811.424 782.044 29.3802 546.866 121.176 1115.53 335.035 294.905 898.321 217.21 425.689
internal_count=353915 141028 212887 70648 67663 2985 142239 27230 117306 23722 20108 96817 20489 115009
is_linear=0
shrinkage=0.05


Tree=31
num_leaves=15
num_cat=0
split_feature=52 37 48 58 58 14 92 92 103 36 52 81 104 75
split_gain=115.873 54.4055 36.761 35.1323 40.5356 19.1406 16.871 11.1531 9.37073 9.34154 8.88772 8.55604 3.34099 3.09236
threshold=0.038673555751058498 0.33137636280008537 -0.09817869103046041 -0.086979500024233186 0.1544971328332177 1.1094902452740911 -0.2139367769348425 0.82865603758368611 1.4681941938998186 0.26129088547211438 -0.50779981392222961 -1.109801887958525 -0.2592167122799387 1.7644158857879126
decision_type=2 2 2 2 2 2 2 2 2 2 2 2 2 2
left_child=1 3 5 10 -5 -3 -4 8 9 -2 -1 -9 -10 -13
right_child=7 2 6 4 -6 -7 -8 11 12 -11 -12 13 -14 -15
leaf_value=-0.030117783005078808 -0.023901188569518169 0.052271796129641203 0.022781245585400244 0.0060387452341927042 -0.018893654085522019 -0.012803183229919544 -0.0023443412517076831 0.0055878685920138912 0.027434132558103699 0.0017000083144331263 -0.009139098345716962 -0.039557025687763744 -0.0073459202337016879 0.00069972938634152589
leaf_weight=72.019227377371863 185.23235305675189 93.674566409550607 132.41931805200875 1640.1701678981772 171.14776640001219 8.7788680293597263 122.65079717169283 9.4372563990618783 7.6507506425259635 42.030599650519434 169.73452079144772 136.74803878951934 5.7914075596781895 4.5747747636924023
leaf_count=7449 62252 6722 10198 145256 18143 609 11028 3223 2344 10937 15652 55921 1775 1848
internal_value=0.000229794 0.00435509 0.022073 0.00117764 0.00359213 0.0460531 0.0110669 -0.024649 -0.0167911 -0.0192943 -0.0163368 -0.0353701 0.0157081 -0.0382937
internal_weight=2802.06 2410.6 357.524 2053.07 1811.32 102.453 255.07 391.465 240.705 227.263 241.754 150.76 13.4422 141.323
internal_count=353357 215057 28557 186500 163399 7331 21226 138300 77308 73189 23101 60992 4119 57769
is_linear=0
shrinkage=0.05


Tree=32
num_leaves=15
num_cat=0
split_feature=52 99 51 80 34 61 93 51 51 84 36 100 52 103
split_gain=101.664 35.9301 30.25 25.9198 24.8912 28.0559 21.976 25.7573 13.7818 11.9403 10.1384 8.36789 8.11066 5.30341
threshold=-0.094057945206209526 -0.19193930038882093 0.98205980748831456 0.0095794354058684073 -0.36787795061136203 -0.3905536670433048 -0.0082028037535099661 1.0000000180025095e-35 0.88159619879776741 1.0000000180025095e-35 0.56603177920354919 0.83826897665195277 -0.52376064872927153 1.4681941938998186
decision_type=2 2 2 2 2 2 2 2 2 2 2 2 2 2
left_child=1 4 3 -3 5 -1 7 11 -9 -6 13 -2 -4 -8
right_child=6 2 12 -5 9 -7 10 8 -10 -11 -12 -13 -14 -15
leaf_value=-0.0064499975497834695 -0.023453541505655248 0.026858540551588705 0.0059761395114201945 0.0079244022956645125 -0.0098851088122783454 0.013447345879524539 -0.031968721294818293 0.044955277450853724 -0.013144550875539562 0.017730851742031938 0.0010195119528354001 0.022130474524968729 -0.025280074111660111 -0.0032879137954863629
leaf_weight=303.16731597401667 64.641642386457534 252.4316287052352 24.926455827895552 626.9127985809464 659.0836344511481 401.1441265034955 303.32220360201609 24.120958991203224 9.2496524993912299 32.591617124853656 27.164143118046923 3.6359467210131688 59.479787914548069 19.560899388758116
leaf_count=28745 17061 18585 1908 47361 63546 36304 110851 5445 2155 3021 7112 656 4964 6700
internal_value=-0.000725065 0.00345947 0.0108323 0.0136007 -0.00167136 0.00491224 -0.0221873 -0.00150429 0.0295336 -0.0083497 -0.0279847 -0.018509 -0.0163943 -0.0303821
internal_weight=2811.43 2359.74 963.751 879.344 1395.99 704.311 451.695 101.648 33.3706 691.675 350.047 68.2776 84.4062 322.883
internal_count=354414 204434 72818 65946 131616 65049 149980 25317 7600 66567 124663 17717 6872 117551
is_linear=0
shrinkage=0.05


Tree=33
num_leaves=15
num_cat=0
split_feature=92 85 43 80 58 103 41 44 92 27 33 92 103 48
split_gain=106.014 40.2654 44.0667 45.3345 25.7034 16.217 14.3541 11.2271 9.18655 8.3816 7.97962 6.97554 6.60875 3.36733
threshold=0.79720633035448629 0.72993362704347164 0.094657881149655496 0.087624514433320769 0.23524208259034521 -1.2483756092570786 1.7868023138572229 0.14330244216076163 -0.78718902177726402 -1.2673595830185282 -0.015658829161772605 0.81680376570940083 1.4563069741285768 1.0000000180025095e-35
decision_type=2 2 2 2 2 2 2 2 2 2 2 2 2 2
left_child=1 2 4 -4 -1 8 -7 9 -3 -2 13 -12 -11 -9
right_child=7 5 3 -5 -6 6 -8 10 -10 12 11 -13 -14 -15
leaf_value=-0.0010407938404530729 0.005306557276662625 0.022879003154243557 0.029611175975841744 0.0027577521061415543 -0.02327830486964623 0.038403165947233996 -0.0076751143530653255 0.0029615024748717105 -0.011910901891398066 -0.03656500405402574 0.022009929533124559 -0.012983610867679711 -0.00041108752260040645 -0.029986410679158589
leaf_weight=1473.9002315139223 11.417389629168609 21.238332254812121 230.3521639580722 460.97439519994077 132.63432344060857 125.59598466975149 15.879769086721351 7.7867678792390498 38.516886062046979 209.96486617475603 20.903007468237774 17.473022457590559 13.653463255875975 25.349366830720101
leaf_count=137972 4802 1582 21063 42603 15093 9992 1299 2753 3337 85868 6783 6860 5449 8741
internal_value=2.62072e-05 0.00346609 0.00153875 0.012 -0.00300935 0.0243596 0.0330659 -0.0272405 0.00196146 -0.0323997 -0.00838956 0.00668666 -0.0344696 -0.0233522
internal_weight=2805.64 2499.09 2297.86 691.327 1606.53 201.231 141.476 306.548 59.7552 235.036 71.5122 38.376 223.618 33.1361
internal_count=354197 232941 216731 63666 153065 16210 11291 121256 4919 96119 25137 13643 91317 11494
is_linear=0
shrinkage=0.05


Tree=34
num_leaves=15
num_cat=0
split_feature=92 58 58 44 92 8 78 93 78 8 104 104 45 93
split_gain=106.907 41.516 44.1542 30.1254 15.7117 11.8591 10.6807 9.46579 13.0833 5.77463 5.66907 4.81067 3.13886 2.75822
threshold=0.77772244344568719 1.0000000180025095e-35 -0.086979500024233186 -0.33811222674355251 -1.5933997689990358 -0.75193317956720407 0.34135189627013635 0.0042627525756979952 1.3901105982285409 0.63642883687031071 -0.16812883038159865 -0.2835861324471004 -0.49534262541753177 -0.0085623752174439367
decision_type=2 2 2 2 2 2 2 2 2 2 2 2 2 2
left_child=1 2 4 -4 -1 12 -7 8 10 11 -2 -9 -3 -10
right_child=7 5 3 -5 -6 6 -8 9 13 -11 -12 -13 -14 -15
leaf_value=-0.028527833754532685 -0.0028672190333268737 -0.0063406381212558448 -0.00077842026235504192 0.013161087990043478 -0.0034598618227597391 -0.020022562328757126 0.027619388642958771 -0.019497765161349042 0.046933840220826833 0.0043970524100977477 -0.02905917514639661 -0.03752327112114559 0.035900717486825516 -0.003951963626359036
leaf_weight=81.670381089439616 48.415183399323723 2.5526453637285158 529.29628581600264 1426.8970587280055 207.17007640888914 212.92112591944169 3.9491280916845417 104.18028259401035 2.0810375107103032 9.6401230161136464 29.581864096180652 143.46653308827081 5.0859291420783839 1.5750565007911053
leaf_count=8400 13907 226 48770 122835 19200 22846 295 40332 590 3011 9314 63528 426 861
internal_value=0.000998304 0.00464143 0.00670713 0.00940463 -0.0112653 -0.0154202 -0.0179759 -0.0249181 -0.00868972 -0.0295505 -0.0149744 -0.0309914 0.0261928 0.0381709
internal_weight=2808.48 2469.54 2245.03 1956.19 288.84 224.509 216.87 338.94 81.6531 257.287 77.997 247.647 7.63857 3.65609
internal_count=354541 222998 199205 171605 27600 23793 23141 131543 24672 106871 23221 103860 652 1451
is_linear=0
shrinkage=0.05


Tree=35
num_leaves=15
num_cat=0
split_feature=92 100 57 52 27 103 36 47 92 36 27 27 27 15
split_gain=93.4894 32.0668 26.9024 25.7104 18.8654 14.4247 13.2732 12.9989 10.587 6.15188 5.77741 5.54144 4.2006 1.86771
threshold=0.74506695093669573 -0.18888021771758465 -0.71232601674952056 -0.58983697837681526 -0.082946975204425774 0.17235670391805322 0.24291440455903088 -0.119569540175109 0.81680376570940083 -1.0766368666154797 -1.2673595830185282 0.12606701440982762 1.003925770789692 -0.70572044015552171
decision_type=2 2 2 2 2 2 2 2 2 2 2 2 2 2
left_child=1 2 12 -4 7 -6 9 -3 11 -2 -11 -8 -1 -10
right_child=6 4 3 -5 5 -7 8 -9 13 10 -12 -13 -14 -15
leaf_value=-0.028524520925239962 0.009585187371864019 0.0074707933216740423 -0.0081978543438824009 0.0056435543362236889 -0.0014847593839274898 0.016398828911886511 0.025703928238536795 0.029859888356665226 0.0071509538362025081 0.0021525055339270687 -0.030608936753759239 -0.004875408249920745 0.0019681151160917741 -0.026654500329356741
leaf_weight=80.019365063984878 6.2034297948557642 109.47546312160557 462.01342362514697 1151.7023944448447 273.17467269959161 180.24221395392669 19.938509213185171 186.16310848057037 0.49666479881853121 12.817572913889306 264.70528660787386 24.092263744125376 11.497659797896629 24.658716695070325
leaf_count=7921 2134 7985 45674 103804 21601 13909 5611 14507 152 5142 107885 6286 1136 10039
internal_value=0.000412124 0.0038999 9.3972e-05 0.00165462 0.0124487 0.00582478 -0.0232823 0.0220849 -0.00309936 -0.0279308 -0.0290736 0.0111663 -0.0248771 -0.0241428
internal_weight=2807.2 2454.29 1705.23 1613.72 749.055 453.417 352.912 295.639 69.1862 283.726 277.523 44.0308 91.517 25.1554
internal_count=353786 216537 158535 149478 58002 35510 137249 22492 22088 115161 113027 11897 9057 10191
is_linear=0
shrinkage=0.05


Tree=36
num_leaves=15
num_cat=0
split_feature=52 79 51 41 53 52 44 34 79 52 99 51 68 74
split_gain=78.7787 37.1123 28.4208 29.5363 28.3504 29.9774 10.6391 10.5247 10.4162 7.19061 6.36443 4.82855 4.17929 2.24306
threshold=0.2368197715103198 -0.37663006496872897 1.3121545217572528 -0.87366427094528809 1.0000000180025095e-35 -0.58983697837681526 -0.10693119145613054 -1.3313273023668144 -0.78964602883323975 -0.53232123510998297 1.2637427178138034 0.70937286961397339 -0.022640709557488769 0.27677157389530277
decision_type=2 2 2 2 2 2 2 2 2 2 2 2 2 2
left_child=1 2 3 -1 5 -3 7 13 11 -4 -10 -8 -6 -2
right_child=6 4 9 -5 12 -7 8 -9 10 -11 -12 -13 -14 -15
leaf_value=0.040872355103475019 -0.0054625145370395161 -0.012659203647822477 0.006373775542315583 0.011053085864351109 0.003689750625819198 0.001881192196848345 0.03523404677497672 -0.036066001852419337 -0.021339878691133296 -0.025248654177366443 0.01092559392275594 -0.0090617813943037733 0.046943968551759731 0.023600764635635176
leaf_weight=94.365838895522757 8.5757773851801158 465.66927593899891 21.259758558589965 481.11069141459302 8.8246964225545508 1383.6357027092454 7.0359809493675112 154.05315082108427 91.292090687958989 47.165377816272667 11.662790839123771 4.4357303785800468 24.661002105567604 1.8844497472746287
leaf_count=8353 4018 44573 1866 44174 524 130355 2899 68782 36600 4866 3118 1711 1141 749
internal_value=-0.000158626 0.00265958 0.0129222 0.0165574 -0.000899896 -0.00182859 -0.0248951 -0.0328785 -0.0116972 -0.0158636 -0.0170412 0.0218629 0.0390147 0.00874925
internal_weight=2805.63 2526.69 643.902 575.477 1882.79 1849.3 278.94 164.513 114.427 68.4251 102.955 11.4717 33.4857 10.4602
internal_count=353729 235852 59259 52527 176593 174928 117877 73549 44328 6732 39718 4610 1665 4767
is_linear=0
shrinkage=0.05


Tree=37
num_leaves=15
num_cat=0
split_feature=92 16 48 92 103 92 44 104 27 44 48 103 74 93
split_gain=87.2757 27.7692 27.1564 29.641 22.1805 14.9578 13.7246 8.6782 8.20041 8.55263 8.79851 2.16465 2.11094 3.59563
threshold=0.7952649120517159 0.58000171905234554 1.1587779757538885 -1.9028887388535494 -0.365134729270709 -0.78718902177726402 -0.12150998220354732 0.2324263260305289 -1.295228114967095 -0.10693119145613054 -0.015947881053914245 1.4563069741285768 1.0201251210691189 -0.0089660045207383115
decision_type=2 2 2 2 2 2 2 2 2 2 2 2 2 2
left_child=1 2 3 -1 5 -3 -6 -4 12 11 -11 -10 13 -2
right_child=8 4 7 -5 6 -7 -8 -9 9 10 -12 -13 -14 -15
leaf_value=-0.0062196686645418376 0.01934674459081771 0.027298731884329519 -0.015588745745517087 0.0070920235799828632 -0.0034747833529392134 -0.0086883257292923732 0.044173510243299977 0.017747421595584293 -0.03682355476943415 0.0051655585481400115 -0.023443371075235527 -0.0056138682901602371 0.025981446685336581 -0.017009775984130154
leaf_weight=570.79038104298525 1.4631941412226286 34.097076671663672 250.70744274387835 1491.9289187998511 16.491682201740332 74.584967176080681 80.023165070044342 12.926570136565713 145.55809869172663 34.026506580441492 78.993715559408884 9.8707755119830818 0.85577592453046314 7.1455288815704963
leaf_count=52751 436 2454 23859 138894 1348 6229 5788 1312 68387 13900 30815 4337 281 3313
internal_value=8.83832e-05 0.00304368 0.00144763 0.00339621 0.0202302 0.00395083 0.0364699 -0.0133654 -0.0260025 -0.0276483 -0.0151105 -0.0353007 0.010901 -0.00375448
internal_weight=2809.46 2531.55 2326.35 2062.72 205.197 108.682 96.5148 263.634 277.914 268.449 113.02 155.429 9.4645 8.60872
internal_count=354104 232635 216816 191645 15819 8683 7136 25171 121469 117439 44715 72724 4030 3749
is_linear=0
shrinkage=0.05


Tree=38
num_leaves=15
num_cat=0
split_feature=52 93 79 78 93 68 39 60 74 27 80 72 15 36
split_gain=68.2588 38.321 33.7776 33.8958 32.66 27.9452 24.7486 20.2202 20.06 20.3272 16.8712 15.5075 13.5466 10.7409
threshold=-0.2600343454686625 0.00020124457029555251 -0.37663006496872897 -0.24974678542730153 -0.024111647897146322 -0.13269916660010023 0.39357630301418634 1.3067065796347779 0.27677157389530277 -0.27802669884439551 0.077849484654534673 0.15279578264260332 0.48212801418526924 0.24866198158672395
decision_type=2 2 2 2 2 2 2 2 2 2 2 2 2 2
left_child=2 4 7 6 13 -6 -4 10 12 -10 -1 -5 -3 -2
right_child=1 8 3 11 5 -7 -8 -9 9 -11 -12 -13 -14 -15
leaf_value=0.027471562177850017 -0.016465051807376903 -0.031513759897024866 -0.00564210639071272 0.0283866719346972 0.082030751198856944 0.0032962528544811806 0.0085177167150206918 -0.0037677580005996318 0.021233274983462815 -0.021510649717293762 0.007551303736739727 -0.0067329214281025458 0.0061853898726725864 0.016814116476498088
leaf_weight=260.9410751281539 80.579202603199519 292.89750287819334 1102.8941891182913 136.09478614851832 12.418714915023882 24.435024070757208 417.26091413211543 114.78429072233848 41.534400485572405 50.52692992115044 191.50701383955311 35.779090548981912 22.625726268131984 24.108086173364427
leaf_count=20396 20777 102865 99314 7521 1231 4890 34459 9612 11721 13550 15186 2174 5635 4435
internal_value=0.000417638 -0.0152322 0.00427178 0.000704534 0.00682744 0.0416729 -0.00172517 0.0147162 -0.0228729 -0.00203534 0.0193856 0.0211076 -0.0287034 -0.00800345
internal_weight=2808.39 549.126 2259.26 1692.03 141.541 36.8537 1520.16 567.232 407.585 92.0613 452.448 171.874 315.523 104.687
internal_count=353766 165104 188662 143468 31333 6121 133773 45194 133771 25271 35582 9695 108500 25212
is_linear=0
shrinkage=0.05


Tree=39
num_leaves=15
num_cat=0
split_feature=92 79 93 78 68 78 92 41 44 58 51 104 81 73
split_gain=79.539 37.385 35.471 38.4174 41.3236 32.8739 24.6246 21.3614 17.9212 16.1765 11.7052 11.3522 21.1065 9.98623
threshold=0.48031706375555822 -0.43286088415652618 1.0000000180025095e-35 0.1999032742563053 -0.13269916660010023 -0.24974678542730153 -1.9028887388535494 -1.3852924603303862 -0.09533624003861281 0.1544971328332177 0.70937286961397339 -0.28358615708183593 -0.49381281364633184 -0.4135205715494869
decision_type=2 2 2 2 2 2 2 2 2 2 2 2 2 2
left_child=1 7 3 13 -5 6 -3 10 -7 -9 -1 12 -4 -2
right_child=2 5 11 4 -6 8 -8 9 -10 -11 -12 -13 -14 -15
leaf_value=0.07146667094734567 -0.020773017297179244 -0.011746963908772501 0.025227232348993378 0.091715244440824809 -0.0026461811911087959 0.0061784814156038677 0.0022581993415409889 0.016620345807860211 0.037784692204981887 -0.0082192378506947862 -0.00079440791439228738 -0.030743043034317047 -0.020203783082256524 0.009454762782427583
leaf_weight=15.538862559595147 71.711464005056769 422.43392970389687 22.558448192416108 12.345485955826005 23.006964222877286 106.82212147256359 1136.3050536880037 435.30500892270356 73.834993538679555 70.61350675590802 6.9005417998414478 250.81557994442119 125.00370129107614 33.910631911654491
leaf_count=1112 18023 42397 5368 1102 4507 6256 94741 33015 3849 6859 531 88176 40409 7626
internal_value=0.000249872 0.0043677 -0.0168283 0.00450308 0.0432629 0.000799283 -0.00158803 0.0158822 0.0204003 0.0130613 0.0558503 -0.0243022 -0.0120982 -0.0110898
internal_weight=2807.11 2267.75 539.352 140.975 35.3525 1739.4 1558.74 528.358 180.657 505.919 22.4394 398.378 147.562 105.622
internal_count=353971 188760 165211 31258 5609 147243 137138 41517 10105 39874 1643 133953 45777 25649
is_linear=0
shrinkage=0.05


Tree=40
num_leaves=15
num_cat=0
split_feature=52 79 83 78 48 52 51 92 51 74 42 20 81 43
split_gain=56.7796 31.7631 35.5722 32.0543 22.4872 18.7148 18.6932 17.3119 16.7189 24.7534 15.6647 7.15195 3.16877 1.06463
threshold=-0.2600343454686625 -0.37663006496872897 1.0000000180025095e-35 -0.24119069117421263 -0.51168219262680681 -0.58983697837681526 1.4556739627437472 0.82865603758368611 0.88159619879776829 0.22367489195431584 0.65685913688583686 -1.2804348403951031 -2.3189086107605372 0.018153256281702838
decision_type=2 2 2 2 2 2 2 2 2 2 2 2 2 2
left_child=1 4 3 -3 6 -4 -1 8 9 -2 -6 13 -13 -9
right_child=7 2 5 -5 10 -7 -8 11 -10 -11 -12 12 -14 -15
leaf_value=0.032095116525265824 -0.010973875616709886 -0.0048554567748854693 -0.0063174968065482914 0.017508027634582472 -0.0012474007270130566 0.037739655138832658 -0.015260897097728494 -0.0047610944582488074 -0.030811163971641322 0.022284140463777812 0.019116577087728945 0.0052937358952346901 -0.034465040123111516 0.022451536497495678
leaf_weight=166.98327358486131 287.56021232435887 1417.3984029608546 29.640847670380026 170.63256061822176 261.20035037491471 78.136444604722783 17.675849809660576 1.0489939658582437 66.904966848276672 59.214351698174141 136.92809583398048 2.6515214939136049 113.5449211041705 1.0395693335885878
leaf_count=11983 76656 125308 3073 9192 21400 6071 1399 458 15359 12532 10342 943 58877 523
internal_value=-0.000373057 0.0030744 -0.000405874 -0.002358 0.0130374 0.0261155 0.027011 -0.014924 -0.00965951 -0.0048294 0.00605316 -0.0311475 -0.0332102 0.0161516
internal_weight=2810.56 2278.6 1695.81 1588.03 582.788 107.777 184.659 531.965 413.68 346.775 398.128 118.285 116.196 2.08856
internal_count=354116 188768 143644 134500 45124 9144 13382 165348 104547 89188 31742 60801 59820 981
is_linear=0
shrinkage=0.05


Tree=41
num_leaves=15
num_cat=0
split_feature=52 75 82 47 100 47 52 52 78 51 103 12 92 74
split_gain=61.8349 35.4933 25.4745 25.888 20.9508 16.7087 11.4571 11.387 14.7117 9.28952 8.90614 8.23313 7.84518 5.67656
threshold=-0.2600343454686625 -0.016463726805750967 1.0000000180025095e-35 -0.14435404222268411 0.53611588517088105 -0.14435404222268411 -0.58983697837681526 0.26346157222345917 0.34135189627013635 0.59455731682477675 0.98588901996243361 0.30553381840354332 -0.51440617464762806 1.0201251210691189
decision_type=2 2 2 2 2 2 2 2 2 2 2 2 2 2
left_child=1 2 3 -1 7 10 -4 8 -2 11 -3 -6 -7 -9
right_child=4 5 6 -5 9 12 -8 13 -10 -11 -12 -13 -14 -15
leaf_value=-0.0083458401662199096 -0.016747114377551674 -0.0071576912254956108 -0.002175005693269423 0.0038119785884579041 0.036206719016629869 0.012434116143916428 0.028816851394841865 -0.036613508696829722 0.020801269861015242 -0.012980237532969188 0.023324263063087023 -0.0060823689254449823 0.034230655686698246 0.00074410333096612969
leaf_weight=698.76058087288402 337.1683163625712 75.348442521179095 38.981704543577507 1135.8478599776281 25.464868390656193 83.693064917577431 100.7790942939464 96.863387519755634 19.829764289490413 19.387662160588661 23.362816101522185 13.287593494591418 125.50995151756797 10.803087139240231
leaf_count=61201 90439 4823 3887 96386 6005 4980 7529 53078 3321 4983 1389 2857 8342 4664
internal_value=-0.000291432 0.00327593 0.000775316 -0.000838799 -0.0156338 0.0187813 0.0206047 -0.0191519 -0.0141515 0.0111676 0.00153862 0.0234331 0.0264758 -0.0331204
internal_weight=2805.09 2282.28 1974.37 1834.61 522.805 307.914 139.761 464.665 356.998 58.1401 98.7113 38.7525 209.203 107.666
internal_count=353884 188537 169003 157587 165347 19534 11416 151502 93760 13845 6212 8862 13322 57742
is_linear=0
shrinkage=0.05


Tree=42
num_leaves=15
num_cat=0
split_feature=52 52 80 80 21 93 104 93 68 80 68 84 101 30
split_gain=49.9929 46.568 63.3459 35.1658 42.8222 32.8927 48.4436 44.0451 58.8292 33.9614 29.0494 19.2715 17.4929 11.2089
threshold=-0.42550479475114256 -0.58983697837681526 0.22292333930794989 0.090650118888659398 -0.37887470170802434 -0.0082028037535099661 -0.28358358915407661 -0.023903364641367549 -0.13271727003393416 -0.1390630809128181 0.040521300474883004 1.0000000180025095e-35 0.25676447875848613 1.1354082673321015
decision_type=2 2 2 2 2 2 2 2 2 2 2 2 2 2
left_child=1 2 10 4 -3 7 9 12 -9 -7 -1 -5 -2 -8
right_child=5 3 -4 11 -6 6 13 8 -10 -11 -12 -13 -14 -15
leaf_value=-0.010429655634212238 -0.0042695058746555761 -0.0069569087544943779 0.039637962593727233 0.0046645173695604222 0.041023477724078966 0.01781956826745831 -0.029854392277984827 0.11016355193509737 0.0016290487112507704 -0.010372289264787157 0.037361477780181361 0.039469180690429324 0.034841804990322495 0.006831621276204361
leaf_weight=607.04822655860335 374.12394290661905 57.281962950248271 68.10239903209731 522.34251304587815 188.82807459821925 133.84266680850124 301.67374776646466 11.785680353525093 29.964072815608233 407.03748726438789 23.836407062131912 33.506244038464502 20.902222334552789 18.726306756798294
leaf_count=57701 48574 3859 4281 38006 12434 21660 81887 634 3415 72455 1121 2256 1929 3409
internal_value=0.000300455 0.00649475 -0.00292756 0.0146421 0.0300205 -0.00685692 -0.012477 0.00425663 0.0476348 -0.00319928 -0.00806919 0.00742297 -0.00139085 -0.0275683
internal_weight=2799 1500.95 698.987 801.959 246.11 1298.06 861.28 436.776 41.7498 540.88 630.885 555.849 395.026 320.4
internal_count=353621 119658 63103 56555 16293 233963 179411 54552 4049 94115 58822 40262 50503 85296
is_linear=0
shrinkage=0.05


Tree=43
num_leaves=15
num_cat=0
split_feature=52 36 80 58 83 93 61 44 36 44 19 48 103 80
split_gain=55.2639 35.6184 31.7052 36.325 20.6552 17.5859 10.9637 9.58991 8.82211 8.09111 7.41769 5.09391 3.97584 3.70853
threshold=0.187531313833976 -1.0766368666154797 0.12540578032434396 1.0000000180025095e-35 1.0000000180025095e-35 0.0057318999953004475 -0.26183502955477506 -0.064683296255622677 0.56603177920354919 1.1760037432122725 0.61644281076234841 0.1297181251902533 1.4563069741285768 0.093675723343998041
decision_type=2 2 2 2 2 2 2 2 2 2 2 2 2 2
left_child=1 9 3 -3 -4 6 13 -8 12 11 -11 -1 -7 -2
right_child=5 2 4 -5 -6 8 7 -9 -10 10 -12 -13 -14 -15
leaf_value=0.028614647786160297 0.007091542891639907 0.012638275455751217 -0.0048406480449472919 -0.014208230018591977 0.016205086003409454 -0.03420003484973156 -0.0052476897110166152 0.044732450704214721 0.0058274145815100384 0.061813552752406568 0.0034321948302475829 -0.0040710258019861318 -0.0019826434391318512 -0.022459957253583018
leaf_weight=13.822138618968891 9.3886599854304205 787.99198383436305 1439.6001326842816 141.01108531205682 117.04693376278738 161.3896647816 14.750450533829282 10.202251268769031 13.512220546093884 23.883453056216243 7.9452071264968245 19.567993874836247 11.491580428701125 26.999922485163552
leaf_count=954 3109 65939 134898 15899 10044 88240 6076 3430 4971 1789 578 1616 5727 10175
internal_value=4.25406e-06 0.00222533 0.00119466 0.0084554 -0.00316485 -0.0220647 0.00112547 0.0221389 -0.0293652 0.0361258 0.0515448 0.0129359 -0.032284 -0.0149503
internal_weight=2798.6 2550.87 2485.65 929.003 1556.65 247.735 61.3413 24.9527 186.393 65.2188 31.8287 33.3901 172.881 36.3886
internal_count=353445 231717 226780 81838 144942 121728 22790 9506 98938 4937 2367 2570 93967 13284
is_linear=0
shrinkage=0.05


Tree=44
num_leaves=15
num_cat=0
split_feature=52 58 74 74 16 75 37 61 35 78 48 50 52 23
split_gain=45.2968 30.093 51.2419 49.5227 23.846 14.1348 9.41961 8.44817 6.40771 6.32135 5.82604 5.67475 3.40491 2.61492
threshold=0.2368197715103198 1.0000000180025095e-35 -0.03875545853901164 0.99357678009862493 0.10625024895954176 -0.047944416824700471 0.39293645402850441 1.5137396029270633 -0.20773074235833436 0.48698754313122355 0.58786120934529629 -0.38572845022707714 0.48532952875430146 0.090077867712379148
decision_type=2 2 2 2 2 2 2 2 2 2 2 2 2 2
left_child=1 2 4 -4 -1 7 9 11 -7 -3 -8 -2 -10 -9
right_child=5 6 3 -5 -6 8 10 13 12 -11 -12 -13 -14 -15
leaf_value=-0.0018976306121679814 -0.0034339373218827359 -0.020895129428962666 0.043470086224846383 0.0056163794303106737 0.012484867333856349 -0.014629727696929329 0.021393266183739629 -0.0048532546928214907 0.037062203864497135 0.01889473596683551 -0.010248574818396038 -0.029757906381823487 -0.0026335503273859687 0.026127127754823384
leaf_weight=1637.5157030627015 26.169596045729122 185.62941443730961 137.0249168536975 218.10883346316405 339.32407537815743 6.9337115798261975 18.837801125191618 9.9093155757218465 9.2225987160782079 3.0451309978961936 20.651925483660307 175.76192607043777 5.7795011680063899 2.0920598797092671
leaf_count=153572 13209 22049 11358 17997 26876 3188 1616 5183 3950 229 1968 86904 4421 925
internal_value=0.000127995 0.00208891 0.0038033 0.0210124 0.000621534 -0.0203753 -0.0148571 -0.0242608 0.0132497 -0.0193342 0.00611836 -0.0266694 0.0268328 0.00996782
internal_weight=2796.01 2560.14 2331.97 355.134 1976.84 235.869 228.164 213.933 21.9358 188.675 39.4897 201.932 15.0021 12.0014
internal_count=353445 235665 209803 29355 180448 117780 25862 106221 11559 22278 3584 100113 8371 6108
is_linear=0
shrinkage=0.05


Tree=45
num_leaves=15
num_cat=0
split_feature=52 52 78 50 88 93 93 88 81 88 103 41 39 27
split_gain=51.659 55.3012 69.0258 42.6249 38.8424 32.4863 50.7144 36.8365 32.3833 31.9158 23.2899 32.5148 26.6765 12.0586
threshold=-0.42518375818621029 -0.58983697837681526 -0.56887089661165879 1.0000000180025095e-35 -0.19572937696465029 -0.0082028037535099661 -0.027023129535472635 -0.19561052837497153 -0.032205863635159662 -0.19557693637136972 -0.76334141366609953 -0.86138519440004568 1.0000000180025095e-35 -0.096881241178709346
decision_type=2 2 2 2 2 2 2 2 2 2 2 2 2 2
left_child=1 2 3 -1 -4 6 13 8 -7 -8 11 -3 -12 -2
right_child=5 10 4 -5 -6 7 9 -9 -10 -11 12 -13 -14 -15
leaf_value=-0.023457232357488367 0.0057545249843471338 0.037344581036188151 0.059858064070698304 0.0083015324097129688 0.0080685709344268299 0.017359879013436424 0.0018070543880619406 -0.029126512560419385 -0.011501676342993121 0.074641050546324098 0.011739522583810141 -0.0094679121420805281 0.033601529997764654 -0.011564684036767726
leaf_weight=343.86550345132127 194.33807070122566 37.026181600289419 37.252136571798474 144.56869461783208 173.24288932560012 110.8841188064398 25.860912436066428 235.78079807730683 497.28900826379686 27.721942061471054 399.09731090709101 165.63625155750196 221.2315337266773 188.8117457972694
leaf_count=35810 25253 2413 1907 13309 12107 20756 2331 64406 93958 2318 28406 11988 14437 24384
internal_value=0.000290545 0.00649837 -0.00382354 -0.0140792 0.019533 -0.00707979 0.00393318 -0.0127582 -0.00604384 0.0453016 0.015205 0.000438556 0.0199457 -0.00285725
internal_weight=2802.61 1521.92 698.929 488.434 210.495 1280.69 436.733 843.954 608.173 53.5829 822.991 202.662 620.329 383.15
internal_count=353783 120377 63133 49119 14014 233406 54286 179120 114714 4649 57244 14401 42843 49637
is_linear=0
shrinkage=0.05


Tree=46
num_leaves=15
num_cat=0
split_feature=52 52 78 88 81 74 50 50 79 100 34 50 44 81
split_gain=41.7642 50.9003 67.0646 43.4026 30.5799 30.6977 30.1231 26.509 27.0186 26.3234 24.3434 18.5393 17.0043 10.9984
threshold=-0.47438951710806365 -0.58983697837681526 -0.56887089661165879 -0.19572496641611978 -0.27829360878165876 0.86083507524615788 1.0000000180025095e-35 0.65832635099036951 0.2848282231628862 0.20973867391376824 0.13443324987652336 0.65832635099036951 -0.27101331002932044 0.11656836298826011
decision_type=2 2 2 2 2 2 2 2 2 2 2 2 2 2
left_child=1 2 6 -4 5 12 -1 8 -3 11 -7 -6 -2 -11
right_child=4 7 3 -5 9 10 -8 -9 -10 13 -12 -13 -14 -15
leaf_value=-0.022183570617034985 0.00038653969055715934 0.024771607075197228 0.056605656207654231 0.0056806989083028961 -0.0094602440664021802 0.014827539555594106 0.0047226354977929798 -0.010882290667606388 0.0021708900091941103 -0.0013964904797962529 -0.024750446477008393 -0.028560583915783866 0.055002603936900388 0.023940655272336381
leaf_weight=335.86337113729678 20.435360908712028 458.25077129760757 46.951633902732283 168.03049872512929 869.32784735329187 82.563277657842264 144.38582259067334 81.30131081212312 187.14125202037394 106.93128908584185 57.02089594885183 144.26110027336836 38.20507498527877 60.328136425909179
leaf_count=35844 4391 30786 2290 11800 159592 13463 13197 5525 12915 17137 9028 23286 6245 8475
internal_value=-0.000178479 0.00581418 -0.00384024 0.0188243 -0.00635473 0.0114149 -0.014163 0.0149774 0.0183513 -0.00940845 -0.00191405 -0.0124312 0.0387988 0.00857731
internal_weight=2801 1421.92 695.231 214.982 1379.07 198.225 480.249 726.693 645.392 1180.85 139.584 1013.59 58.6404 167.259
internal_count=353974 112357 63131 14090 241617 33127 49041 49226 43701 208490 22491 182878 10636 25612
is_linear=0
shrinkage=0.05


Tree=47
num_leaves=15
num_cat=0
split_feature=92 81 51 52 92 52 50 93 34 37 81 81 22 48
split_gain=45.5451 25.4087 23.0244 30.5965 18.2923 24.5412 21.095 12.1536 9.46408 11.6293 7.60508 9.68761 6.3552 6.11183
threshold=0.74506695093669573 -0.010434025592707719 0.88159619879776618 -0.58983697837681526 -0.25394613951185968 -0.58983697837681526 0.65832635099036951 0.0057477935503283386 0.4308792042628164 -0.1732027455453434 -1.109801887958525 0.86978599223469444 -0.4713800685674665 -0.85000323938745392
decision_type=2 2 2 2 2 2 2 2 2 2 2 2 2 2
left_child=1 2 3 -1 5 -3 -6 8 9 -2 13 -12 -4 -9
right_child=7 4 12 -5 6 -7 -8 10 -10 -11 11 -13 -14 -15
leaf_value=-0.00095999789783107487 -0.0099576429134667546 -0.0044926637870199935 0.020306885267672648 0.026281987495296501 -0.0025898719092447143 0.010426024679238349 -0.023470452465792005 0.032510756998242622 -0.021611414073303054 0.030763706780819036 -0.034342108260064376 -0.0085569185916964854 -0.012807808095744397 -0.011812255142590142
leaf_weight=160.33618028950877 29.150775316978979 500.73096172232181 7.6212711938424027 275.17255426454358 743.34763684021891 591.66517220099922 135.26622288121143 2.7201292722893404 27.122575664514443 23.593725879109115 135.43370183300431 59.626428516727174 97.951835944375489 11.169528927450299
leaf_count=13874 11543 46517 617 21629 72213 40162 13173 1076 8963 7572 74342 29339 8739 4468
internal_value=-0.000235148 0.00195254 0.011444 0.0164562 -0.000697677 0.0036089 -0.00603247 -0.0186919 -0.00176542 0.0102578 -0.0247856 -0.0272617 -0.00886706 0.00684318
internal_weight=2800.91 2512.09 541.082 435.509 1971.01 1092.4 878.614 288.817 79.8671 52.7445 208.95 195.06 105.573 13.8897
internal_count=354227 216924 44859 35503 172065 86679 85386 137303 28078 19115 109225 103681 9356 5544
is_linear=0
shrinkage=0.05


Tree=48
num_leaves=15
num_cat=0
split_feature=52 58 58 34 75 61 43 100 48 48 35 51 42 60
split_gain=40.3705 24.9285 28.3571 28.2539 11.5629 11.0889 9.09814 8.94355 6.69806 5.58166 5.47367 5.38783 4.11564 3.14896
threshold=0.15439089613521442 0.6373885190640256 -0.40670759077491137 0.57910218145596304 -0.20488064414590451 0.50970766506012721 0.45353637365520888 0.44559361776593148 -0.88994391851891919 -0.94633075964569369 -0.20773074235833375 0.59455731682477675 -0.26304227401899311 1.0950400800782256
decision_type=2 2 2 2 2 2 2 2 2 2 2 2 2 2
left_child=1 2 4 -4 -1 6 9 8 -3 -2 -7 -12 -8 -9
right_child=5 7 3 -5 -6 10 12 13 -10 -11 11 -13 -14 -15
leaf_value=-0.015406410532122503 -0.0047122216517750297 0.0033053549326058623 0.0091621471349817261 -0.0041365502160554801 0.01230414333235965 -0.013341498857099569 -0.016131335204145135 0.024137024561599267 -0.023833718895563162 -0.030334477764730413 0.029016361738474713 -0.012416075538841019 0.016683924694275855 -0.0071961455059843709
leaf_weight=227.06187079451047 29.283455342243542 24.642331813811325 1605.2548363091191 524.03422969809617 37.004292495839763 13.825089330319313 5.7694184300344231 9.9695096785435471 124.78832205425715 148.46887654862076 16.433100278882197 4.6187347582745124 15.686837337838368 7.3716050147777414
leaf_count=23671 16654 2699 138564 45611 3074 7169 2244 915 14716 79720 9242 2476 6187 653
internal_value=0.000793388 0.00263614 0.00395956 0.0058852 -0.011216 -0.0186426 -0.0230297 -0.0155059 -0.0194317 -0.0265892 0.00596348 0.0188551 0.00553707 0.0130571
internal_weight=2794.21 2560.13 2393.36 2129.29 264.066 234.086 199.209 166.772 149.431 177.752 34.8769 21.0518 21.4563 17.3411
internal_count=353595 229903 210920 184175 26745 123692 104805 18983 17415 96374 18887 11718 8431 1568
is_linear=0
shrinkage=0.05


Tree=49
num_leaves=15
num_cat=0
split_feature=52 78 58 80 43 73 42 48 103 16 43 53 85 42
split_gain=35.8665 29.2482 21.3256 26.0401 14.9795 14.6974 14.9177 12.9491 13.6093 11.0771 9.44648 8.74959 7.61897 7.33022
threshold=-0.2600343454686625 -0.29216316757559319 0.6373885190640256 0.077849484654534673 0.19983289887198555 -0.27479313851709369 -0.28181577220072401 -0.75367571912921416 -0.64407070106755537 0.31706432430491571 -0.25955613887510054 0.14880043554140102 0.17437956953790093 -0.65728573583534911
decision_type=2 2 2 2 2 2 2 2 2 2 2 2 2 2
left_child=1 2 3 -1 7 -6 -7 8 -2 11 -9 -3 -4 -11
right_child=4 9 12 -5 5 6 -8 10 -10 13 -12 -13 -14 -15
leaf_value=0.010267290343417085 0.028965870242853839 0.0085979911198505645 -0.025496587598230203 -0.0021453689539359532 -0.01227193839172293 -0.017711720010638862 0.032374509378375979 -0.0036533594043474632 -0.011091701084311891 0.0016751902082340641 -0.027170602835200078 0.037490540104586648 0.0037605228782905797 0.052908327553834705
leaf_weight=609.8635489459848 18.723175391409313 205.72190855967347 91.587270083837211 1319.2940021078102 68.774811703857267 13.316588775051057 43.163964892657532 56.924121744115837 71.026976083201589 9.6545964691322279 215.00075756198203 22.323312044609338 25.487340156221762 23.666760376654565
leaf_count=44997 7320 12768 10014 115752 20262 3798 11752 18541 26130 472 77808 779 2305 1144
internal_value=-5.227e-05 0.00256152 0.000513471 0.00181135 -0.0122415 0.00252456 0.0196776 -0.0172856 -0.000669024 0.0179859 -0.0225518 0.0128824 -0.0193326 0.0418772
internal_weight=2794.53 2307.6 2046.23 1929.16 486.93 125.255 56.4806 361.675 89.7502 261.367 271.925 228.045 117.075 33.3214
internal_count=353842 188231 173068 160749 165611 35812 15550 129799 33450 15163 96349 13547 12319 1616
is_linear=0
shrinkage=0.05


Tree=50
num_leaves=15
num_cat=0
split_feature=79 92 51 85 103 80 52 52 83 47 30 48 75 103
split_gain=32.4741 31.6687 28.8165 26.4297 27.7514 24.8172 43.6821 20.5233 19.8874 14.5103 10.0724 7.62279 7.42636 6.04466
threshold=-0.3479177252348325 0.7952649120517159 0.88159619879776618 0.72993362704347164 -1.2333179680776618 -0.064819402354893793 -0.58983697837681526 -0.52376064872927153 1.0000000180025095e-35 0.97094854991818769 0.78383074998580371 0.035740056645629063 -0.20488064414590421 -1.1792774953651264
decision_type=2 2 2 2 2 2 2 2 2 2 2 2 2 2
left_child=2 3 5 8 -5 6 -1 11 -2 -7 -3 -4 -9 -12
right_child=1 10 7 4 -6 9 -8 12 -10 -11 13 -13 -14 -15
leaf_value=-0.0031316359418551995 -0.0036283682859461438 -0.025464598027854279 0.032108280040833902 -0.011157028624570487 0.029730366996835091 -0.00080325831448564613 0.038445773576006349 -0.020939703465784169 0.017858970096420606 0.025400839245649832 -0.012925944105404447 -0.0031023362664435667 0.019868956300848551 0.028747978202506158
leaf_weight=89.795321453362703 1582.0084364586801 161.48036146398954 25.471422432223335 53.584005036653252 125.20718046033289 242.27919233259308 192.27201849171979 120.14140834650607 105.61496326734778 57.359689449745929 8.6154312040307577 24.285559671930969 4.4228797191753975 8.0146840333618439
leaf_count=7231 148876 90462 2053 4320 9254 26661 23320 18052 9117 5724 3144 2147 646 3246
internal_value=0.00109432 -0.00218576 0.00987737 -0.000213854 0.0175345 0.0151635 0.0255557 -0.00762795 -0.00218637 0.00487131 -0.0217394 0.0172793 -0.0181219 0.0104117
internal_weight=2800.55 2044.53 756.027 1866.41 178.791 581.706 282.067 174.321 1687.62 299.639 178.11 49.757 124.564 16.6301
internal_count=354253 268419 85834 171567 13574 62936 30551 22898 157993 32385 96852 4200 18698 6390
is_linear=0
shrinkage=0.05


Tree=51
num_leaves=15
num_cat=0
split_feature=93 78 78 74 51 48 103 9 51 27 60 76 47 48
split_gain=37.9966 70.6105 39.1293 32.1918 36.0861 21.6414 16.9699 16.9049 15.1789 14.089 13.4318 12.8503 9.52079 8.18909
threshold=0.0056689515057017853 -0.56887089661165879 -0.4669259438088979 -0.034640465688585191 0.55150148452882786 -0.69493942628882399 -0.91496193149558869 0.099016613245353505 0.04918344107609593 -0.096881241178709346 1.3475968818316486 -0.15582402156035821 0.12827548030063976 -1.0027176007724681
decision_type=2 2 2 2 2 2 2 2 2 2 2 2 2 2
left_child=1 7 6 8 -5 11 13 9 -4 -1 -8 -3 -7 -2
right_child=2 5 3 4 -6 12 10 -9 -10 -11 -12 -13 -14 -15
leaf_value=0.0018471191185037304 0.017331791171447595 0.051379333848611146 -0.010772159592877218 0.024576048518453554 -0.015450841110286218 0.0057427336776466678 0.015865564247416385 0.014364992211793685 -0.026467389385349722 -0.010155541761430997 -0.015110517327921198 0.012138760261090301 0.023749787536540307 -0.019640216445411762
leaf_weight=538.5243254279485 10.509233996330293 77.64442587976373 410.30215589528962 104.8423564698096 101.08143804551219 156.7309310377168 273.0222931196331 141.96607700569439 264.09130128396646 433.94246560428292 31.919028522985172 37.436663604159548 143.75244613245013 64.707779541262425
leaf_count=57459 670 5794 74815 18727 20183 11682 19150 12814 64380 46709 2382 2681 11025 4856
internal_value=0.000158838 0.00543879 -0.00624246 -0.0119912 0.0051225 0.0227651 0.0070358 -0.00116707 -0.0172153 -0.00355766 0.0122464 0.0406051 0.0148449 -0.0130469
internal_weight=2790.47 1530 1260.48 880.317 205.924 415.564 380.158 1114.43 674.393 972.467 304.941 115.081 300.483 75.217
internal_count=353327 148164 205163 178105 38910 31182 27058 116982 139195 104168 21532 8475 22707 5526
is_linear=0
shrinkage=0.05


Tree=52
num_leaves=15
num_cat=0
split_feature=52 44 41 103 50 43 73 74 47 100 41 80 6 28
split_gain=31.6217 28.7282 28.9717 39.4755 15.6726 10.1695 9.32104 8.44701 5.40316 5.27054 3.42453 2.33834 1.91712 1.32401
threshold=0.31587978080324702 -0.36217316816488004 -0.61580366349519855 -0.94375961196322067 -0.38572845022707714 0.05220389742573011 -0.50833011931900318 1.0201251210691189 -0.119569540175109 0.53611588517088105 0.24373169467176645 -0.44938148658857296 2.6100463041867865 0.24110396925442767
decision_type=2 2 2 2 2 2 2 2 2 2 2 2 2 2
left_child=1 5 4 -4 -3 6 -1 9 -7 12 11 -9 -2 -11
right_child=7 2 3 -5 -6 8 -8 10 -10 13 -12 -13 -14 -15
leaf_value=-0.017796698168082846 -0.035587162658201429 0.033187031812156452 -0.011539785981937358 0.0059455843028491419 0.010364666286208551 -0.010910877522386953 -0.0038485559505068074 0.030269659228604182 0.012644161135911134 -0.0084217220894176516 -0.012998597067960728 -0.0063690966104920496 0.004025349362720327 0.013410088612717593
leaf_weight=235.88535544350452 75.715718553197803 88.939090578496689 429.1794923954003 1208.793314832481 395.61717902451346 25.527452946029371 247.33604261098662 4.718883960187668 74.057307245893753 4.6536673102746118 3.5011687001388054 2.0268548387248284 1.1808309825719323 3.7507855970397941
leaf_count=27657 50995 8735 52168 126043 39741 3077 26737 2194 8372 2470 1710 1017 785 2088
internal_value=0.000791181 0.00183214 0.00453264 0.00132187 0.01514 -0.00791342 -0.0108801 -0.0260635 0.00616143 -0.0308956 0.00955401 0.0220316 -0.0345856 0.00331388
internal_weight=2800.88 2705.34 2122.53 1637.97 484.556 582.806 483.221 95.5479 99.5848 85.301 10.2469 6.74574 76.8965 8.40445
internal_count=353789 292530 226687 178211 48476 65843 54394 61259 11449 56338 4921 3211 51780 4558
is_linear=0
shrinkage=0.05


Tree=53
num_leaves=15
num_cat=0
split_feature=85 52 43 80 103 99 74 79 104 88 41 81 41 34
split_gain=30.1524 31.6178 26.0193 19.5397 18.2185 17.4918 14.1399 12.0674 10.8772 12.1373 10.4013 8.84508 7.86693 6.95074
threshold=0.16132493783695354 -0.34537946010286852 0.092493011909045394 0.093055086532646283 -1.3292648576219219 0.19447194930672609 0.22367489195431584 -0.25246859584917652 -0.28358609949402835 -0.19558089448324043 1.2833601755022863 -0.0097742729247549259 -1.0210131894881962 -0.31023568170291621
decision_type=2 2 2 2 2 2 2 2 2 2 2 2 2 2
left_child=1 2 7 -4 11 6 -3 -1 10 -10 -6 12 -2 -7
right_child=4 5 3 -5 8 13 -8 -9 9 -11 -12 -13 -14 -15
leaf_value=0.0033602824907023941 0.033111967579900647 -0.023736213361717367 0.022246316837189802 0.0026123029589839209 0.033575184886321267 0.022869415376924926 -0.000357200431454861 -0.0068456091973421659 -0.0034473258677149622 0.01743074821267326 -0.0024183084414479139 -0.024783935108038082 -0.0035636701647325402 -0.0037972419034929595
leaf_weight=435.88958428404294 7.6234179083112386 288.09287737587147 188.23962013772689 360.01550773286726 104.5957578477537 25.561586417432409 82.988229591705021 825.10304067889228 107.30751376532135 174.20333731043502 22.774759755411651 32.575085858727107 77.741870334219129 71.132529260255978
leaf_count=33929 771 103341 12634 28516 11529 6198 22663 73161 11172 17935 2563 4532 9201 16027
internal_value=0.00012261 -0.002381 0.000636648 0.00963125 0.0107865 -0.0138216 -0.0186543 -0.00331904 0.0156959 0.0096271 0.0274318 -0.00613032 0.00284027 0.00473496
internal_weight=2803.84 2277.02 1809.25 548.255 526.822 467.775 371.081 1260.99 408.881 281.511 127.371 117.94 85.3653 96.6941
internal_count=354172 296469 148240 41150 57703 148229 126004 107090 43199 29107 14092 14504 9972 22225
is_linear=0
shrinkage=0.05


Tree=54
num_leaves=15
num_cat=0
split_feature=93 88 93 88 74 74 36 52 58 75 60 47 60 36
split_gain=36.0119 57.9347 50.6116 43.2986 34.3708 32.7621 25.7802 20.3624 19.8037 14.2664 13.2403 12.0059 9.00706 6.60039
threshold=-0.0082028037535099661 -0.19561052837497153 -0.030260494407125353 -0.19561052837497153 -0.03875545853901164 0.99357678009862493 -0.51996645548654941 -0.34537946010286852 -0.086979500024233186 0.20678358307634406 1.1627781866658979 -0.31784555655570818 -0.054172430475723642 0.8403383757681101
decision_type=2 2 2 2 2 2 2 2 2 2 2 2 2 2
left_child=2 4 6 -4 7 -6 10 -2 -8 13 -1 -5 -11 -3
right_child=1 9 3 11 5 -7 8 -9 -10 12 -12 -13 -14 -15
leaf_value=0.030807447895351892 0.00051405440370871848 -0.028859813182370589 0.00014862120543726115 0.013269869926045889 0.044246048484876829 0.001993604675503156 -0.014934318147232471 -0.018046189290717097 0.0032315812468539326 0.027218900363042853 -0.0089899703848178806 0.070422043177611679 -0.014759044104781996 0.0060955016840602665
leaf_weight=102.66074683290208 607.63672034512274 271.16721946767211 51.310110064106993 17.249948565789964 69.107889228544082 111.60139114171034 163.20976899575908 185.04104226195341 1112.0671131047566 14.425780064499124 20.910522422345821 50.178827237454243 17.570069435125333 10.865587351639986
leaf_count=8354 48662 63549 3478 1084 9984 15486 19685 67516 103559 2831 1680 3250 3425 1744
internal_value=0.000586818 -0.00554096 0.00578744 0.0357983 0.000549517 0.0196248 0.003004 -0.00398946 0.000808605 -0.0238538 0.0239041 0.0594032 0.00614192 -0.0273505
internal_weight=2805 1287.42 1517.59 118.739 973.387 180.709 1398.85 792.678 1275.28 314.029 123.571 67.4288 31.9958 282.033
internal_count=354287 213197 141090 7812 141648 25470 133278 116178 123244 71549 10034 4334 6256 65293
is_linear=0
shrinkage=0.05


Tree=55
num_leaves=15
num_cat=0
split_feature=92 99 92 103 41 103 68 51 74 104 93 93 74 60
split_gain=32.2129 27.4698 26.7852 40.4472 44.2444 36.3768 34.6412 17.7916 12.0792 26.6922 15.9688 10.6566 7.29242 5.18556
threshold=0.32777559861780475 0.19447194930672609 -1.9028887388535494 -0.80496764563853807 -1.0087341129429539 1.6275769506842748 -0.10416732302109788 0.59455731682477775 0.22367489195431584 -0.28358615362861023 0.0057318999953004475 -0.00025519648333204888 -0.098356484017769322 -0.49415685644585211
decision_type=2 2 2 2 2 2 2 2 2 2 2 2 2 2
left_child=2 8 6 4 -4 -5 7 -1 10 -10 -2 13 -13 -3
right_child=1 11 3 5 -6 -7 -8 -9 9 -11 -12 12 -14 -15
leaf_value=-0.011940015436568335 -0.0048860932830046512 0.0026978794971835082 0.033119129232315844 0.013258021589498148 -0.014096002166891787 -0.028683623068830568 0.029314079535103552 0.0096850386251201431 0.031817223295529599 -0.018649471542775447 -0.028644485048446064 -0.010399561955671884 0.016306781642703178 0.036788208398713905
leaf_weight=542.2668986513745 110.43167644735513 18.374024471573648 48.5100656026043 1122.8621277554194 326.8062821951462 44.976641975576058 57.743188555119559 107.017491185572 30.894134892732836 62.930286193579377 213.52515498113644 65.615735109146044 28.679695382044883 27.093438485098886
leaf_count=51907 27285 2802 3218 82973 26496 3774 2404 9165 7749 17630 90476 18542 5898 3747
internal_value=0.000494434 -0.0101572 0.00316693 0.00684591 -0.00729224 0.0114129 -0.00484629 -0.00828285 -0.0164808 -0.000568012 -0.0209345 0.00858371 -0.0014922 0.0259819
internal_weight=2807.73 557.544 2250.18 1543.16 375.316 1167.84 707.028 649.284 417.781 93.8244 323.957 139.763 94.2954 45.4675
internal_count=354066 174129 179937 116461 29714 86747 63476 61072 143140 25379 117761 30989 24440 6549
is_linear=0
shrinkage=0.05


Tree=56
num_leaves=15
num_cat=0
split_feature=44 58 74 93 103 48 60 58 41 92 33 60 34 93
split_gain=37.7285 33.0217 29.3893 25.3473 23.0511 19.8017 12.5889 15.2909 12.5289 9.76429 9.12766 5.47224 4.94552 3.28692
threshold=0.47961150505857808 0.7160432506770843 -0.30708879282461665 -0.0074702991947937676 -0.80496764563853807 -1.294049613260803 1.0805022194394784 -1.4302322096299374 0.36652246012419004 -0.20597136491537874 -0.76937305727238958 -0.63471638194918767 -1.2325119842380501 -0.0061708742313744029
decision_type=2 2 2 2 2 2 2 2 2 2 2 2 2 2
left_child=1 2 3 -1 8 -4 7 -6 10 -10 -2 -3 -13 -8
right_child=4 11 5 -5 6 -7 13 -9 9 -11 -12 12 -14 -15
leaf_value=0.00056393449732022297 -0.015294991228584348 0.0067232794666762623 0.035142170294471711 -0.011645429966807522 -0.010812633254838321 0.0048653258534231752 0.01075765077490148 0.037634886122908405 0.0075145485591103806 -0.021055482835836727 0.025050013460304138 0.0024012762103293424 -0.029699779110024957 -0.014242632602438089
leaf_weight=960.84459023951786 10.757418523891827 9.1168126883276255 50.666450820295722 751.1431638370268 14.045130535319911 544.81108668241359 18.001517483731732 129.62682626603055 44.724716838216409 60.943276540681836 52.652978298516246 11.541468750394413 132.03031904842646 14.854133375745731
leaf_count=92683 1357 1648 5520 125510 1504 63304 1274 12582 3379 10338 6099 2045 24843 2098
internal_value=-0.000856438 -0.00304559 -0.00150382 -0.0048295 0.0143742 0.0079793 0.0264952 0.0325033 0.00094629 -0.0093588 0.0170544 -0.0248205 -0.0271309 -0.00123106
internal_weight=2805.76 2460.15 2307.47 1711.99 345.606 595.478 176.528 143.672 169.078 105.668 63.4104 152.689 143.572 32.8557
internal_count=354184 315553 287017 218193 38631 68824 17458 14086 21173 13717 7456 28536 26888 3372
is_linear=0
shrinkage=0.05


Tree=57
num_leaves=15
num_cat=0
split_feature=58 51 80 47 58 37 87 92 103 57 49 42 40 48
split_gain=32.6456 28.2894 29.8362 27.1638 23.7419 6.84615 6.19343 4.6052 3.30986 3.99321 2.98609 2.68221 2.16678 1.2964
threshold=0.55844113018860175 1.4556739627437472 -0.064819402354893793 -0.11956954017510915 -0.086979500024233186 0.59684776981692877 0.75569771530163521 -0.69946372854985039 -0.25179693424832655 1.676283642955454 0.11615841837829245 -1.5333823176494741 0.99339662314423216 -0.53047780633573161
decision_type=2 2 2 2 2 2 2 2 2 2 2 2 2 2
left_child=1 2 3 -1 -4 6 10 12 13 -10 -2 -9 -3 -7
right_child=5 7 4 -5 -6 8 -8 11 9 -11 -12 -13 -14 -15
leaf_value=-0.00081949226879656693 -0.031014936604628892 -0.01048048596635155 -0.014666792885275521 0.019841151106294697 0.0010874585311471143 0.0062562401622271741 0.014580035644889494 -0.0011786016827045292 -0.0060523388740680254 0.0303984303889905 -0.013661305786878087 -0.032867311013161163 0.013280721316657168 -0.017208544414004781
leaf_weight=273.42316219053464 97.436384271117277 20.991622885921974 271.15145594673231 367.92507522547385 1593.4938794911941 2.4059622376225898 4.1536160211544475 8.1670848597423156 9.1653848662244837 5.7867799430678124 66.482618937996449 64.874476563141798 4.3212257586419573 10.138037351702224
leaf_count=28835 18841 1664 36981 40140 198248 233 577 1362 1094 644 12722 10863 303 1446
internal_value=-0.000642815 0.000868057 0.00194211 0.0111556 -0.0012695 -0.0198263 -0.0234209 -0.0241517 0.00253269 0.0145838 -0.0251668 -0.0298927 -0.00381196 -0.0119292
internal_weight=2799.92 2604.35 2505.99 641.348 1864.65 195.569 168.073 98.3544 27.4962 14.9522 163.919 73.0416 25.3128 12.544
internal_count=353953 318396 304204 68975 235229 35557 32140 14192 3417 1738 31563 12225 1967 1679
is_linear=0
shrinkage=0.05


Tree=58
num_leaves=15
num_cat=0
split_feature=58 81 44 48 92 34 92 85 100 41 48 38 29 103
split_gain=36.4569 36.5502 25.0662 38.361 19.143 18.3371 16.5671 10.6273 8.41235 7.24797 6.92995 3.5504 3.16803 1.52281
threshold=1.0000000180025095e-35 -1.109801887958525 -0.1626059065325984 -0.025345687908376668 0.76640649538443995 1.0073018933472755 -1.9028887388535494 0.61218255187867576 0.65714664343012763 -1.2420365673025586 0.33177097256119531 -0.50525587271066896 0.12108425073855798 1.2261854000082886
decision_type=2 2 2 2 2 2 2 2 2 2 2 2 2 2
left_child=1 5 4 -4 -3 6 -1 8 9 -2 11 -9 -10 -12
right_child=7 2 3 -5 -6 -7 -8 10 12 -11 13 -13 -14 -15
leaf_value=0.0041680723051270921 0.0039847043445366426 -0.0022844668650178327 0.017626858511013678 -0.0010749093746404191 -0.024483189650052712 -0.014844520396218995 0.058548968956026765 -0.005302035854118977 -0.0084297766397581405 -0.027080615359485794 -0.016216195935258883 0.036027219605377317 0.022081626682687528 0.0080249024071576101
leaf_weight=21.311437347438186 18.130416612279078 1222.8399886819534 429.93702760168526 725.01577364915283 95.814560383831122 11.311113419156753 42.553846974187763 3.9944598122965536 8.8641487790155242 186.58793385929312 14.465219333505958 9.2287298110022693 7.545085476289386 2.0300318242807398
leaf_count=1713 3227 108430 44300 87926 60512 1130 4837 456 1327 36214 1797 999 921 201
internal_value=-7.69357e-05 0.0017386 0.000627141 0.00597847 -0.00406958 0.0339428 0.0434234 -0.0178836 -0.0215605 -0.0242719 0.00801556 0.0266354 0.00864862 -0.0113301
internal_weight=2799.63 2548.78 2473.61 1154.95 1318.65 75.1764 63.8653 250.846 221.128 204.718 29.7184 13.2232 16.4092 16.4953
internal_count=353990 308848 301168 132226 168942 7680 6550 45142 41689 39441 3453 1455 2248 1998
is_linear=0
shrinkage=0.05


Tree=59
num_leaves=15
num_cat=0
split_feature=58 74 74 74 92 58 50 78 8 48 44 100 78 8
split_gain=29.773 32.2639 33.2505 33.2266 23.5837 22.1169 18.8129 14.5972 7.14669 6.56786 8.32041 3.90219 2.6401 2.01271
threshold=0.1544971328332177 -0.03875545853901164 0.86083507524615788 1.0201251210691189 -0.10154303516975709 -1.4372224832940832 -0.38572845022707714 0.27035451842535629 -0.75193317956720407 -0.85000323938745392 -0.010919322911954051 1.468793859028892 -0.3813650012780091 -1.4227126689934788
decision_type=2 2 2 2 2 2 2 2 2 2 2 2 2 2
left_child=1 4 7 -4 5 -1 -6 -3 12 10 -10 -11 13 -2
right_child=8 2 3 -5 6 -7 -8 -9 9 11 -12 -13 -14 -15
leaf_value=-0.023721106150200975 -0.0026401527888145716 0.037921598521631739 -0.011110877923667956 0.023080154316352252 0.011262161397567699 0.0057818388716478052 -0.008973396567627287 -0.004828401273692124 -0.011611220352083203 -0.023959059104733879 0.029507588609900201 0.0064274906464093758 -0.0086058812053295772 0.034970601443064062
leaf_weight=57.567020093090832 3.1373156108893454 131.99872853275156 158.542294371975 113.14050144897192 123.68277048515665 1108.650384850218 857.30430305665504 20.787602581876854 35.177172323572449 171.61094008076907 6.9092058648966477 7.2463762995903371 2.6237383832922188 2.6298659443855286
leaf_count=5457 231 10310 16881 12508 22562 82666 154826 6459 6528 33185 845 861 542 243
internal_value=0.00029383 0.00185678 0.0142832 0.00344163 -0.000654559 0.00413622 -0.0063342 0.0321659 -0.0165778 -0.018472 -0.000491726 -0.0224528 0.0162227 0.0258124
internal_weight=2801.01 2571.67 424.469 271.683 2147.2 1166.22 980.987 152.786 229.335 220.944 42.0864 178.857 8.39092 5.76718
internal_count=354104 311669 46158 29389 265511 88123 177388 16769 42435 41419 7373 34046 1016 474
is_linear=0
shrinkage=0.05


Tree=60
num_leaves=15
num_cat=0
split_feature=84 79 92 92 92 50 75 41 103 59 103 103 50 61
split_gain=24.0113 30.1271 27.3604 20.0878 19.186 17.8631 16.6202 21.4746 10.3426 9.49081 10.5388 4.23209 2.74395 2.12933
threshold=1.0000000180025095e-35 -0.37663006496872897 -0.16725827742669347 -1.4169905509053369 -1.9028887388535494 0.65832635099036618 1.2649982780166977 -1.2747807714232049 1.2697520186885158 -0.4793872557675844 -1.2333179680776618 -0.45351084234553884 0.13629895038164588 -0.029802770882709641
decision_type=2 2 2 2 2 2 2 2 2 2 2 2 2 2
left_child=1 6 4 12 -3 -4 7 -1 -8 11 -11 -5 13 -2
right_child=3 2 5 9 -6 -7 8 -9 -10 10 -12 -13 -14 -15
leaf_value=0.035239129837067625 -0.026283396180179754 -0.0053000708901480642 -0.0064262252182794499 -0.013265689631666642 0.0084347607341203057 -0.02427497301881652 0.037533803721304042 0.0028501083500631686 -0.01201192103849303 -0.0070617319575850268 0.054545771239042598 0.017878020332921653 0.008669956818931724 0.0043807738489133876
leaf_weight=45.967553812537517 14.65052564395592 466.54866579244845 785.17256400269252 6.8818880835315204 536.10772288753651 164.54188905573392 55.875238264357904 629.60500885347574 7.6532818711566497 5.6006115186901289 39.90776174311759 29.464458488102537 4.8653340400196603 4.05612512305379
leaf_count=4986 1697 43305 153038 776 35804 28756 4479 72250 578 549 3780 3125 476 432
internal_value=0.000507864 -0.000448171 -0.00370287 0.0228391 0.00205454 -0.00973931 0.00808394 0.0055358 0.0307432 0.0336802 0.0470576 0.0103913 -0.0136257 -0.0204246
internal_weight=2796.9 2691.47 1952.37 105.427 1002.66 949.714 739.101 675.573 63.5285 81.8547 45.5084 36.3463 23.572 18.7067
internal_count=354031 343196 260903 10835 79109 181794 82293 77236 5057 8230 4329 3901 2605 2129
is_linear=0
shrinkage=0.05


Tree=61
num_leaves=15
num_cat=0
split_feature=51 79 82 37 52 51 38 92 35 104 101 104 104 37
split_gain=29.2808 29.7882 30.0452 22.1701 13.2592 19.0467 12.2896 11.04 10.849 3.39824 3.26103 3.13053 1.98531 1.98079
threshold=1.1686350807707588 -0.31216160984896152 1.0000000180025095e-35 0.42742962736407875 -0.58983697837681526 0.59455731682477775 -1.1596624513421503 -0.69946372854985039 0.89827489506707403 -0.28350203411524161 0.54468487448139002 -0.18443555950142257 -0.26812224201989138 -0.20741856299342634
decision_type=2 2 2 2 2 2 2 2 2 2 2 2 2 2
left_child=1 4 3 -3 8 -6 -4 9 -1 13 -9 -11 -12 -2
right_child=7 2 6 -5 5 -7 -8 10 -10 11 12 -13 -14 -15
leaf_value=-0.0079598050363138256 -0.0047292435095400822 -0.0062520033723322327 -0.009587886172264767 0.0097748137667488782 0.019479789276352768 -0.0023900602849812771 0.022586397289368336 -0.034263597938083465 0.016717736978116553 -0.021489777576698604 -0.013320466030783865 0.0098533043038209756 0.012455272110094477 0.021610359856391249
leaf_weight=148.48875466873869 6.289075655629861 1538.2248491309256 30.528725071053486 241.57578870990255 384.22017190690531 130.48520711029414 149.10995644846116 79.586670199118089 51.979498688364401 11.294578718952836 6.3653749269142281 5.4042546877171835 3.9114518732530978 10.719832292292265
leaf_count=12144 572 212717 3193 26388 43176 18745 14807 14758 3823 894 1006 437 577 892
internal_value=1.90587e-05 0.00115581 -0.00203879 -0.00403419 0.00981582 0.0139956 0.0169013 -0.0228297 -0.00107086 0.00148475 -0.0311854 -0.0114549 -0.00220565 0.0137261
internal_weight=2798.18 2674.61 1959.44 1779.8 715.174 514.705 179.639 123.571 200.468 33.7077 89.8635 16.6988 10.2768 17.0089
internal_count=354129 334993 257105 239105 77888 61921 18000 19136 15967 2795 16341 1331 1583 1464
is_linear=0
shrinkage=0.05


Tree=62
num_leaves=15
num_cat=0
split_feature=93 88 93 68 58 51 44 23 60 75 51 92 100 92
split_gain=33.1018 58.1742 42.1993 145.649 23.2297 21.7397 20.9652 17.3225 11.4809 10.9076 8.81797 8.64854 6.24256 4.38259
threshold=-0.0082028037535099661 -0.19561052837497153 -0.030260494407125353 -0.13272595485491975 -0.086979500024233186 0.88159619879776829 1.0000000180025095e-35 0.23343563211574236 -0.69800784048992004 -0.20488064414590451 0.70937286961397339 -0.91049814361452086 -0.1171774753031407 -0.6049201462364534
decision_type=2 2 2 2 2 2 2 2 2 2 2 2 2 2
left_child=2 5 4 10 8 6 -2 -6 -1 11 -4 -3 -5 -7
right_child=1 9 3 12 7 13 -8 -9 -10 -11 -12 -13 -14 -15
leaf_value=-0.022691642666972746 -0.0020494818773014018 0.0173450792696405 0.13965696119831314 -0.010210162618847149 0.0026091809691379769 0.014223291425929679 0.014494500265125294 0.018294291695640584 0.0034744443307452178 -0.0014508499255496536 0.022883681254188562 -0.029560271582042958 0.012759441724098564 -0.02310772103017859
leaf_weight=111.5701508281054 606.45093710478977 4.0248045823536804 16.481552773737352 46.857272139750421 1030.3404156439356 2.0198873844929031 268.53574081253464 203.5317344525829 60.358038893551566 45.888495932940714 6.5607217589858911 250.15232046823803 51.937469932512613 92.121697047186899
leaf_count=13674 88927 248 682 3407 96947 90 34946 15152 7370 10381 318 60900 3360 17295
internal_value=0.000516861 -0.00542764 0.00545886 0.0325179 0.0029006 0.000597464 0.00313432 0.00532277 -0.0138196 -0.0242787 0.123397 -0.0281891 0.00192809 -0.0210179
internal_weight=2796.83 1269.19 1527.64 121.837 1405.8 969.128 874.987 1233.87 171.928 300.066 23.0423 254.177 98.7947 94.1416
internal_count=353697 212787 140910 7767 133143 141258 123873 112099 21044 71529 1000 61148 6767 17385
is_linear=0
shrinkage=0.05


Tree=63
num_leaves=15
num_cat=0
split_feature=16 92 57 93 51 74 34 41 60 99 21 104 46 44
split_gain=25.4607 23.9598 20.3777 19.2997 18.874 16.8834 16.4866 10.3938 9.74222 8.01445 7.41847 6.47746 3.095 4.07859
threshold=0.58000171905234554 0.32777559861780475 -0.042460808259091203 1.0000000180025095e-35 0.29316649075313556 0.22367489195431584 0.59557140114409035 1.8277325690080308 1.0339519721301047 0.57866347753943137 1.4385490331202655 -0.28358624331339949 0.69393760390599424 1.0179951622222363
decision_type=2 2 2 2 2 2 2 2 2 2 2 2 2 2
left_child=1 2 11 4 -3 -5 -4 8 10 -10 -2 -1 13 -9
right_child=7 3 6 5 -6 -7 -8 12 9 -11 -12 -13 -14 -15
leaf_value=0.0064357313746242345 0.027362946376825438 -0.0080848411654016236 0.0044719785139938194 -0.024443303291675295 0.028379491040015199 0.0004740423086640798 -0.0065515801547750829 -0.010915952915976699 -0.019396453706002934 0.016572894903818174 -0.0047222848132011932 -0.022943799211681184 -0.018508612248269992 0.024899078491253269
leaf_weight=17.9883734267205 152.66710846072237 102.8194444976034 1524.5360121136764 246.82530859343751 41.97030850907322 91.944946695344697 425.98261879489291 8.6926823714748007 21.803570816962747 20.303562654851703 17.23328590154415 102.16009225021116 19.577663132717134 4.6292369332513763
leaf_count=1584 14558 24247 121643 105726 6611 25535 35201 1020 2213 1881 1558 9761 1961 531
internal_value=-8.3026e-05 -0.0015809 0.000775128 -0.011481 0.00363566 -0.0178608 0.00204336 0.014988 0.0189534 -0.00220044 0.0240269 -0.0183886 -0.00902655 0.00686934
internal_weight=2799.13 2554.23 2070.67 483.56 144.79 338.77 1950.52 244.907 212.008 42.1071 169.9 120.148 32.8996 13.3219
internal_count=354030 330308 168189 162119 30858 131261 156844 23722 20210 4094 16116 11345 3512 1551
is_linear=0
shrinkage=0.05


Tree=64
num_leaves=15
num_cat=0
split_feature=58 44 27 103 74 51 42 47 23 34 22 49 41 80
split_gain=24.5877 22.6691 29.643 26.6853 21.4819 19.9 15.5787 10.9247 6.98441 4.87197 4.71164 4.15592 4.36641 3.38579
threshold=1.0000000180025095e-35 -0.15614175690096802 -0.22228963494726137 -0.80496764563853807 1.0201251210691189 -0.55359821106718166 -0.28181577220072401 0.30176699463366413 0.30051345997898021 0.7932020374016191 0.69589887558027164 1.7894477347553419 -1.2747807714232049 -0.75962231266290869
decision_type=2 2 2 2 2 2 2 2 2 2 2 2 2 2
left_child=1 4 5 -4 7 -3 -6 -1 11 10 -10 12 -2 -11
right_child=8 2 3 -5 6 -7 -8 -9 9 13 -12 -13 -14 -15
leaf_value=-0.0070662432870008457 0.0024594801475405223 -0.0026739920865435658 -0.011582429854688285 0.0077870993409975267 -0.010239192256655623 0.021786056436674504 0.037671974155526144 0.0032000218630046265 0.025567070988347013 0.011042784016571992 -0.0098609999740137625 0.011503640007143139 -0.022354670790990527 -0.021265453792015977
leaf_weight=961.81909915423239 17.544152825190395 104.98557926864305 283.3785529659217 441.4346873242248 19.581261687068036 355.85056496145262 43.753063101758016 346.6655081688732 17.084281050178109 4.5544478796655339 7.8070813828671808 4.8029865043354212 174.54953262658819 15.525787166799999
leaf_count=124766 3029 12644 36175 45825 2263 38485 4897 43856 2083 562 1015 822 35624 1997
internal_value=8.50256e-06 0.00147095 0.00650718 0.000159674 -0.0028974 0.0162752 0.0234828 -0.00434269 -0.0148996 0.00245171 0.0148137 -0.0187896 -0.0200788 -0.0127026
internal_weight=2799.34 2557.47 1185.65 724.813 1371.82 460.836 63.3343 1308.48 241.868 44.9716 24.8914 196.897 192.094 20.0802
internal_count=354043 308911 133129 82000 175782 51129 7160 168622 45132 5657 3098 39475 38653 2559
is_linear=0
shrinkage=0.05


Tree=65
num_leaves=15
num_cat=0
split_feature=48 73 59 87 46 101 43 103 52 42 41 93 30 61
split_gain=28.0715 27.8847 21.4988 18.2075 16.362 13.4375 12.9961 12.2367 11.5214 10.2907 10.0845 9.42971 6.72187 6.0352
threshold=-0.21565127671124065 -0.49899670527130152 -0.6570696388827667 0.2450888005791059 -0.7508894533949243 -0.12512952181621154 0.37476172538981828 -0.76334141366609953 -0.2600343454686625 0.65685913688583686 -1.3648273327549822 -0.030914625719130132 0.70384609368277606 -0.56171285596505138
decision_type=2 2 2 2 2 2 2 2 2 2 2 2 2 2
left_child=1 2 12 5 -4 8 10 -5 -2 -7 -3 -8 -1 -9
right_child=3 6 4 7 -6 9 11 13 -10 -11 -12 -13 -14 -15
leaf_value=-0.022292205306909278 -0.0057230785191712263 0.026076458000843412 -0.0092020974681425033 -0.0055004449503760445 0.009014094078682219 -0.0026742035737444578 0.0031885502238134956 -0.0051804623066130338 -0.018597000960202583 0.020863797726997053 0.0074417250273009208 0.049533278856360774 0.01556856240290134 0.034926386130309926
leaf_weight=123.04410237658885 998.184615289676 77.290301862718479 182.09307302366506 38.165220326234703 335.5773639418403 119.14597815237357 17.33727487095166 8.4105804331629752 205.68481484378572 64.134305530635174 549.10199031323646 28.797430122584046 5.9134401606861493 46.632193970697699
leaf_count=16544 88349 9074 23354 4765 39394 12552 1024 865 77320 6263 65438 3473 539 4804
internal_value=4.02734e-05 0.00532304 -0.00208747 -0.00467136 0.0025535 -0.00614082 0.0123744 0.0156737 -0.00805771 0.00621564 0.0101147 0.0357877 -0.0195606 0.0289438
internal_weight=2799.51 1319.15 646.628 1480.36 517.67 1387.15 672.527 93.208 1203.87 183.28 626.392 46.1347 128.958 55.0428
internal_count=353758 158840 79831 194918 62748 184484 79009 10434 165669 18815 74512 4497 17083 5669
is_linear=0
shrinkage=0.05


Tree=66
num_leaves=15
num_cat=0
split_feature=92 44 48 58 73 43 74 27 46 93 52 74 93 5
split_gain=24.3012 23.8351 32.9423 24.7843 17.5926 15.5401 9.6615 9.24606 7.59186 4.8017 2.76353 2.62943 1.80232 1.52088
threshold=0.82865603758368611 -0.3419490245069492 -0.91813733908230644 1.0326533462092513 -0.26385716716899221 0.05220389742573011 -0.30706166042014488 -1.1558854552242595 -0.46192404193474068 -0.0025435115924850962 0.5677801869813397 1.0201251210691189 -0.0089660045207383115 2.7023772360071687
decision_type=2 2 2 2 2 2 2 2 2 2 2 2 2 2
left_child=1 5 4 -4 -3 6 -1 11 -7 10 -9 12 -2 -11
right_child=7 2 3 -5 -6 8 -8 9 -10 13 -12 -13 -14 -15
leaf_value=-0.01401440012173168 0.013197911149121675 0.010861334874347683 0.0036350458920723521 -0.022429108314169135 0.039192570525123233 -0.0014023500068089726 0.00076220634437475579 0.018894024235012599 0.021436728441063407 -0.034374165848368769 -0.012375998147424176 0.028826713203958132 -0.013213046365424117 0.0039904253652485325
leaf_weight=385.81877242144401 0.94069709585164663 165.09749718183593 1709.0859086236742 86.401124286960112 81.965914255997632 81.419971961484407 152.14721690265287 3.0180787427234446 54.164355876986519 65.260689995971916 5.6976576406741515 1.4139118900639003 6.8818509352058737 0.64879780160845157
leaf_count=46066 357 15286 180024 13181 6686 9335 16247 1271 6318 50158 2430 521 5674 445
internal_value=0.00112961 0.00198695 0.00467367 0.00226352 0.0214195 -0.00610972 -0.00989765 -0.0238913 0.00856734 -0.0294574 0.00276183 0.0130148 -0.00441387 -0.0335206
internal_weight=2799.96 2716.1 2042.55 1795.49 247.063 673.55 537.966 83.8617 135.584 74.6252 8.71574 9.23646 7.82255 65.9095
internal_count=353999 293143 215177 193205 21972 77966 62313 60856 15653 54304 3701 6552 6031 50603
is_linear=0
shrinkage=0.05


Tree=67
num_leaves=15
num_cat=0
split_feature=51 43 82 34 100 74 44 58 92 13 73 101 2 88
split_gain=24.2117 22.2409 26.3975 19.1436 22.4794 18.6814 16.6864 14.9322 11.2157 4.84001 4.40673 4.3326 2.57406 1.77851
threshold=1.1686350807707588 0.094657881149655496 1.0000000180025095e-35 0.052087151435886367 0.082860418393012364 1.0201251210691189 -0.26446395257288019 0.7160432506770843 -0.69946372854985039 -0.15819110207078782 0.61282213202864522 0.058108415296584622 2.915947554482591 -0.12864164486002139
decision_type=2 2 2 2 2 2 2 2 2 2 2 2 2 2
left_child=1 2 7 5 -5 -3 -4 -1 9 -2 -11 12 -10 -13
right_child=8 3 6 4 -6 -7 -8 -9 11 10 -12 13 -14 -15
leaf_value=-0.0020384319254403076 -0.014765616676192138 0.012384281428689185 -0.0026674295437954798 -0.006989128970069711 0.018526320727354939 0.052770476527327637 0.028765296199685181 -0.021632662800312039 -0.035385491418667113 0.029475875669348561 -0.0060969183489381204 -0.010296652676629801 0.0060169288539660415 0.013459569073555581
leaf_weight=1593.5567160199316 12.708616118645294 409.2734296454837 65.270971557605662 285.04249496812554 112.02893132173631 22.426401326942141 101.91087323479587 93.817283832322573 68.378454228804912 10.647210674360396 10.129513407591729 13.867973613407228 1.1435634171357367 2.0581763448426491
leaf_count=198578 1070 49895 6903 36926 10918 2730 9464 19258 13641 839 856 2319 164 339
internal_value=0.000699325 0.00171015 -0.00133877 0.0084674 0.000488015 0.0156295 0.0170354 -0.00324889 -0.0204703 0.00346231 0.0157868 -0.0292292 -0.0340335 -0.00321924
internal_weight=2802.26 2683.33 1854.56 828.771 397.071 431.7 167.182 1687.37 118.934 33.4853 20.7767 85.4482 69.522 15.9261
internal_count=353900 334672 234203 100469 47844 52625 16367 217836 19228 2765 1695 16463 13805 2658
is_linear=0
shrinkage=0.05


Tree=68
num_leaves=15
num_cat=0
split_feature=51 80 52 33 85 52 57 50 88 99 20 27 21 103
split_gain=23.1768 31.9732 47.3786 27.0456 22.6016 20.0257 18.6565 12.8696 9.45312 7.47715 7.16381 6.34198 2.61305 2.25012
threshold=0.88159619879776829 -0.14550218783059007 -0.58983697837681526 -0.10987310767559962 0.72993362704347164 -0.51594449999673275 -0.042460808259091203 0.13629895038164233 -0.19512090692950904 1.3829847675823457 -0.54393359535400887 0.62770058948403584 1.0750642861546069 0.64746873629069024
decision_type=2 2 2 2 2 2 2 2 2 2 2 2 2 2
left_child=1 2 7 -4 6 10 -3 -1 -6 13 -2 -12 -11 -7
right_child=5 4 3 -5 8 9 -8 -9 -10 12 11 -13 -14 -15
leaf_value=-0.017166574806987776 -0.013746220735656876 -0.021653204019844805 0.0028037953749709839 0.028962293480447668 0.0067379126439418542 -0.029174004636946849 -0.0021058447512303396 0.013723530623976863 0.03194697233480355 0.018508892565102086 0.028993215456565715 -0.0034421970697297703 -0.011445062267282043 -0.012066897290657802
leaf_weight=137.79858820373192 19.201177822891623 122.21961657038264 153.62280161224771 279.21028817060869 132.20188659227279 122.85730623156269 1637.9199297727682 35.517283532069996 46.410094525868772 9.1759665001591184 28.840173379518092 21.490415608044714 3.4184852606267659 47.292636300611775
leaf_count=11571 1559 17573 17617 34353 13001 24197 212187 2585 4178 1266 2342 1755 459 8879
internal_value=-0.00014257 0.00131099 0.011235 0.019951 -0.00183346 -0.0142967 -0.00357782 -0.010433 0.0146347 -0.0226516 0.0077491 0.0168688 0.0089115 -0.0253529
internal_weight=2797.18 2544.9 606.149 432.833 1938.75 252.276 1760.14 173.316 178.612 182.744 69.5318 50.3306 12.5945 170.15
internal_count=353522 313065 66126 51970 246939 40457 229760 14156 17179 34801 5656 4097 1725 33076
is_linear=0
shrinkage=0.05


Tree=69
num_leaves=15
num_cat=0
split_feature=93 104 52 93 68 93 50 58 79 100 29 36 99 103
split_gain=27.5528 51.619 33.7629 29.5932 61.7565 43.9364 23.0486 20.9267 17.276 12.3087 7.45872 6.14719 5.49647 5.41395
threshold=0.0056689515057017853 -0.28358358915407661 -0.52756033397296798 -0.030260494407125353 -0.13271727003393416 -0.0082028037535099661 -0.30742434013576841 -0.086979500024233186 0.2848282231628862 0.40614491235738376 -0.32506722865618992 1.1442889565097776 -0.052545010789360226 0.55482142781552413
decision_type=2 2 2 2 2 2 2 2 2 2 2 2 2 2
left_child=3 2 -2 7 5 -5 -4 10 -9 11 -1 -3 -6 -11
right_child=1 9 6 4 12 -7 -8 8 -10 13 -12 -13 -14 -15
leaf_value=0.0088338377928984455 0.069367378546245459 -0.02571549824012009 0.0053494819125513302 0.097682336011973625 -0.0050255985289318211 -0.010003425859586633 -0.012142797161509466 0.0022484031866001905 0.021797790037847944 -0.0099268051138829434 -0.018247457678935861 0.011588409115467553 0.015179498881197068 0.016932107777754314
leaf_weight=24.191398412367562 7.793991799466311 309.32371218614935 581.41983988106222 27.48241968837101 65.219254664116306 10.367332140594952 266.29778358075419 1126.1776395196794 116.06634058849886 41.533381377797923 144.15250116947573 6.0534470753045744 52.416343091266754 19.504139815471717
leaf_count=2613 294 77044 80179 1042 7252 2006 36627 105849 5875 7006 18534 915 5039 3117
internal_value=-6.25667e-05 -0.00563193 0.00120517 0.00432642 0.0243348 0.0722601 -0.000222962 0.00196517 0.00423444 -0.0208003 -0.0140787 -0.0246653 0.00446135 -0.000168848
internal_weight=2798 1231.93 855.512 1566.07 155.485 37.8498 847.718 1410.59 1242.24 376.415 168.344 315.377 117.636 61.0375
internal_count=353392 205182 117100 148210 15339 3048 116806 132871 111724 88082 21147 77959 12291 10123
is_linear=0
shrinkage=0.05


Tree=70
num_leaves=15
num_cat=0
split_feature=39 47 61 33 48 16 104 60 103 13 60 87 72 48
split_gain=30.1201 19.503 17.7249 20.5922 15.5284 12.3949 12.2059 11.4321 10.1047 9.30131 13.9531 6.25356 6.23761 6.0828
threshold=0.39357630301418634 -0.16913854427025901 -0.029802770882709641 -0.20408738618942682 -0.1498666287300037 0.71022122674771315 -0.28358612882516171 1.4906594968639739 -0.91496193149558869 1.0000000180025095e-35 -1.1015868482208429 0.106636770044912 -0.1655096530584905 2.1948861814583704
decision_type=2 2 2 2 2 2 2 2 2 2 2 2 2 2
left_child=1 6 7 -4 9 12 8 -3 -1 10 -2 -8 -6 -7
right_child=4 2 3 -5 5 13 11 -9 -10 -11 -12 -13 -14 -15
leaf_value=-0.018439487512239075 -0.0029477397571316026 -0.0018733097794843619 -0.011605313830502301 0.014661983399936364 0.0052881640033530172 0.023070759319200981 -0.01546549668694679 -0.023085222493080416 0.0054681606401670189 0.0050543490005462259 0.032788865392250816 0.0051553082684962538 -0.0062076626712978498 -0.010723128406573317
leaf_weight=47.509315605318989 32.493225997008267 799.25504447764979 87.966672925496823 323.75248107099469 236.96307253541454 84.332026034535374 469.87754185310041 59.262623949456611 180.92514593419037 92.61093030901975 121.70001141361718 35.14313020472764 215.97677413806377 9.530184745352015
leaf_count=7364 3364 106759 10752 38381 29156 7819 62204 9163 24074 9194 13090 4054 27423 1106
internal_value=6.44998e-06 -0.00325951 0.000501166 0.00890768 0.00819026 0.00335861 -0.00969157 -0.00358649 -6.89201e-05 0.0183473 0.0255372 -0.0139583 -0.000209112 0.0189375
internal_weight=2797.3 2003.69 1270.24 411.719 793.606 546.802 733.455 858.518 228.434 246.804 154.193 505.021 452.94 93.8622
internal_count=353903 262751 165055 49133 91152 65504 97696 115922 31438 25648 16454 66258 56579 8925
is_linear=0
shrinkage=0.05


Tree=71
num_leaves=15
num_cat=0
split_feature=48 44 39 103 47 103 26 103 73 47 44 60 52 52
split_gain=24.3544 28.5354 22.0133 18.7115 14.4632 16.7993 13.3775 13.1299 13.0985 11.3983 9.70113 7.74923 7.46501 4.70508
threshold=-0.36601618638263939 0.03049563381890506 0.39357630301418634 1.6275769506842748 0.30176699463366413 1.3447511484183101 0.65799834241891442 -0.365134729270709 -0.42014595971827079 0.57439651715698881 1.0179951622222363 0.18049744546157881 -0.50713822388630547 -0.55348685661876795
decision_type=2 2 2 2 2 2 2 2 2 2 2 2 2 2
left_child=1 3 4 8 5 -2 10 12 -1 -9 -3 -6 -4 -5
right_child=2 6 7 13 11 -7 -8 9 -10 -11 -12 -13 -14 -15
leaf_value=-0.0014563230354328561 -0.014387783617959816 0.033280337648038741 0.004368000404444748 0.010684446342924682 0.0069534595784195409 0.014520475044747164 -0.0095128441162926798 0.0035597069527574503 0.010468566704395723 0.022746278730076629 -0.0015506644866429985 -0.0073781577607851109 -0.011390734945178976 -0.028728020825755363
leaf_weight=488.84747231502115 632.86754051237949 134.96966519767011 134.74377191415988 3.531928382581099 188.75920307599881 46.598094268789282 21.823849360567692 225.91714357957244 421.8211625406002 111.62264240122749 22.183691438505775 169.50900757881027 149.03783921668946 46.763899773257435
leaf_count=63022 90124 12716 10209 294 24449 6151 1859 25592 51740 11227 1878 23366 26007 5092
internal_value=0.000297929 0.00589589 -0.00356073 0.00237695 -0.00798866 -0.0122234 0.0236642 0.00384422 0.00412099 0.0103765 0.028565 0.000156457 -0.00401426 -0.0246474
internal_weight=2799 1139.94 1659.06 960.964 1037.73 679.466 178.977 621.321 910.669 337.54 157.153 358.268 283.782 50.2958
internal_count=353726 136601 217125 120148 144090 96275 16453 73035 114762 36819 14594 47815 36216 5386
is_linear=0
shrinkage=0.05


Tree=72
num_leaves=15
num_cat=0
split_feature=51 81 58 43 92 44 48 92 100 15 80 50 14 78
split_gain=22.1749 25.4887 21.7392 20.4739 17.528 15.4947 23.2001 9.91313 7.18292 6.01131 5.92642 4.40509 3.76543 3.42581
threshold=0.88159619879776618 -0.015162253046371737 1.0000000180025095e-35 0.24821209354086418 -0.55904071349794526 -0.12840389898525686 -0.053539108471763922 0.22657160269378884 -0.10746186034072665 -0.70572044015552171 -0.064819402354893793 -0.38572845022707714 -0.15162353806934881 -0.54748066097893666
decision_type=2 2 2 2 2 2 2 2 2 2 2 2 2 2
left_child=1 2 3 -1 10 7 -7 -3 -4 -6 13 -11 -12 -2
right_child=4 5 8 -5 9 6 -8 -9 -10 11 12 -13 -14 -15
leaf_value=0.010440676955303657 -0.0098024919569327882 -0.0028742852023905074 -0.018124469169821782 0.039432058660037773 0.011551031040526703 0.014081655581897001 -0.0024813597835876841 -0.015446216442770925 0.013795566803805406 -0.0020986924095776015 -0.0075032316794112182 -0.024921263739966861 0.031314351995108194 0.01180378844354649
leaf_weight=349.31204417690606 42.565211618784815 946.66438925475813 65.58773181190918 67.660807866261166 8.1353388841816905 330.21453722974547 552.14740178335342 179.78489665951929 14.951134039118186 26.074093125469517 3.8364707981236306 174.32057768985396 16.94524976471439 18.465345130069181
leaf_count=34106 3739 82222 12384 6118 1331 32270 68057 69976 2017 4917 303 34115 1258 1237
internal_value=-0.000141207 0.001392 0.0114047 0.0159584 -0.012982 -0.001132 0.00380551 -0.00499907 -0.0113296 -0.0204079 0.00610685 -0.0221926 0.0240388 -0.00252386
internal_weight=2796.67 2506.32 497.512 416.973 290.342 2008.81 882.362 1126.45 80.5389 208.53 81.8123 200.395 20.7817 61.0306
internal_count=354050 307150 54625 40224 46900 252525 100327 152198 14401 40363 6537 39032 1561 4976
is_linear=0
shrinkage=0.05


Tree=73
num_leaves=15
num_cat=0
split_feature=58 74 74 81 93 81 51 88 36 47 54 41 99 45
split_gain=19.378 24.4269 30.6143 30.3251 18.0911 33.0749 24.3544 15.2135 8.1783 5.02814 3.9192 3.53158 3.23117 3.68717
threshold=0.6373885190640256 -0.03875545853901164 0.99357678009862493 -1.109801887958525 -0.0023253741023847203 -0.0039464576911693462 -0.55359821106718166 -0.19573051345226891 -0.76798008446730981 0.17784448439578918 -0.25327790868092442 -1.2420365673025586 -0.19467079106500737 -0.38719847085505954
decision_type=2 2 2 2 2 2 2 2 2 2 2 2 2 2
left_child=1 4 7 -4 6 -6 -1 -3 12 11 -11 -10 -2 -14
right_child=8 2 3 -5 5 -7 -8 -9 9 10 -12 -13 13 -15
leaf_value=-0.0079405113449723935 -0.0097460633584966205 0.042602570434558264 0.023242823975332727 -0.010916468484442112 -0.018081102605060941 0.0010855081855412633 0.0071182940056092343 0.012641743585913072 0.00029816110113744311 -0.019426096114166593 0.0027571212887027869 -0.029435282958493014 -0.0087049122777688066 0.035501936816319329
leaf_weight=375.71278581007209 3.505611093598417 75.195096700350405 87.236185547953937 185.82041744790331 365.6080455501542 559.04743879234593 876.65250313468277 109.59285675920546 10.984975116771237 25.067689171148231 41.194558601877361 81.597564701536612 2.0637831515341523 6.0596946271834886
leaf_count=43639 529 7635 8737 21219 79000 75651 72148 12189 1928 5030 8143 17740 278 609
internal_value=-0.000198111 0.000884265 0.0112511 0.000432338 -0.00133744 -0.00660532 0.0025735 0.0263948 -0.0160495 -0.0191301 -0.00708186 -0.0262222 0.0154195 0.0256648
internal_weight=2805.34 2634.87 457.845 273.057 2177.02 924.655 1252.37 184.788 170.474 158.845 66.2622 92.5825 11.6291 8.12348
internal_count=354475 320218 49780 29956 270438 154651 115787 19824 34257 32841 13173 19668 1416 887
is_linear=0
shrinkage=0.05


Tree=74
num_leaves=13
num_cat=0
split_feature=58 27 44 103 49 58 35 93 49 54 75 43
split_gain=18.9627 18.6402 23.1665 18.6846 14.7749 12.6191 10.3741 9.8257 7.54336 4.2907 2.0731 1.86469
threshold=-1.5950200782221369 1.0000000180025095e-35 1.0000000180025095e-35 0.20291129520776705 0.26380159335273828 0.39839954931979332 0.52960634925860406 -0.0039561678391423433 -1.5571308979987559 -0.29019935350263543 -0.0090444400976674045 0.664743407038069
decision_type=2 2 2 2 2 2 2 2 2 2 2 2
left_child=8 2 5 7 -5 -2 -4 -3 -1 10 -10 -11
right_child=1 3 6 4 -6 -7 -8 -9 9 11 -12 -13
leaf_value=0.020194402521691864 0.0018409968595660131 -0.0039877372992019695 0.017580967472669972 -0.0037479572535232108 0.01387020182369899 -0.018504424147622722 -0.0038820179383555983 -0.016007828699090381 -0.0091591814971164563 -0.030122095245682486 0.015122697867543217 -0.00054435520741494378
leaf_weight=3.3835237316961857 1044.4887494147624 389.49204706595629 341.50633187034691 289.6401960766234 188.36078878256376 72.155578147488995 63.201235580316279 304.81531046988675 18.609789540612841 73.506303019137704 2.8154539034148902 6.0893383641669052
leaf_count=492 131352 37147 36734 36162 21164 16207 6620 53693 2756 10608 283 665
internal_value=-0.000359572 0.000485419 0.00412493 -0.00423266 0.0033366 0.000373737 0.0142164 -0.00941717 -0.0202974 -0.0233504 -0.00217144 -0.0281726
internal_weight=2798.06 2693.66 1521.35 1172.31 478.001 1116.64 404.708 694.307 104.404 101.021 21.4252 79.5956
internal_count=353883 339079 190913 148166 57326 147559 43354 90840 14804 14312 3039 11273
is_linear=0
shrinkage=0.05


Tree=75
num_leaves=15
num_cat=0
split_feature=92 51 52 50 50 92 20 12 88 20 76 103 21 48
split_gain=21.5339 19.6114 18.8378 46.6081 40.3189 9.75496 7.27225 3.64971 3.57308 2.87402 2.64865 1.18162 0.588909 0.165801
threshold=0.82865603758368611 1.1686350807707588 -0.58983697837681526 0.65832635099036618 1.0000000180025095e-35 -0.69946372854985039 -1.2566767357163584 1.2375179585604703 0.72971143238091096 -0.47265928131777396 1.3097781294919246 0.17235670391805322 1.0750642861546087 -0.98862089049077462
decision_type=2 2 2 2 2 2 2 2 2 2 2 2 2 2
left_child=1 2 4 -4 -1 9 11 8 -8 -3 -7 13 -9 -2
right_child=6 5 3 -5 -6 10 7 12 -10 -11 -12 -13 -14 -15
leaf_value=-0.013266635436764852 0.026687557841760336 -0.013648833965718494 0.0072504837335281404 -0.014396951919781338 0.013207721439395678 -0.029990603903657348 -0.032553344786491294 0.012844476727557369 0.0043319992285536365 0.010572011413870343 0.0076043759650659612 -0.004525016855649525 -0.0043231489029279353 -0.00035705365827446724
leaf_weight=484.02634903346188 0.80987415431445708 9.0429687208961678 1646.2838020279814 283.04705556739646 193.7527052287478 72.517485315431259 68.979222053985723 1.4542128283646882 4.7776146009855429 25.014227543724701 1.1705006761767425 0.99245909260935139 2.2550315004627919 0.32301025470951494
leaf_count=44737 564 733 183066 34279 15586 12351 52662 1112 3987 2023 146 601 1741 207
internal_value=-0.000189145 0.000604571 0.00150048 0.00401678 -0.00561657 -0.01936 -0.0243083 -0.0275864 -0.0299321 0.00250258 -0.0285561 0.019386 0.00686712 0.0255822
internal_weight=2794.45 2714.86 2607.11 1929.33 677.779 107.745 79.5914 77.4661 73.7568 34.0572 73.688 2.12534 3.70924 1.13288
internal_count=353795 292921 277668 217345 60323 15253 60874 59502 56649 2756 12497 1372 2853 771
is_linear=0
shrinkage=0.05


Tree=76
num_leaves=15
num_cat=0
split_feature=39 50 41 50 61 36 51 51 58 81 49 60 50 29
split_gain=19.5228 21.9822 21.9632 17.0195 12.5111 10.942 10.2271 10.1984 9.96671 13.2083 6.47652 6.85833 5.92713 5.90297
threshold=0.39357630301418634 -0.38572845022707714 0.99275536393155039 -0.38572845022707802 0.39753003980142793 0.56603177920354919 1.0000000180025095e-35 0.59455731682477775 1.1052076501893411 -1.109801887958525 -1.6555596813150528 0.18049744546157881 -0.30742434013576841 -0.0063630167416119923
decision_type=2 2 2 2 2 2 2 2 2 2 2 2 2 2
left_child=1 3 4 13 5 -2 -5 -6 9 -3 11 -4 -12 -1
right_child=2 8 10 6 7 -7 -8 -9 -10 -11 12 -13 -14 -15
leaf_value=0.014175482524398132 0.0043114810470431999 0.016999352710456744 0.026009930126344595 0.0042022027084867219 0.031910142390302272 0.025192198618755803 0.039605742561104613 -0.0080480536023333892 -0.022393429516697871 -0.0048999875199398314 -0.0018340617233887132 -0.010758496335721748 -0.019200109060308369 -0.004144455592665474
leaf_weight=52.833224470410642 400.90287866692233 62.308054137945874 19.426217792162788 34.451231077953707 93.691663616846199 65.9216808983183 51.45158955588704 14.70735603419598 67.607982038971386 1589.8041377523077 106.56624190468574 14.775988711538956 85.076779596012784 137.09477167195291
leaf_count=6548 46182 6765 2397 3716 9288 6227 6857 1924 15540 204961 12826 1899 10318 18404
internal_value=-6.8515e-05 -0.00271549 0.00647757 0.0101518 0.0116096 0.0077266 0.0273259 0.0262669 -0.00482606 -0.00397677 -0.00653163 0.011285 -0.0101133 0.00140582
internal_weight=2796.62 1995.55 801.069 275.831 575.224 466.825 85.9028 108.399 1719.72 1652.11 225.845 34.2022 191.643 189.928
internal_count=353852 262791 91061 35525 63621 52409 10573 11212 227266 211726 27440 4296 23144 24952
is_linear=0
shrinkage=0.05


Tree=77
num_leaves=15
num_cat=0
split_feature=58 81 81 81 27 51 45 30 59 30 26 50 59 80
split_gain=21.403 28.393 22.6465 36.4096 14.371 11.7008 7.89017 9.239 6.64145 5.77063 5.08651 3.24623 2.71845 3.36645
threshold=1.0000000180025095e-35 -1.109801887958525 -1.1093620528465558 -0.23024162279907598 0.39081806792121526 1.1686350807707577 0.052563499279675858 -0.15602688814294086 1.5734381355569174 1.0605094276791356 0.5242578384904043 -0.38572845022707714 0.17529189403574816 -0.83727949368326637
decision_type=2 2 2 2 2 2 2 2 2 2 2 2 2 2
left_child=1 4 9 -4 5 -1 12 10 -9 -3 -8 -6 13 -2
right_child=6 2 3 -5 11 -7 7 8 -10 -11 -12 -13 -14 -15
leaf_value=0.047473658801027607 0.0215943044178241 -0.024991531657659181 0.022826865988115379 -2.8745613364090025e-05 0.01930230266196907 -0.0090429276675797251 -0.020605147677910801 -0.0011205801173640787 0.034331405998961194 0.013653853891525156 0.0094885134180325743 -0.011222192160321304 -0.02538283862937589 -0.011756352711471511
leaf_weight=52.654796097442158 1.1642673364985974 89.83040757807612 179.13253570250527 2213.9767660936486 2.2380642522475709 7.3608242363552554 55.484202412568266 34.570588258306088 10.796046872346777 4.4535168251604764 11.528290977410505 21.442700060870266 99.189247285736201 13.61578158826887
leaf_count=4524 182 9222 16672 274917 228 804 12538 5270 1806 317 2419 2098 20480 2340
internal_value=0.000487106 0.00180413 0.000783139 0.00176995 0.0288253 0.0402404 -0.0139164 -0.00393063 0.011993 -0.0220319 -0.0148682 -0.0034629 -0.0226514 -0.00147501
internal_weight=2797.44 2571.09 2487.39 2393.11 83.6964 60.0156 226.348 112.379 45.3666 94.2839 67.0125 23.6808 113.969 14.78
internal_count=353817 308782 301128 291589 7654 5328 45035 22033 7076 9539 14957 2326 23002 2522
is_linear=0
shrinkage=0.05


Tree=78
num_leaves=15
num_cat=0
split_feature=52 46 34 99 37 81 34 47 93 78 51 36 61 41
split_gain=17.4674 17.1237 15.0523 12.4233 10.8929 10.3473 9.67206 10.7982 6.1695 5.19883 4.30418 3.50434 1.21538 1.08969
threshold=0.28690475878028981 0.98290301536617797 -1.364265741743069 -0.12361139373720187 -0.3272410717897995 -1.109801887958525 1.5260823135232882 -0.36741456065085765 0.0042627525756979952 1.3901105982285409 0.55150148452882786 -1.2091201181624498 -0.57759491284502273 0.1086618526741005
decision_type=2 2 2 2 2 2 2 2 2 2 2 2 2 2
left_child=1 2 4 -4 -1 10 7 -3 9 -7 13 -8 -10 -2
right_child=5 6 3 -5 -6 8 11 -9 12 -11 -12 -13 -14 -15
leaf_value=0.0011424406122877157 0.03828309195120827 0.0015956395016734481 -0.0053552549186345567 0.0025013308647111945 0.033449700920917473 -0.01479949271945979 0.012748963002559247 0.019213110459922592 0.0037776697768248033 0.0267825454412636 -0.00974032358723919 -0.013371743624257845 -0.034359662623243185 -0.0018976745730162024
leaf_weight=55.39216039646999 2.1716261690016831 146.72795626157313 1434.925171886498 764.60982367111137 40.592148377152625 8.3608026593719824 7.8000291068456127 210.79742754377367 0.22697730694198881 2.8601547016660325 3.8260165826941375 50.947059304540744 60.748859363837255 0.91143502370687191
leaf_count=5658 877 14585 170146 71638 3725 4240 638 19902 204 1279 1972 5303 53128 453
internal_value=-0.00076337 -4.7446e-05 -0.00174945 -0.00262516 0.0166723 -0.022546 0.00915905 0.0122231 -0.0282198 0.00342572 0.0183683 -0.00855362 -0.0337055 0.0340334
internal_weight=2790.9 2711.79 2295.52 2199.53 95.9843 79.1059 416.272 357.525 72.1968 11.221 6.90908 58.7471 60.9758 3.08306
internal_count=353748 291595 251167 241784 9383 62153 40428 34487 58851 5519 3302 5941 53332 1330
is_linear=0
shrinkage=0.05


Tree=79
num_leaves=15
num_cat=0
split_feature=92 87 27 80 49 74 19 29 100 101 88 88 34 14
split_gain=16.898 15.3756 18.9201 20.5067 11.8963 8.30629 8.24693 5.62958 5.23924 2.9158 3.20716 2.3537 2.04627 1.13993
threshold=0.82865603758368611 0.2450888005791059 0.22360687622981254 -0.064819402354893793 0.67228104411537171 1.0201251210691189 -0.20096933542647774 0.16009689455732631 0.53611588517088105 0.22264619790422199 0.72971143238091096 -0.19561052837497153 0.31559466644592465 0.54899523045478593
decision_type=2 2 2 2 2 2 2 2 2 2 2 2 2 2
left_child=1 2 3 -1 -4 9 7 -3 -8 10 -2 12 -7 -11
right_child=5 6 4 -5 -6 11 8 -9 -10 13 -12 -13 -14 -15
leaf_value=0.011398496406183041 -0.033113675276843994 0.036209557217245239 -0.0091386887993983989 -0.0005025427502037145 0.0038627121022210701 0.030569775360051163 0.00022573382884064839 -0.0022467953323599609 0.025195509725373669 -0.0078129617118713555 0.0035985384713056387 -0.0075572176191954187 -0.0060676460206709497 0.013416708569180614
leaf_weight=517.43749628229125 55.831643444391375 44.570433486980619 659.2883722850529 1151.2385937010476 232.25875968283799 3.8518301411531866 87.01309214658977 10.168010215886168 17.771529907069635 4.6216613851829598 4.5136772362820912 4.1224745646468346 1.377383581624599 1.3895615300425559
leaf_count=49729 47455 4716 75947 128382 23873 1729 8481 931 1288 3781 3907 2364 754 1043
internal_value=0.000377341 0.00106239 9.64041e-05 0.00323375 -0.00574639 -0.021485 0.0156455 0.0298224 0.0062867 -0.0273602 -0.0302465 0.0127992 0.0232719 0.00240906
internal_weight=2795.45 2719.75 2560.22 1668.68 891.547 75.7082 159.523 54.7384 104.785 66.3565 60.3453 9.35169 5.22921 6.01122
internal_count=354380 293347 277931 178111 99820 61033 15416 5647 9769 56186 51362 4847 2483 4824
is_linear=0
shrinkage=0.05


Tree=80
num_leaves=14
num_cat=0
split_feature=9 83 58 43 92 19 45 45 51 34 36 7 72
split_gain=21.3801 17.8016 17.5333 17.022 14.3552 11.2242 9.56155 10.4109 8.88983 5.1541 2.73476 1.49107 0.651957
threshold=1.3121126159269629 1.0000000180025095e-35 -1.5950200782221369 0.12081808194907069 -0.51440617464762806 -1.3549629535753966 1.1198942415328703 -1.4652297732587027 -0.28091127319284293 1.0402403327235301 -0.96581334131003094 -2.3297411098443792 -0.54216501960076002
decision_type=2 2 2 2 2 2 2 2 2 2 2 2 2
left_child=1 2 10 -4 9 11 7 -7 -6 -3 -1 -2 -8
right_child=5 4 3 -5 8 6 12 -9 -10 -11 -12 -13 -14
leaf_value=0.0074705685485780913 0.0059954187220835776 -0.019203274873607394 -0.0034737527699432768 0.0056738552632952313 0.010579065608120691 -0.013577740238117706 0.0029526507800085077 0.039350897848947936 0.041749892602422345 0.017960086350815519 -0.024006489167535089 -0.020057004534640783 -0.015181118411971464
leaf_weight=3.008685729088028 2.454356536793056 26.059241573791954 1771.8792075079109 701.83561488351188 62.087777429071139 5.6224847650883012 3.1634074154426344 67.72819924763462 38.065267045807559 3.9133099461905649 86.279302836177521 9.3928104127990064 5.9984049342165218
leaf_count=317 274 2671 233252 85791 6662 566 246 5841 3265 358 13109 937 536
internal_value=0.000103638 -0.000754064 -0.0016965 -0.000866024 0.0166049 0.0223099 0.0285642 0.0341516 0.0251408 -0.0110719 -0.0223002 -0.014386 -0.0106465
internal_weight=2787.49 2693.13 2563 2473.71 130.126 94.3597 82.5125 73.3507 100.153 29.9726 89.288 11.8472 9.16181
internal_count=353825 345425 332469 319043 12956 8400 7189 6407 9927 3029 13426 1211 782
is_linear=0
shrinkage=0.05


Tree=81
num_leaves=15
num_cat=0
split_feature=58 50 50 39 27 44 100 35 85 100 41 20 36 12
split_gain=19.8753 17.4815 18.0432 15.0376 13.2079 11.4299 9.41834 9.03071 7.12012 5.25523 5.08495 4.17499 3.33496 2.18881
threshold=1.0000000180025095e-35 -0.38572845022707714 -0.38572845022707802 -0.31865440804958478 -0.27802669884439551 -0.32960973324669102 0.11299730813196485 -0.20773074235833303 0.57898111690345322 0.59378782224566484 0.99275536393155039 -0.21132012985157914 0.89022720754714635 0.61619519845585036
decision_type=2 2 2 2 2 2 2 2 2 2 2 2 2 2
left_child=1 2 6 7 -5 -4 -1 -3 9 12 11 -10 -2 -11
right_child=8 3 5 4 -6 -7 -8 -9 10 13 -12 -13 -14 -15
leaf_value=-0.00090830775927376118 -0.021121293510288991 -0.011962791376415857 -0.00034392258665079107 0.010107982126099488 -0.00053093767527940487 0.036385113635137814 0.024603908303368453 -0.0016399032046397815 -0.0076513246578586982 0.015940404758611602 -0.014140599056681991 0.029103077946028722 0.0075207221764494224 -0.0095204580083935106
leaf_weight=205.87625906895846 171.6260252741522 313.19998562237743 27.542468413514143 433.68709288270475 849.08052573198802 79.112420352383197 33.723493523866637 626.43286352696668 6.3894957521406512 10.324562212750608 10.329278276796684 13.596034848626005 5.9972908373747478 5.9097411833354263
leaf_count=25274 38416 41894 3614 49315 99136 7914 3160 78436 766 1517 1353 1489 792 861
internal_value=-1.49002e-05 0.00125171 0.0115343 -0.000394821 0.00311631 0.0276838 0.00352439 -0.00517048 -0.013962 -0.0173815 0.00679273 0.0187196 -0.0198049 0.00657588
internal_weight=2792.83 2568.66 346.255 2222.4 1282.77 106.655 239.6 939.633 224.172 193.858 30.3148 19.9855 177.623 16.2343
internal_count=353937 308743 39962 268781 148451 11528 28434 120330 45194 41586 3608 2255 39208 2378
is_linear=0
shrinkage=0.05


Tree=82
num_leaves=15
num_cat=0
split_feature=50 50 37 48 52 61 52 52 47 26 38 54 29 74
split_gain=21.2739 29.9851 21.0876 19.2081 14.7351 15.68 14.3064 14.1955 12.0976 11.278 8.39313 7.23587 5.56282 5.54258
threshold=-0.38572845022707714 -0.38572845022707913 0.33137636280008537 0.070981832349863147 -0.53816402616286929 -0.41550156662115445 -0.50387920655971719 0.15439089613521442 -0.16913854427025862 0.39051733456189525 0.2645416324861804 0.069449054596044543 -0.036662606656101111 3.0115161772658294
decision_type=2 2 2 2 2 2 2 2 2 2 2 2 2 2
left_child=1 10 7 9 12 -6 -5 8 -2 -4 -1 -12 -3 -9
right_child=2 4 3 6 5 -7 -8 13 -10 -11 11 -13 -14 -15
leaf_value=-0.014970129817370271 -0.0081670755812256364 0.018417847639806539 0.029435850336747948 0.011626494970025486 0.010633699029118163 0.045462902174559172 -0.010759365735770491 -0.02159655075230793 8.8085678436301029e-05 -0.0023785989957945904 -0.0025756505815779304 0.02540183730189869 -0.0090839780160149632 0.016757038866597584
leaf_weight=83.688480419994448 705.96587470793747 19.831065487582237 109.51595400515362 127.0836341464892 63.388146441931895 78.069058383920492 138.88741755731462 127.16490721833179 1166.9214537655935 34.472215721936664 75.657797723994008 22.332395837234799 38.142919084988534 2.9753806337103006
leaf_count=10598 67572 1537 8986 8398 8775 10041 21239 91690 105339 2862 9596 2798 3084 1285
internal_value=-0.000353016 0.0104689 -0.0020984 0.00810588 0.0233793 0.0315882 -2.94668e-05 -0.0042168 -0.00305046 0.0221593 -0.00418331 0.00556234 0.00164908 -0.0195865
internal_weight=2794.1 381.11 2412.99 409.959 199.431 141.457 265.971 2003.03 1872.89 143.988 181.679 97.9902 57.974 130.14
internal_count=353800 46429 307371 41485 23437 18816 29637 265886 172911 11848 22992 12394 4621 92975
is_linear=0
shrinkage=0.05


Tree=83
num_leaves=15
num_cat=0
split_feature=79 92 36 47 60 43 34 61 60 45 76 79 12 79
split_gain=21.6489 18.3515 14.5072 13.4225 12.0509 10.9213 10.7392 12.5937 8.48765 7.71725 7.39555 5.83598 3.93639 3.57267
threshold=-0.43286088415652618 0.82702932758023773 -0.54540501963794041 -0.14435404222268411 0.14337951113713984 0.37476172538981828 -0.35140873092323471 -0.029802770882709641 1.0184179299743439 0.17813084404402685 -0.13925012168045298 -1.0284180848323787 1.2375179585604703 -0.31216160984896152
decision_type=2 2 2 2 2 2 2 2 2 2 2 2 2 2
left_child=5 2 4 -4 -2 6 7 -1 -8 11 -11 -7 13 -3
right_child=1 12 3 -5 -6 9 8 -9 -10 10 -12 -13 -14 -15
leaf_value=0.004687077025010828 0.021752911394939237 0.0077338020573784116 -0.0084458904534843986 0.00017087611334467125 -0.0037905643568068915 -0.017740695727537517 0.0043682529377433279 0.029254935796507283 -0.011474825806781214 0.040964773660020513 -0.0030844284716725523 0.017797345684222893 0.0090089507239130735 -0.033569970035161115
leaf_weight=162.57136654519127 101.44936579329078 2.0773620289255623 751.48668136025663 1110.8383390145609 74.429913545027375 12.412004969606643 269.71720674029348 70.419822760777606 111.16741159982485 42.111978027314763 10.030161799266351 13.855834331116055 2.4515599460428339 53.980742114843451
leaf_count=19524 8684 1879 90073 123330 6569 1211 29572 6617 13432 3800 780 1336 1930 45083
internal_value=-0.000351868 -0.00288499 -0.00201913 -0.00333271 0.0113208 0.00725199 0.00479748 0.0130109 -0.000431072 0.0237523 0.0333586 0.000743523 -0.02835 -0.0311003
internal_weight=2789 2096.71 2038.2 1862.33 175.879 692.286 613.876 232.991 380.885 78.41 52.1421 26.2678 58.5097 56.0581
internal_count=353820 277548 228656 213403 15253 76272 69145 26141 43004 7127 4580 2547 48892 46962
is_linear=0
shrinkage=0.05


Tree=84
num_leaves=15
num_cat=0
split_feature=52 44 79 82 27 27 78 45 104 44 93 93 100 20
split_gain=17.0103 15.4483 12.9211 14.1331 14.9974 12.5971 10.4844 8.42953 7.09881 6.9788 6.38884 6.43038 6.11682 5.22504
threshold=-0.2600343454686625 -0.12840389898525686 -0.69395812739158491 1.0000000180025095e-35 0.33508100402408103 -0.20835536897297779 -0.48330995408077015 -0.82588638545228399 -0.14978803753160283 -0.43488196276019125 0.0031963364457097214 -0.022562163971900896 -0.12873288898922516 -0.11628771113659922
decision_type=2 2 2 2 2 2 2 2 2 2 2 2 2 2
left_child=2 10 7 4 -4 8 -5 13 -3 -9 11 -2 -7 -1
right_child=1 5 3 6 -6 12 -8 9 -10 -11 -12 -13 -14 -15
leaf_value=0.010001377198235352 -0.013980108214574533 0.023906308447520563 0.002113571349673965 0.00088402118639099273 -0.0079918731225799549 -0.016936388335011581 0.025134471291802903 -0.011339003363223353 -0.0058671723937220388 0.015668228169389998 -0.022943040767572805 0.014645089936854334 0.003736236972507571 -0.010472576448222987
leaf_weight=43.939583553816192 42.399857025797246 57.88602157101559 1250.9619409438455 84.442347895354033 508.10275345935952 73.489322123248712 86.213786408770829 18.849802821991034 23.627542889291362 310.78718978154939 150.22482068042882 21.721788461778488 57.328822234128893 64.299364928272553
leaf_count=3083 13802 18432 102047 6918 43276 26648 5278 1482 7747 21811 79767 4316 15069 4712
internal_value=0.000643952 -0.00842927 0.00230766 0.000529093 -0.000834044 0.00118361 0.0138483 0.00995901 0.0155781 0.0138355 -0.0175801 -0.00361551 -0.00825498 -0.00201825
internal_weight=2794.27 426.678 2367.6 1929.72 1759.06 212.332 170.656 437.876 81.5136 329.637 214.346 64.1216 130.818 108.239
internal_count=354388 165781 188607 157519 145323 67896 12196 31088 26179 23293 97885 18118 41717 7795
is_linear=0
shrinkage=0.05


Tree=85
num_leaves=15
num_cat=0
split_feature=92 92 78 50 104 51 79 93 103 73 26 9 43 101
split_gain=17.0205 26.4679 45.56 36.2169 27.7162 20.9111 24.0306 15.9689 17.0286 15.4985 13.4445 12.9499 3.85503 2.24034
threshold=0.079689905205449524 -1.9028887388535494 -0.54748066097893666 0.31900854059470002 -0.28358217191846363 0.88159619879776618 -0.79078019609923567 -0.014873384554601148 -0.91496193149558869 -0.27453172017729716 0.52425783849040675 1.3695930274120263 0.70143665257872356 1.4572509407682805
decision_type=2 2 2 2 2 2 2 2 2 2 2 2 2 2
left_child=1 2 3 -1 -4 6 9 10 -9 -2 -3 -8 13 -7
right_child=5 7 4 -5 -6 12 11 8 -10 -11 -12 -13 -14 -15
leaf_value=-0.018982806744982882 -0.003999432995455794 0.019768767777569959 0.056851992221288505 0.016712643609316135 0.0065927861984593425 -0.025941053640646208 -0.0066250644248521812 -0.015211946043748439 0.0071368817254596779 0.02887917386285075 -0.0056074324832649063 0.022474889169283974 0.0052576330645970511 0.0017969203889877262
leaf_weight=402.16447952133603 55.044530992890941 334.14995988691226 22.300104492111132 77.761440293164924 208.23009611945599 123.99884716269298 885.64810577685421 97.553162012249231 403.76371396461036 82.271006447583204 57.004576061852276 30.312349479019758 8.3113709939061646 6.3774779952072995
leaf_count=42604 8720 19440 1349 6669 12567 33163 173246 7327 26839 12751 3143 3864 1474 1215
internal_value=-0.000467457 0.00289061 -0.00427818 -0.0129761 0.013616 -0.00496979 -0.00246704 0.00858153 0.00257549 0.0163226 0.016023 -0.00542973 -0.0225329 -0.0245529
internal_weight=2794.89 1602.93 710.456 479.926 230.53 1191.96 1053.28 892.471 501.317 137.316 391.155 915.96 138.688 130.376
internal_count=354371 119938 63189 49273 13916 234433 198581 56749 34166 21471 22583 177110 35852 34378
is_linear=0
shrinkage=0.05


Tree=86
num_leaves=15
num_cat=0
split_feature=51 92 80 50 74 50 92 59 44 73 80 1 101 48
split_gain=18.0459 18.4916 39.2652 33.7236 32.7428 28.7476 17.1141 6.87463 6.8024 6.45512 5.07044 4.221 3.54276 1.73776
threshold=0.88159619879776829 -1.9028887388535494 0.22292333930794989 0.65832635099036618 -0.03875545853901164 1.0000000180025095e-35 -0.55904071349794526 1.0000000180025095e-35 0.057907103829168763 0.56856782971245734 0.40399412901975296 -2.0154323274421713 0.058108415296584622 -0.1968556630023158
decision_type=2 2 2 2 2 2 2 2 2 2 2 2 2 2
left_child=1 2 5 4 -3 -1 8 -4 9 -2 -5 -8 -13 -10
right_child=6 3 7 10 -6 -7 11 -9 13 -11 -12 12 -14 -15
leaf_value=-0.018983079502450026 0.032295050075321179 0.0017607383576233441 0.029319525735444271 -0.016063163994315021 0.020443851872908453 0.005750213084377385 0.013867037602370706 -0.0099493386429866919 0.0064761100788044788 -0.0019448714639507534 0.0041997763140425018 -0.026898882438655593 -0.005131185293429168 -0.01614583076023187
leaf_weight=407.02107691043057 19.54663878120482 1366.9882824466549 66.926971267908812 242.28401859285805 273.67060093236068 158.14565072278492 1.592633790540275 8.0345144132152182 5.3634867067448821 23.773863907903433 31.02378048976243 138.35534742355958 27.577560545032611 22.649371979758143
leaf_count=40322 1549 183456 3525 27612 34790 13364 275 598 296 2098 9818 30153 4506 1761
internal_value=-0.00145974 -0.00020662 -0.00749612 0.00225765 0.00498215 -0.0120825 -0.0143125 0.024435 0.00566642 0.0166638 -0.013696 -0.0226596 -0.0237784 -0.0112503
internal_weight=2792.95 2554.09 640.128 1913.97 1640.66 565.167 238.859 74.9615 71.3334 43.3205 273.308 167.526 165.933 28.0129
internal_count=354123 313485 57809 255676 218246 53686 40638 4123 5704 3647 37430 34934 34659 2057
is_linear=0
shrinkage=0.05


Tree=87
num_leaves=15
num_cat=0
split_feature=93 78 52 50 52 52 81 81 103 74 72 68 78 73
split_gain=21.189 39.9771 46.3827 30.3862 25.672 23.5333 23.8636 27.7229 18.6128 18.5423 13.0859 16.4589 7.22099 3.28209
threshold=0.005666118888526187 -0.52572633622906173 -0.58983697837681526 0.13629895038164588 -0.45873187247473474 -0.52756033397296798 -0.0081248912548721811 -0.048369804000010133 -1.057503830519178 -0.2336202812624332 0.13529872105493337 -0.13271470553345013 0.34098780715298355 -0.0041425401448380392
decision_type=2 2 2 2 2 2 2 2 2 2 2 2 2 2
left_child=1 2 3 -1 -4 9 7 -7 -8 13 11 -3 -12 -2
right_child=5 10 4 -5 -6 6 8 -9 -10 -11 12 -13 -14 -15
leaf_value=-0.020559562473579911 -0.014463550063894649 0.034857680845951311 0.018751299946786787 0.0071826599193728332 -0.0010326464762951079 -0.0010353439054845172 -0.01670479786207078 -0.022532121506468862 0.0054820908921283029 0.066992940782410401 0.01298129369912903 0.010710259836486625 -0.0081159766056093426 0.016294746530160008
leaf_weight=339.55304800276645 11.775607187533753 134.96312397695147 279.44699493562803 131.63828937127255 375.99767096764117 274.29707241302094 107.00020530080656 323.6179658396868 482.98958969511295 10.20161312818527 82.819674592683441 163.19820121222438 63.068212221522117 4.595660136081281
leaf_count=38045 862 9259 17775 11398 50228 42612 18224 78522 65175 369 5640 10456 5185 240
internal_value=0.000211971 0.00403595 -0.00100332 -0.0128209 0.00755721 -0.00472615 -0.00589639 -0.0128496 0.00124694 0.034896 0.016562 0.0224171 0.00392525 -0.0029244
internal_weight=2785.16 1570.69 1126.64 471.191 655.445 1214.48 1187.9 597.915 589.99 26.5729 444.049 298.161 145.888 16.3713
internal_count=353990 147986 117446 49443 68003 206004 204533 121134 83399 1471 30540 19715 10825 1102
is_linear=0
shrinkage=0.05


Tree=88
num_leaves=15
num_cat=0
split_feature=84 48 47 80 16 52 44 93 103 103 52 47 104 104
split_gain=21.0216 17.9979 17.9971 14.1057 14.0964 13.4001 14.1753 12.9717 10.6887 10.5228 10.4034 5.31797 1.91059 1.88573
threshold=1.0000000180025095e-35 -0.69493942628882399 0.30176699463366413 0.11725992217535539 -0.14727734609131296 -0.57465409075326535 -0.37623747430431714 0.001338362511381316 -1.2646095535300075 -0.94375961196322067 -0.58983697837681526 -1.1109496220781045 -0.28358613605272198 -0.2033536727860111
decision_type=2 2 2 2 2 2 2 2 2 2 2 2 2 2
left_child=1 3 4 10 -3 11 12 -5 -8 -4 -1 13 -7 -2
right_child=5 2 9 7 -6 6 8 -9 -10 -11 -12 -13 -14 -15
leaf_value=-0.0013407360083129642 0.024327360275442314 -0.010963150974981354 -0.0072348594327017405 0.0073193045003865174 0.00045476670404885275 0.0076691587280693224 -0.0095662178580985403 -0.01006570006629429 0.043703747989076613 0.0060755753948239276 0.01918347858069977 -0.022352974428171205 -0.015161023855200351 -0.0064525359158100707
leaf_weight=82.453590283403173 3.4252081247977912 805.74396913151577 191.57461670606426 236.00709012432344 403.13377243693685 7.6793901694763944 7.1468663933919734 180.3018345276796 62.884209684532834 559.39929239055346 221.84377986091931 16.512545031728223 12.00193483600742 2.5982876080088344
leaf_count=5671 336 115950 26535 22468 49226 790 740 31194 5621 65287 26893 2011 1268 277
internal_value=-2.48029e-05 -0.000946116 -0.00342878 0.00576055 -0.00718304 0.0202536 0.0283144 -0.000269571 0.0377514 0.00262961 0.0137564 -0.0106751 -0.00667038 0.0153093
internal_weight=2792.71 2680.46 1959.85 720.606 1208.88 112.248 89.7124 416.309 70.0311 750.974 304.297 22.536 19.6813 6.0235
internal_count=354267 343224 256998 86226 165176 11043 8419 53662 6361 91822 32564 2624 2058 613
is_linear=0
shrinkage=0.05


Tree=89
num_leaves=15
num_cat=0
split_feature=44 48 103 52 52 43 61 34 48 81 52 81 43 52
split_gain=17.2972 20.792 18.1561 22.2143 16.1395 15.6018 13.2577 9.28105 7.65433 7.52359 7.19627 6.5783 6.46149 3.6185
threshold=-0.3398450519146084 -0.96042746992738737 -0.365134729270709 -0.58983697837681526 -0.49068113866319235 0.05220389742573011 0.50970766506012721 -1.2819196433024322 -0.1874578561478534 -0.23507980903073206 -0.383255489659522 -1.109801887958525 0.19983289887198555 -0.58983697837681526
decision_type=2 2 2 2 2 2 2 2 2 2 2 2 2 2
left_child=5 6 4 -4 -3 8 9 13 11 -2 -9 -1 -8 -7
right_child=1 2 3 -5 -6 7 12 10 -10 -11 -12 -13 -14 -15
leaf_value=0.016352461967873894 0.028968935894726124 0.002637891536355786 -0.0067802929638429892 0.0096047101843231286 -0.01177389258831265 -0.0032914837354433356 0.045823828686350536 0.0087842673205484612 -0.020291876293755246 0.004655087820476707 -0.016758819725264117 -0.0077675918096999537 0.002971964014131045 0.043381832205621834
leaf_weight=21.115335309048533 31.154377710910921 388.66869377007242 267.75698133627884 818.12185090996354 372.53298415666359 3.4689322886988512 37.807145268947352 102.31283432710916 122.08321779912512 165.61801369356181 26.725839441707649 398.76788736246453 12.567390503274508 12.27030668350926
leaf_count=2506 2706 30405 23637 104657 71930 303 3662 8068 19978 17774 10458 54471 1241 1998
internal_value=0.00101477 0.00327238 0.00140992 0.00553948 -0.00447647 -0.00581798 0.0165955 0.00835325 -0.00968636 0.00971946 0.00266907 -0.00620245 0.0373962 0.0358128
internal_weight=2780.97 2094.23 1847.08 1085.88 761.202 686.744 247.147 144.778 541.966 196.772 129.039 419.883 50.3745 15.7392
internal_count=353794 256012 230629 128294 102335 97782 25383 20827 76955 20480 18526 56977 4903 2301
is_linear=0
shrinkage=0.05


Tree=90
num_leaves=15
num_cat=0
split_feature=58 74 46 103 34 74 74 74 48 44 103 20 27 61
split_gain=18.0259 19.2833 16.8157 13.6092 12.1991 11.7947 32.7492 15.2606 6.75978 6.8112 4.38179 8.48286 4.06995 2.96489
threshold=1.0000000180025095e-35 -0.30513301636783197 -0.46192404193474068 -0.30867255148651934 -1.4054387909633876 0.86083507524615788 1.0201251210691189 -0.03875545853901164 -0.85000323938745392 -0.11775812774527127 0.95783169993114059 0.78652026665571029 -1.0722798593785583 -0.36735640869263192
decision_type=2 2 2 2 2 2 2 2 2 2 2 2 2 2
left_child=1 2 4 -4 -1 7 -7 -3 9 12 -10 -12 -2 -11
right_child=8 5 3 -5 -6 6 -8 -9 10 13 11 -13 -14 -15
leaf_value=0.018366816690646458 0.010090561043529841 0.0054313687157543263 -0.0034554806259444316 0.0070983296085174443 -0.008852297577368216 -0.01392457607772561 0.019509137860960396 0.02546791929557421 -0.021917218915349868 0.032124088521892816 -0.014243528886016111 0.024598398448461813 -0.018956191713520115 -0.0074273148466082062
leaf_weight=34.762428451009328 11.673026226657379 220.33776040733937 524.7649105409655 705.66221044391568 633.52076896653671 154.34403294937511 122.16014723545231 167.15530707100697 124.53431902046577 10.611427712534349 39.116951715870528 9.8359725300688279 21.175803674261264 2.000373917820979
leaf_count=4431 2360 22924 70085 80517 84960 16628 12222 16540 27420 1178 8018 1614 4305 259
internal_value=0.000519694 0.00171429 -0.000860454 0.00260566 -0.00718652 0.00898036 0.00101189 0.0144979 -0.0129268 0.00361899 -0.0172235 -0.00359042 -0.00868825 0.0253404
internal_weight=2781.66 2562.71 1898.71 1230.43 668.283 663.997 276.504 387.493 218.948 45.4606 173.487 48.9529 32.8488 12.6118
internal_count=353461 308307 239993 150602 89391 68314 28850 39464 45154 8102 37052 9632 6665 1437
is_linear=0
shrinkage=0.05


Tree=91
num_leaves=14
num_cat=0
split_feature=53 44 41 52 79 78 34 51 16 72 21 27 37
split_gain=15.5269 16.0992 14.5303 14.3096 8.55099 5.72099 5.12211 4.60947 4.36139 1.75174 2.36047 0.282652 0.218199
threshold=0.062068031339939343 -0.31826445129024689 1.7868023138572229 -0.58983697837681526 -0.61056698683388544 -0.3813650012780091 -1.3477965220549417 0.59455731682477564 3.870175577205321 -0.25287306465866805 0.34809479222329243 -0.97473999755857343 -0.19276606207113331
decision_type=2 2 2 2 2 2 2 2 2 2 2 2 2
left_child=1 4 3 -3 7 9 -6 -1 -4 12 -11 -7 -2
right_child=5 2 8 -5 6 11 -8 -9 -10 10 -12 -13 -14
leaf_value=0.0087525341944122911 0.00019797975275198838 -0.0050586808429392812 -0.016118449580203864 0.0052033935198024066 0.004281446049416676 0.0082009682370044728 -0.011137228154432298 -0.0069702536007768398 0.017191112257005089 0.023189358965341647 -0.0079876395216969525 0.038236189178701474 -0.012446660879802996
leaf_weight=108.71224885103584 3.9576713093556473 439.49272828921676 123.38051727926359 1392.6100411948755 54.438367727976583 7.5346831521019331 546.60332198500328 67.505771834985353 2.6131197605864136 3.9362570731900623 4.0104851666837931 24.8196533434093 5.8032778126653293
leaf_count=11913 234 39388 17168 182849 7433 231 83106 9480 261 205 207 762 287
internal_value=-0.000300632 -0.00084976 0.00157078 0.00272758 -0.00689014 0.0248493 -0.00969349 0.00267857 -0.0142143 0.000625366 0.0117716 0.0348293 -0.00981404
internal_weight=2785.42 2735.36 1958.1 1832.1 777.26 50.062 601.042 176.218 125.994 17.7077 7.94674 32.3543 9.76095
internal_count=353524 351598 239666 222237 111932 1926 90539 21393 17429 933 412 993 521
is_linear=0
shrinkage=0.05


Tree=92
num_leaves=15
num_cat=0
split_feature=51 92 47 34 82 61 104 60 80 47 40 76 2 36
split_gain=18.4437 18.9422 18.4115 18.4578 17.7772 14.8034 10.5702 10.2789 13.0309 4.78371 4.76995 4.42135 4.20336 4.11664
threshold=0.70937286961397339 -0.51440617464762806 0.30176699463366413 -1.3477965220549417 1.0000000180025095e-35 0.22076855137097381 -0.2835861324471004 1.3274444573253301 -0.064819402354893793 0.22741348849094042 0.10643491158431168 -0.15438281287514818 1.6651629523115095 0.70809162482950716
decision_type=2 2 2 2 2 2 2 2 2 2 2 2 2 2
left_child=2 6 3 5 -5 -1 9 8 -4 -2 -8 12 -3 -9
right_child=1 11 7 4 -6 -7 10 13 -10 -11 -12 -13 -14 -15
leaf_value=0.0042298461648632947 0.038995638954221291 -0.022134572519866853 0.022570538722407659 -0.0041090913409623647 0.012299521308863682 0.043357945285972796 -0.015375129070753561 -0.0098633335785101618 0.0064839145340089901 -0.0012554259411186031 0.0096203581281053968 0.006557583126730865 0.0095399659409541159 0.015814913077294494
leaf_weight=67.413020058615075 18.395382811082531 187.40837420071693 159.40129542772047 1412.8807638170401 176.96080435403564 30.00337527487136 32.488621175056323 90.654213715155493 548.65586702217115 9.1536568182054889 25.622448289999738 11.473546834618899 5.7340226821543174 9.2418161609530198
leaf_count=8100 1610 39426 15245 183374 16989 3333 2656 11602 65041 694 1841 2130 852 830
internal_value=0.000703282 -0.0110097 0.0021044 -0.000875123 -0.00221723 0.0191955 0.00807738 0.0082612 0.0103693 0.0288489 -0.00455972 -0.0190043 -0.0207709 -0.00626482
internal_weight=2785.49 290.276 2495.21 1687.26 1589.84 97.4164 85.6601 807.953 708.057 27.549 58.1111 204.616 193.142 99.896
internal_count=353723 49209 304514 211796 200363 11433 6801 92718 80286 2304 4497 42408 40278 12432
is_linear=0
shrinkage=0.05


Tree=93
num_leaves=15
num_cat=0
split_feature=87 58 41 44 103 36 44 79 100 47 78 36 12 103
split_gain=14.0324 15.7003 14.5804 15.6355 9.67763 6.44011 6.31482 6.92382 4.81821 7.13609 3.89133 3.57251 2.77698 2.51815
threshold=0.2621000234266897 -1.5950200782221369 2.040569895792232 -0.18800110692304314 -0.86095200557765661 -0.18548109763846712 -0.38147221067149362 0.30369121558681816 -0.14945914744118163 -0.31784555655570856 -0.3813650012780091 -0.96581334131003094 -0.87497942579523114 1.2373200127130051
decision_type=2 2 2 2 2 2 2 2 2 2 2 2 2 2
left_child=1 8 3 -3 5 12 -6 -8 13 -10 -7 -4 -2 -1
right_child=4 2 11 -5 6 10 7 -9 9 -11 -12 -13 -14 -15
leaf_value=-0.028809840810857038 -0.0071379407416949569 -0.0024716228561267269 0.0060799649365700821 0.0054819368095368063 -0.0058452435140418759 -0.021308572886456871 0.03396328894315017 0.0029342949510395193 0.027724291245807664 -0.015005031554110013 0.0096729447898875765 -0.02282288848351996 0.024842341901046897 -0.003120308985252646
leaf_weight=57.257324439735385 4.4975005992164396 1239.1209777431286 8.137871222701504 1214.1588017489157 13.580786160368005 27.435367988742655 70.62614039320033 25.737909955743817 5.5848571713140727 16.237621584717999 7.2893880133779012 68.459535319765564 12.535735609722904 14.180144187557742
leaf_count=9324 503 172567 858 139432 1688 2581 6172 2884 705 1875 1627 10061 1307 2090
internal_value=0.000894338 -1.20502e-05 0.000765001 0.00147097 0.0147421 -0.00281902 0.022555 0.0267308 -0.019124 0.00120615 -0.0140963 -0.0194047 0.0168814 -0.0247199
internal_weight=2784.84 2623.14 2529.88 2453.28 161.703 51.758 109.945 96.3641 93.2599 21.8225 34.7248 76.5974 17.0332 71.4375
internal_count=353674 336912 322918 311999 16762 6018 10744 9056 13994 2580 4208 10919 1810 11414
is_linear=0
shrinkage=0.05


Tree=94
num_leaves=15
num_cat=0
split_feature=37 34 93 104 78 48 44 104 96 40 54 81 98 28
split_gain=16.4861 15.9983 13.0782 32.7561 26.818 6.60291 6.40733 9.24314 6.86595 6.62658 5.98901 5.69901 3.91078 2.95481
threshold=-0.3514043125788387 -1.446611840183706 0.0057318999953004475 -0.28358358915407661 -0.56887089661165879 -0.74192846056113615 -0.40404006838654916 -0.28358620305221705 -0.39108545607347195 -0.020273904352820424 -0.20500469556529524 0.1851826404553806 1.0172136826958662 0.4992795674257558
decision_type=2 2 2 2 2 2 2 2 2 2 2 2 2 2
left_child=6 5 4 -4 -3 11 7 9 10 -1 -8 -2 -9 -10
right_child=1 2 3 -5 -6 -7 8 12 13 -11 -12 -13 -14 -15
leaf_value=-0.014371046325788676 0.048539013935766116 0.00041624616334332487 0.0034131676603192211 -0.016115959664143191 0.015997760323761389 -0.0072179030239775321 0.014371682378559776 -0.021250032616224011 -0.019345634587160387 0.017286489808693514 -0.004619090477618706 -0.0070027178397077394 -1.0628562820626751e-05 0.0022947773939198958
leaf_weight=18.524334939604159 21.70788045388327 933.59236933673674 699.10345814537141 298.3133211153181 382.48009653192275 5.1840459999948498 67.45687409198581 159.34402590753234 48.970083136966423 30.497869766040822 81.771444036938192 2.7150669869079129 24.865335896320175 18.867343595760758
leaf_count=2857 2366 95036 94795 69995 26016 581 9985 23717 6493 4233 11435 392 3404 2502
internal_value=0.00063118 0.00232185 0.00177453 -0.00252971 0.00503107 0.0338433 -0.00802542 -0.0136035 -0.0016968 0.0049158 0.00432891 0.0421239 -0.0185312 -0.0138053
internal_weight=2793.39 2343.1 2313.49 997.417 1316.07 29.607 450.297 233.232 217.066 49.0222 149.228 24.4229 184.209 67.8374
internal_count=353807 289181 285842 164790 121052 3339 64626 34211 30415 7090 21420 2758 27121 8995
is_linear=0
shrinkage=0.05


Tree=95
num_leaves=15
num_cat=0
split_feature=58 60 51 81 58 81 58 101 54 40 48 29 79 44
split_gain=17.7026 16.8307 15.506 16.955 19.0409 18.1242 9.00098 7.51564 6.66717 5.58192 5.25912 5.14059 3.55722 2.64528
threshold=-0.08707511709638964 -0.76502964664108342 1.1686350807707588 -1.109801887958525 0.39839954931979332 -1.0868205033581593 -1.5088884374935156 0.9274284938072509 -0.24928976125395766 0.043080503615746592 1.9810860755193502 -0.96634481279868889 -1.6277359453902178 0.71856461299523111
decision_type=2 2 2 2 2 2 2 2 2 2 2 2 2 2
left_child=1 7 3 4 -2 -5 9 11 -8 -3 12 -1 -4 -12
right_child=2 6 10 5 -6 -7 8 -9 -10 -11 13 -13 -14 -15
leaf_value=0.0095239000207294339 0.032625869894615918 0.004859125847966243 0.0020350025093863688 -0.018147520319819418 -0.011962194154599187 0.0026399485703420779 0.030164276556840265 0.015314470931657234 0.00010903551708383897 -0.02435518676013599 -0.0083853963971951793 -0.024200252118644613 -0.023547398658940441 0.025299411316067451
leaf_weight=6.9740257984376504 79.030427843608777 26.222695590287913 14.251826544415961 100.18363964249147 26.803806883341167 2186.2142012444347 27.35760437011777 7.4350212180870576 36.60483694956929 23.955708268200397 3.7714448683400397 165.95109617902199 79.084740033940761 3.2550913502054755
leaf_count=708 6776 3915 2343 11395 5461 270101 3677 675 5088 3486 840 24343 14399 652
internal_value=0.000388204 -0.0109965 0.00177187 0.00260706 0.0212756 0.00165404 0.00387431 -0.0201166 0.0153043 -0.0108176 -0.016568 -0.0223939 -0.0198222 0.0129132
internal_weight=2787.1 294.501 2492.6 2392.23 105.834 2286.4 114.141 180.36 63.9624 50.1784 100.363 172.925 93.3366 7.02654
internal_count=353859 41892 311967 293733 12237 281496 16166 25726 8765 7401 18234 25051 16742 1492
is_linear=0
shrinkage=0.05


Tree=96
num_leaves=13
num_cat=0
split_feature=51 80 92 51 86 100 103 49 22 88 47 77
split_gain=18.8813 15.3499 22.2441 25.0193 14.3904 11.6388 11.0454 7.33953 4.86522 2.30091 2.05912 1.56226
threshold=1.4556739627437472 -0.14550218783059007 -1.9028887388535494 0.55150148452882786 0.437763067919961 -0.1171774753031407 -1.3687865910543173 1.0512318598831152 -0.91051717413510491 1.1111511416104447 -1.1605186261732543 -0.071918255532383957
decision_type=2 2 2 2 2 2 2 2 2 2 2 2
left_child=1 2 7 -4 5 -3 -6 -1 10 11 -2 -10
right_child=8 4 3 -5 6 -7 -8 -9 9 -11 -12 -13
leaf_value=-0.0095749968084551593 -0.0081997682916302005 -0.0047732499472753652 0.021228691238042791 -0.0012388681023347229 -0.010704737626851301 0.0047918163022147922 0.01627517683571901 0.020585965974980986 -0.025167053567052608 0.0076069635698226322 0.022971090005864111 0.0038321714682679761
leaf_weight=183.04198926826939 2.5159962602338055 1364.2729508464872 319.84254331833654 196.77750415313858 40.401946022073389 405.00804635723034 172.59678813013306 13.105312625877557 88.708551127165265 1.6525185047939874 2.306046464276732 2.306281491124536
leaf_count=15386 351 189956 33379 29192 4945 43986 17716 872 16780 265 307 341
internal_value=0.000380379 0.00119568 0.00743424 0.0128099 -0.00107357 -0.00256907 0.010907 -0.00665898 -0.0201727 -0.0228739 0.0121478 -0.0241256
internal_weight=2792.54 2695.05 712.767 516.62 1982.28 1769.28 212.999 196.147 97.4894 92.6674 4.82204 91.0148
internal_count=353476 335432 78829 62571 256603 233942 22661 16258 18044 17386 658 17121
is_linear=0
shrinkage=0.05


Tree=97
num_leaves=15
num_cat=0
split_feature=44 48 61 15 104 34 92 73 53 104 2 29 48 75
split_gain=13.7431 20.9912 13.2747 12.7603 14.1484 11.6648 9.31942 8.87938 6.26752 6.53936 6.22208 5.61601 8.0622 5.92352
threshold=-0.34346373695178839 -0.93223404936400012 0.56292416468679585 0.11396401565237556 -0.28358358915407661 0.44734842395094382 -0.056570300612534173 -0.47543139311034149 1.0000000180025095e-35 -0.05488341528019109 -0.12475896065914674 0.010019593178744101 -1.0356099247630866 0.75251324027867772
decision_type=2 2 2 2 2 2 2 2 2 2 2 2 2 2
left_child=6 2 7 4 -3 -5 8 -2 9 -1 -4 12 -8 -13
right_child=1 3 10 5 -6 -7 11 -9 -10 -11 -12 13 -14 -15
leaf_value=0.0016813937511717929 -0.0022454707988099885 0.0042800871741728403 0.040068029738018401 0.018640400479074514 -0.0054821777232922711 -0.00047340028092170453 0.023247915833034483 0.017470467334212519 0.024343089154479431 -0.012842189189194326 -0.005190735847571252 -0.018280418583520589 -0.010779730764744345 0.013096699329829653
leaf_weight=261.2788007693598 103.34028246102753 589.00563530180079 48.264566503290553 151.28047600264108 967.98655926012361 157.08443054783856 16.285408205658314 112.28071745468696 13.023942402563987 99.094300110591576 6.2880674127081866 212.40384310328955 41.580651316799049 9.2091734853674989
leaf_count=22163 11609 77842 4567 15582 120596 17349 2836 10956 576 8987 509 49401 9292 1749
internal_value=4.21386e-05 0.00198614 0.0147473 6.90722e-05 -0.00178539 0.00919459 -0.00625066 0.00834053 -0.00100264 -0.00255117 0.0348553 -0.0129854 0.000811236 -0.0164674
internal_weight=2788.41 2135.53 270.174 1865.36 1556.99 308.365 652.876 215.621 373.397 360.373 54.5526 279.479 57.8661 221.613
internal_count=354014 259010 27641 231369 198438 32931 95004 22565 31726 31150 5076 63278 12128 51150
is_linear=0
shrinkage=0.05


Tree=98
num_leaves=15
num_cat=0
split_feature=93 104 93 66 103 51 100 58 51 41 37 43 103 100
split_gain=16.6776 36.0615 30.2526 24.6364 19.0237 15.2227 13.5073 12.6908 11.6249 11.0782 9.28221 6.2165 5.50323 4.9614
threshold=-0.0082028037535099661 -0.28358358915407661 -0.025127353884091447 1.0000000180025095e-35 -0.91496193149558869 0.55150148452882786 0.26353070793878303 -0.086979500024233186 0.29316649075313556 -0.82454796476431857 0.78686074465616207 0.80081575555542706 0.28299691765712837 0.058922229311725603
decision_type=2 2 2 2 2 2 2 2 2 2 2 2 2 2
left_child=2 4 7 13 9 -6 11 -1 -5 -2 -9 -3 -8 -4
right_child=1 6 3 8 5 -7 12 10 -10 -11 -12 -13 -14 -15
leaf_value=-0.010960092764275215 0.011207025120661004 -0.02278686164120905 -0.011777515882007787 0.017280452912634869 0.0088362590468410215 -0.010419663016402203 -0.0087902065283382187 0.0021051658197974868 0.076048170027497974 -0.018215064763097959 0.017006201405392243 0.0086233138960871113 0.015028556368921281 0.015669521858050237
leaf_weight=163.69831897702534 32.983824237642693 292.86016283190111 21.360445703496225 22.494393308908911 560.25583180151443 116.3284861077409 46.723640772288491 1195.1625174217188 19.641444300068542 146.15055126585503 105.06437605037354 11.676536312588722 32.479170286409499 25.185517559148138
leaf_count=21435 4140 79604 1705 1634 67021 20960 8629 106785 946 25298 6850 2087 5296 1599
internal_value=0.00013324 -0.00417338 0.00357596 0.0303773 0.00157101 0.00542195 -0.0166976 0.0017573 0.0540069 -0.0124915 0.00342984 -0.0213467 0.00156708 0.00321848
internal_weight=2792.07 1239.46 1552.61 88.6818 855.719 676.584 383.74 1463.93 42.1358 179.134 1300.23 304.537 79.2028 46.546
internal_count=353989 213035 140954 5884 117419 87981 95616 135070 2580 29438 113635 81691 13925 3304
is_linear=0
shrinkage=0.05


Tree=99
num_leaves=15
num_cat=0
split_feature=58 50 103 48 85 73 37 28 73 35 72 72 44 73
split_gain=16.2733 14.578 17.3237 20.8773 19.1607 13.4557 9.19898 9.04521 2.70102 2.3827 2.15058 5.00046 1.3313 0.717785
threshold=1.2004843471188764 -0.38572845022707714 -0.92928463105878267 -1.1295879933077109 1.1188788830361915 0.37409547774527924 -0.35876851459019604 -0.10743308827686587 -0.0091558647737949427 1.1747763044234272 0.20461511136093341 -0.19686810036990529 -0.45036930902970823 0.39985641325778143
decision_type=2 2 2 2 2 2 2 2 2 2 2 2 2 2
left_child=1 5 3 -3 -4 6 -1 -7 10 12 11 -2 -10 -11
right_child=8 2 4 -5 -6 7 -8 -9 9 13 -12 -13 -14 -15
leaf_value=-0.01258517460585281 -0.0087369978121047617 0.021931003549943203 0.0013899389968808642 -0.01139716538427871 0.02459178146730126 0.0004238617471184288 0.0097591055839326077 0.040441015560833932 0.0039426312937406111 -0.0063917664389384482 -0.019365423676161231 0.025655418609360981 -0.027394757836069036 0.011840517015566302
leaf_weight=46.601470200377662 25.497613246701803 43.22783930310834 1754.5183049013613 436.10650016589352 83.844329571278649 19.281529646526906 259.49712815666498 45.039087713405024 1.1164951075625129 1.4372206730186001 7.96937258906837 5.0993147269909995 54.990510596915556 1.9768127180868758
leaf_count=6473 5155 4505 215414 62518 6127 2297 29075 5311 308 234 1798 1167 12754 404
internal_value=0.0010946 0.00185289 0.000362316 -0.00800477 0.00257545 0.0109247 0.00606681 0.0301161 -0.0179356 -0.0239908 -0.00557481 0.00190253 -0.0262691 0.00512207
internal_weight=2786.2 2688.12 2317.7 479.334 1838.36 370.419 306.099 64.3206 98.0873 59.521 38.5663 30.5969 56.107 3.41403
internal_count=353540 331720 288564 67023 221541 43156 35548 7608 21820 13700 8120 6322 13062 638
is_linear=0
shrinkage=0.05


Tree=100
num_leaves=13
num_cat=0
split_feature=53 92 103 83 81 92 78 88 72 20 101 6
split_gain=15.0026 14.0725 14.1417 15.8284 8.31093 8.28799 6.89155 3.18912 2.64149 1.54981 0.965138 0.362398
threshold=0.6399061690300748 0.82865603758368611 1.6275769506842748 1.0000000180025095e-35 -2.3189086107605372 -0.66277303839642876 -0.29707837065715487 0.72971143238091096 -0.11836460926987459 -0.401384967281539 0.54468487448139002 -0.60309542194834975
decision_type=2 2 2 2 2 2 2 2 2 2 2 2
left_child=1 2 3 -1 9 -4 8 -6 11 -3 -8 -2
right_child=6 4 5 -5 7 -7 10 -9 -10 -11 -12 -13
leaf_value=-9.0844207334435522e-05 0.00040412021098297008 0.029469052253074897 0.017015861821409479 0.017053290104922871 -0.028318232914047416 -0.030683136839313424 0.041693206652629294 0.0051190134147321726 0.014524943207595443 -0.004979000869778448 0.0077004795666425867 -0.015219738489316917
leaf_weight=2499.1598831162046 4.1050084796734163 1.4096673011081295 4.3218283727765074 132.29069884165074 61.409378822801955 43.466767484584125 22.18396836286411 4.8350233649143766 6.973748752847313 1.1018004152283527 7.932573444209992 6.9556583261583009
leaf_count=274696 205 485 347 11832 55745 4622 660 4276 348 484 207 362
internal_value=0.000217589 -0.000313104 0.000298133 0.000832339 -0.021145 -0.0241714 0.02535 -0.0255264 -0.000207525 0.0224559 0.0368911 -0.0119826
internal_weight=2796.15 2748 2679.24 2631.45 68.7559 47.7886 48.151 66.2444 18.0344 2.51147 30.1165 11.0607
internal_count=354269 352487 291497 286528 60990 4969 1782 60021 915 969 867 567
is_linear=0
shrinkage=0.05


Tree=101
num_leaves=15
num_cat=0
split_feature=51 52 80 50 50 93 101 48 52 76 103 49 80 50
split_gain=15.286 15.6901 38.3517 27.0481 25.9168 23.0906 9.74962 7.94213 3.49873 4.36759 2.5122 2.44826 2.41816 1.92313
threshold=1.4556739627437472 -0.58983697837681526 0.1817285709544936 0.65832635099036951 0.31900854059470002 -0.0085623752174439367 -0.12131351719863194 -0.82650872225129779 -0.53232123510998297 0.13170431718227241 -0.87439035862133807 -1.3110589397080132 -1.2406934210617475 1.1803537515990934
decision_type=2 2 2 2 2 2 2 2 2 2 2 2 2 2
left_child=1 2 4 5 -1 -3 -5 -4 10 11 13 -10 -12 -2
right_child=8 3 7 6 -6 -7 -8 -9 9 -11 12 -13 -14 -15
leaf_value=-0.014811385579693673 -0.020009400399153564 0.011615017529958187 0.048975499354266427 -0.016958517986242799 0.014054230374520072 0.00012156625341436219 0.0088288588997235112 0.012807798476220905 -0.0014031219411193997 0.012599085529647135 -0.0087721207091488382 -0.031011377933826596 0.018078758907603375 0.0077941569751258767
leaf_weight=503.57453399628866 12.996836870443078 744.19954547398083 15.227250518277286 200.25817881966941 83.461856469744816 1039.5163729115957 37.8415278258326 68.87982288794592 8.9525544342177437 1.8243640336149827 6.6493824999779489 52.903958076378331 9.7070646551437658 2.5027713980525723
leaf_count=49576 1115 64771 667 29912 6787 176078 4290 3624 2332 299 619 12791 721 177
internal_value=-0.00010145 0.000627802 -0.0059421 0.0028272 -0.0105408 0.00495487 -0.0126694 0.0238642 -0.0187691 -0.0248145 -0.00364285 -0.0275178 0.00797637 -0.0142239
internal_weight=2788.5 2692.96 671.143 2021.82 587.036 1783.72 238.1 84.1071 95.5369 63.6809 31.8561 61.8565 16.3564 15.4996
internal_count=353759 335705 60654 275051 56363 240849 34202 4291 18054 15422 2632 15123 1340 1292
is_linear=0
shrinkage=0.05


Tree=102
num_leaves=14
num_cat=0
split_feature=52 80 48 52 44 65 72 59 81 88 7 78 59
split_gain=14.9851 12.0501 15.7966 15.4766 12.7479 12.3194 13.695 10.0962 4.67027 2.30233 2.34939 1.33709 0.758198
threshold=0.43562757730550522 0.12540578032434396 -0.21565127671124065 -0.58983697837681526 1.4097884937547607 1.0000000180025095e-35 -0.1655096530584905 -0.8026255781624041 -2.3189086107605372 0.79646779547474755 3.0902918431476021 1.9186769740549992 0.35083889108156185
decision_type=2 2 2 2 2 2 2 2 2 2 2 2 2
left_child=1 2 3 -1 -4 6 -3 -7 12 10 -10 -11 -2
right_child=8 5 4 -5 -6 7 -8 -9 9 11 -12 -13 -14
leaf_value=-0.003723789120081502 0.018434086533777583 0.0056214808340256635 -0.0044397816775765854 0.015023645417341067 0.024765735997106367 -0.018583104475415647 -0.007811450686706964 -0.0045691148288332538 -0.032156425766605781 -0.0092743772928368367 0.007405812276167302 0.01478449244318516 -0.0041720092937001128
leaf_weight=148.63342474796809 0.95440110849449356 568.60789946901059 500.2004865457784 379.90484918341099 30.389596809691284 151.81365810152784 272.50394407691783 683.67325160801556 48.249899300073594 2.7591430022184791 0.45107650762656604 0.87756459804950271 1.0623261333093976
leaf_count=10667 276 60725 56651 36518 2607 21646 29173 86383 44947 2543 381 730 490
internal_value=-0.000973498 -0.000410977 0.0037434 0.00978032 -0.00233985 -0.00304198 0.00122883 -0.00730523 -0.0248226 -0.0281246 -0.0305908 0.00311557 0.0129638
internal_weight=2790.08 2735.73 1059.13 528.538 530.59 1676.6 841.112 835.487 54.3544 52.3377 48.701 3.63671 2.01673
internal_count=353737 304370 106443 47185 59258 197927 89898 108029 49367 48601 45328 3273 766
is_linear=0
shrinkage=0.05


Tree=103
num_leaves=12
num_cat=0
split_feature=103 27 74 59 86 47 92 47 8 59 92
split_gain=15.7076 17.5943 16.1289 18.8773 16.6929 9.10639 16.1259 14.6779 2.57634 2.36304 1.19612
threshold=1.6275769506842748 -0.082946975204425774 -0.26215974780571355 0.043678734175224145 0.437763067919961 -0.9622426097926563 -0.2139367769348425 0.32655149668123917 0.34863949954476808 1.348375918400085 -0.66277303839642876
decision_type=2 2 2 2 2 2 2 2 2 2 2
left_child=1 2 4 -4 -1 6 -3 -7 9 10 -2
right_child=8 5 3 -5 -6 7 -8 -9 -10 -11 -12
leaf_value=-0.00053367110371365821 -0.0014018373122005757 0.019323554651777257 0.020901733690585917 -0.0014689009146902181 0.022543200068985973 -0.01053391459003631 -0.0087394680754919168 0.0010290289164897419 0.0073239509843460423 0.0059147185585212694 -0.032159885341799629
leaf_weight=988.17911662057304 4.3745958753861478 100.33305748365819 255.29874702286179 144.3779975910511 75.077138195032603 584.15408152611053 87.285911990249588 507.02902431421535 1.7438710012647778 1.7743998691548757 40.182032393393456
leaf_count=129873 331 7601 24769 21658 7335 80098 17387 59946 176 246 4869
internal_value=0.000278724 0.000820834 0.00455122 0.012982 0.00129066 -0.00344889 0.00648622 -0.00520053 -0.0254558 -0.0277708 -0.0299505
internal_weight=2789.81 2741.74 1462.93 399.677 1063.26 1278.8 187.619 1091.18 48.0749 46.331 44.5566
internal_count=354289 348667 183635 46427 137208 165032 24988 140044 5622 5446 5200
is_linear=0
shrinkage=0.05


Tree=104
num_leaves=15
num_cat=0
split_feature=104 88 44 92 92 48 30 100 46 36 60 13 100 43
split_gain=15.5663 14.154 19.5162 15.4556 14.455 13.1609 13.1472 12.7721 10.1691 9.85444 9.19245 8.69376 7.95711 7.45956
threshold=-0.28358609949402835 -0.033344144263512614 -0.1626059065325984 0.32777559861780475 -1.9028887388535494 -0.053539108471763922 -0.19562120852827591 -0.12042696795462056 1.0000000180025095e-35 -0.044418621862064113 -0.089278544982521316 1.4392580213506856 -0.1884269350689573 0.74246720600052074
decision_type=2 2 2 2 2 2 2 2 2 2 2 2 2 2
left_child=5 3 10 4 -2 8 -7 -5 9 -1 -3 -4 -8 -10
right_child=1 2 11 7 -6 6 12 -9 13 -11 -12 -13 -14 -15
leaf_value=0.019363744448578569 -0.0096021951489389315 0.0052725141941337142 0.01695412739303195 -0.023576509107242724 0.0022199842396375307 -0.011116801088890314 -1.1974264753421519e-05 -0.00079656819999469452 0.025832395715153444 0.0015763413796781489 -0.013026584366872512 -0.014358437371673914 0.018461448061005661 -0.013388242756845992
leaf_weight=99.750001994478225 395.42245562328026 119.33620250177773 240.09592811037146 163.19198666311786 706.10070154932328 169.3459257788345 163.73429877513991 96.554236586587649 122.19552344068506 275.0986431788624 139.12906448309877 16.814639295465895 80.503910540544894 7.2816048502281765
leaf_count=11408 35936 15346 24560 62389 51455 26711 22799 25193 12836 35121 18775 1890 9243 572
internal_value=0.000554888 -0.00205493 0.00493823 -0.00471924 -0.00207212 0.00585525 -0.000767262 -0.0154521 0.0111955 0.00668986 -0.00469601 0.0144436 0.00656374 0.0228249
internal_weight=2794.56 1876.65 515.376 1361.27 1101.52 917.91 413.584 259.746 504.326 374.849 258.465 256.911 244.238 129.477
internal_count=354234 235544 60571 174973 87391 118690 58753 87582 59937 46529 34121 26450 32042 13408
is_linear=0
shrinkage=0.05


Tree=105
num_leaves=15
num_cat=0
split_feature=61 46 93 104 58 20 74 97 35 50 41 76 40 104
split_gain=15.4813 11.3485 11.0092 14.5694 9.04927 9.26688 8.11819 7.51877 7.92996 7.09767 11.7471 6.78376 6.4059 5.8318
threshold=0.44191226354158841 1.8497992497467293 -0.011498797697338367 -0.28358358915407661 1.2004843471188764 2.9009915830640138 1.0201251210691189 -0.58950421880609516 0.52960634925860528 0.31900854059470002 -0.88594334749053039 5.0325272451921848 -0.78052679997560648 -0.28358605284342303
decision_type=2 2 2 2 2 2 2 2 2 2 2 2 2 2
left_child=1 4 9 6 5 -1 -4 13 -9 10 -2 -5 -11 -3
right_child=2 7 3 11 -6 -7 -8 8 -10 12 -12 -13 -14 -15
leaf_value=-0.0025908746051138626 0.02576855047227139 0.014573255267632895 0.0038679921217582127 -0.021768341375102057 -0.017840991383732196 0.022107813897084386 0.040758499127850102 0.032321108937216916 -0.00094907061316879644 -0.0035395552184634646 0.0024825179754763413 0.020703770110196071 0.038169246021935832 -0.010072153180483382
leaf_weight=1997.1920868982052 69.162924090895103 30.606876594662026 152.55543250309711 69.685382802577806 86.373607458634069 28.786998845767812 6.9302539656928266 45.336459146041307 25.657317795201379 9.5110251932637748 179.45078830351122 2.7302694420068283 36.084911991958506 48.704143931630824
leaf_count=253954 4852 3618 18806 16474 20451 3661 635 4195 2406 886 14404 255 3053 5650
internal_value=-9.2591e-05 -0.00189518 0.00755059 -0.000629344 -0.0028564 -0.00213307 0.00778128 0.0109491 0.0216646 0.0138069 0.00970648 -0.0178492 0.0303973 5.5676e-06
internal_weight=2788.77 2262.66 526.111 231.901 2112.35 2025.98 159.486 150.305 70.9938 294.21 248.614 72.4157 45.5959 79.311
internal_count=353300 293935 59365 36170 278066 257615 19441 15869 6601 23195 19256 16729 3939 9268
is_linear=0
shrinkage=0.05


Tree=106
num_leaves=15
num_cat=0
split_feature=51 79 64 72 61 34 61 42 52 104 104 68 46 48
split_gain=12.2 13.1736 13.5274 13.9829 11.9967 11.5111 12.7032 9.45268 8.43344 4.04004 3.49367 3.02802 2.29625 1.99919
threshold=1.4556739627437472 -0.43286088415652618 1.0000000180025095e-35 -0.37719201067247948 0.48716659666890372 -0.14554348482164231 -0.029802770882709641 0.59428080961339957 -0.53232123510998297 -0.2835861249282875 -0.15507370831970393 -0.09083983708089742 -0.46192404193474068 1.9810860755193502
decision_type=2 2 2 2 2 2 2 2 2 2 2 2 2 2
left_child=1 5 3 -3 -4 6 -1 -7 9 12 -11 13 -2 -10
right_child=8 2 4 -5 -6 7 -8 -9 11 10 -12 -13 -14 -15
leaf_value=0.0067958949676197302 -0.0052812393288442609 0.004991909691410933 -0.012836985458603546 -0.0044661704723644299 0.0074311935755460015 -0.0062673093968377922 0.028900093375284541 0.0096534840448217647 -0.030055836772329182 -0.016669067558527314 0.01565781933128468 0.0082068839187000153 0.028273991358539793 0.0013653321483664991
leaf_weight=200.58052185549604 3.3601180294062942 995.59278975777852 335.02111239664009 629.67813116151228 85.479530590120703 189.27121541149972 93.017866273003165 165.40550009583239 55.869170936763112 17.534452862571928 3.0572213870473197 2.053014731303846 7.5949668092653173 4.5673292812134596
leaf_count=22178 298 119092 52401 85432 11238 21667 7927 15724 13666 1460 254 559 636 1310
internal_value=0.000574519 0.00121895 -0.000757179 0.00132267 -0.00863995 0.00737183 0.0145202 0.00121856 -0.0162304 0.00414944 -0.00832011 -0.0256719 0.0203732 -0.0278245
internal_weight=2788.08 2694.05 2045.77 1625.27 420.501 648.275 293.598 354.677 94.0363 31.5468 20.5917 62.4895 10.9551 60.4365
internal_count=353842 335659 268163 204524 63639 67496 30105 37391 18183 2648 1714 15535 934 14976
is_linear=0
shrinkage=0.05


Tree=107
num_leaves=15
num_cat=0
split_feature=57 47 84 37 93 88 93 44 101 20 31 41 30 35
split_gain=13.1098 11.7964 18.4132 12.1911 11.7291 22.372 20.0644 10.3627 6.55391 4.49536 4.60107 4.48399 3.2697 1.41487
threshold=-0.14782741185023365 -0.14435404222268411 1.0000000180025095e-35 1.3534097254242148 0.005730141886440541 -0.19561052837497153 -0.030260494407125353 -0.31216974594435837 0.9274284938072509 -0.30635254856655908 0.8792363572234102 -1.2256644652422355 1.0605094276791356 0.52960634925860484
decision_type=2 2 2 2 2 2 2 2 2 2 2 2 2 2
left_child=8 2 3 -2 6 -6 -3 -4 9 11 -11 -1 13 -10
right_child=1 4 7 -5 5 -7 -8 -9 12 10 -12 -13 -14 -15
leaf_value=0.0021096916251647181 -0.0072330876864328377 0.0039762544345003431 -0.0086968328163509294 0.016178304632975687 0.0030308644586283743 -0.01817136059108827 0.025806672884255318 0.026660518553344316 0.033458328906011761 -0.016928178512367772 0.0050216368633257801 -0.030978418704693329 -0.01015348142278881 -0.0021792624294304157
leaf_weight=10.754129545563044 867.34199392767914 818.24629286780691 23.295110648265108 50.061011940066237 554.72519488410035 149.67470792094173 111.8579249696777 63.027119402715471 3.7226105622539745 43.329033262896701 36.720113107665384 53.418476592858497 2.6776635124115273 2.0479479246132541
leaf_count=1623 118090 71574 2509 4446 78923 39998 10411 5314 394 6344 5416 8283 183 198
internal_value=-0.000269012 0.000578249 -0.0036665 -0.0057949 0.00319134 -0.0016656 0.00684825 0.0172066 -0.0140457 -0.0167873 -0.00741986 -0.0258966 0.0164871 0.0274486
internal_weight=2790.9 2638.23 1003.73 917.403 1634.5 704.4 930.104 86.3222 152.67 144.222 80.0491 64.1726 8.44822 5.77056
internal_count=353706 331265 130359 122536 200906 118921 81985 7823 22441 21666 11760 9906 775 592
is_linear=0
shrinkage=0.05


Tree=108
num_leaves=15
num_cat=0
split_feature=22 34 43 73 93 49 82 73 27 16 34 34 79 27
split_gain=12.6105 15.2739 17.6724 17.3564 12.17 11.0865 12.5788 9.41498 5.01023 4.93249 3.97445 5.69702 3.69851 2.92414
threshold=-1.0129233036345042 0.49675608301532598 0.079875692785703653 -0.27504943062539028 -0.0082028037535099661 0.46065915998533274 1.0000000180025095e-35 -0.22937228111182992 1.9235873250924069 1.0561382644019639 0.44734842395094382 1.7648859990011354 0.32052464553475746 -0.48704068845864895
decision_type=2 2 2 2 2 2 2 2 2 2 2 2 2 2
left_child=7 2 4 -4 -2 6 -3 10 -7 12 13 -12 -9 -1
right_child=1 5 3 -5 -6 8 -8 9 -10 -11 11 -13 -14 -15
leaf_value=0.0091042132916457075 0.0029575162060809759 -0.014231526087939329 0.0021835805589428222 0.018656022698381965 -0.0066083417936037784 -0.0020508068188919925 0.012619073636244125 0.058739054484398145 0.01375458053860338 0.010828185963734019 0.026794263241796942 -0.0099269635088955477 0.0011479203066519349 -0.016100470276821991
leaf_weight=10.270208756526701 774.36076214503555 379.26177699844266 401.67020264254097 259.13447087190434 567.5472018581022 218.6887744007181 41.353035507796449 11.182266313902799 54.358126905230165 21.629394421892357 19.015030810405737 10.049590964903471 3.676843518507666 20.888485811708961
leaf_count=694 72920 56355 47821 30308 102024 26055 4190 912 6294 1673 1753 969 452 1609
internal_value=0.00064769 -1.94041e-05 0.00219754 0.00882506 -0.00110723 -0.00636036 -0.0113599 0.0175055 0.00147051 0.0344691 0.00378265 0.0148064 0.0506827 -0.00759924
internal_weight=2793.09 2696.37 2002.71 660.805 1341.91 693.662 420.615 96.7118 273.047 36.4885 60.2233 29.0646 14.8591 31.1587
internal_count=354029 345967 253073 78129 174944 92894 60545 8062 32349 3037 5025 2722 1364 2303
is_linear=0
shrinkage=0.05


Tree=109
num_leaves=15
num_cat=0
split_feature=39 58 14 74 50 61 38 51 103 45 54 104 74 103
split_gain=12.8687 10.2406 10.4767 12.2312 9.33086 9.77162 10.4344 8.96316 8.39401 6.57269 6.44239 3.59799 3.14459 2.94396
threshold=-0.31865440804958478 -1.354835963712268 -0.57199479918382912 -0.037560783195339335 -0.38572845022707714 -0.50343793622071897 0.23203837473193625 0.30751843485178693 0.35877490009488039 -1.3483934284487085 -0.21034970258984478 -0.25273297470369288 2.2150659481510275 -1.5148105661755655
decision_type=2 2 2 2 2 2 2 2 2 2 2 2 2 2
left_child=4 8 7 -4 5 13 -7 -3 -2 12 -11 -10 -6 -1
right_child=1 2 3 -5 9 6 -8 -9 11 10 -12 -13 -14 -15
leaf_value=0.014997879167222198 -0.028453019441056368 0.0018484884822426899 0.0037869807549187153 0.016216029166896805 -0.017298583519514212 -0.0024799248714822732 0.025055714254451772 -0.01584308747993491 0.014269258452368453 0.00061916105924536395 -0.0079261502350043683 -0.010727044171068317 0.012236407916538683 -0.014020824452664752
leaf_weight=1.9100018653698487 34.998883911204757 221.46787775540724 985.9354871502328 241.07092265257234 120.70629002800342 56.013849976348865 72.835180971451337 94.577652897263761 20.289291380904615 429.10939316648728 440.92314497664847 17.811739615528495 2.8041103050345546 48.062661263633345
leaf_count=195 5572 24115 117691 27590 17319 6822 8774 13358 2629 59831 60260 2233 391 7129
internal_value=0.000477849 0.00336224 0.00425871 0.00634028 -0.0034932 0.00675941 0.0137688 -0.00376931 -0.0137965 -0.00538748 -0.00375237 0.00278306 -0.0157617 -0.0105959
internal_weight=2788.52 1616.15 1543.05 1227.01 1172.36 178.822 128.849 316.046 73.0999 993.543 870.033 38.101 123.51 49.9727
internal_count=353909 193188 182754 145281 160721 22920 15596 37473 10434 137801 120091 4862 17710 7324
is_linear=0
shrinkage=0.05


Tree=110
num_leaves=15
num_cat=0
split_feature=79 60 33 96 57 73 52 101 88 73 50 39 34 60
split_gain=15.4069 17.4583 18.5733 20.7625 15.5532 14.3022 12.141 10.7593 8.53095 5.51547 5.24608 5.161 4.94696 4.31919
threshold=-0.43286088415652618 1.1370032882924959 0.36119828489353584 1.3228286465148404 -0.14898099573253798 0.89320752837505013 0.40221728049133926 -0.10399472701115527 0.097380022239872591 -0.5342221306242898 0.31900854059470002 -0.31865440804958478 -0.31023568170291621 -1.3308903064041899
decision_type=2 2 2 2 2 2 2 2 2 2 2 2 2 2
left_child=1 2 3 -1 9 6 -6 -4 -7 10 -2 -3 -13 -11
right_child=4 11 7 -5 5 8 -8 -9 -10 13 -12 12 -14 -15
leaf_value=0.010005417461612272 -0.029182243567810656 -0.01386392687248084 -0.0023372115806685619 0.041663581299772601 0.00091965822888290651 -0.022046859027326525 -0.024598377501247035 0.0209528652013743 0.014457176523967906 -0.016548025246980177 0.0059603206061956508 0.016506183961411843 -0.0053181734223427318 0.011726589461986037
leaf_weight=157.44347959417792 73.846326560291345 93.706980114358885 231.64284308414062 74.62332023363706 1820.2186162289072 100.56905084736354 37.831645974289131 52.574169852756313 11.64536537916865 14.829536486649884 8.6784177851513942 28.576433280315541 70.10691810993012 19.715047313962714
leaf_count=17267 11875 11776 23853 7956 205083 15616 36916 4325 1632 2110 1601 3118 7903 3006
internal_value=0.000250975 0.00656811 0.0113007 0.021486 -0.00191486 -0.000817151 0.000271189 0.00253669 -0.0173856 -0.0188709 -0.0252418 -0.00606283 0.00193891 -0.00140137
internal_weight=2796.01 708.674 516.284 232.067 2087.33 1970.26 1858.05 284.217 112.214 117.069 82.5247 192.39 98.6834 34.5446
internal_count=354037 76198 53401 25223 277839 259247 241999 28178 17248 18592 13476 22797 11021 5116
is_linear=0
shrinkage=0.05


Tree=111
num_leaves=13
num_cat=0
split_feature=103 48 103 47 6 88 103 31 59 101 15 58
split_gain=11.6482 14.8338 12.6284 18.7377 9.369 7.39262 6.6581 6.42654 2.82133 1.89142 0.63867 0.52886
threshold=1.6275769506842748 -1.2564583858429534 0.82244334851484802 0.17784448439578962 -0.38888597353934079 -0.081088517230153354 0.68901134551158416 0.88015031824089685 0.79340467601806408 0.34012950271176373 0.21806041257149736 1.1052076501893411
decision_type=2 2 2 2 2 2 2 2 2 2 2 2
left_child=1 5 3 -3 -4 7 -7 -1 9 10 -2 -10
right_child=8 2 4 -5 -6 6 -8 -9 11 -11 -12 -13
leaf_value=0.013328513762257597 -0.029105508462212732 -0.0070977549366723243 -0.0011785723606728502 0.0030599764450903789 0.010491927976527766 0.033900798667349095 -0.0034339507356786988 -0.0056885641463392256 0.01156405764248465 0.0050103000029056996 -0.00051477359834325065 -0.0045082181488360429
leaf_weight=111.43766520017743 37.791685142212373 1018.4873713116685 306.99995911494625 804.93433926592843 375.74954053210968 46.459844608431013 12.962819875829153 62.876242301426828 2.1728431447118046 1.7750452332111297 2.416221708408556 1.8285100121975117
leaf_count=13492 4651 139334 38110 99417 44115 4911 1451 7017 252 179 234 301
internal_value=0.000234496 0.000693325 -0.000450137 -0.00262148 0.005303 0.0124692 0.0264349 0.00653246 -0.0223447 -0.0257468 -0.0278321 0.00624525
internal_weight=2785.89 2739.91 2506.17 1823.42 682.749 233.737 59.4227 174.314 45.9843 41.983 40.2079 4.00135
internal_count=353464 347847 320976 238751 82225 26871 6362 20509 5617 5064 4885 553
is_linear=0
shrinkage=0.05


Tree=112
num_leaves=15
num_cat=0
split_feature=51 92 52 78 104 52 74 33 21 104 20 101 93 79
split_gain=12.6802 20.1565 14.3703 31.1223 30.9743 22.1055 20.4029 17.5395 14.9026 5.19603 7.12025 4.41996 3.92297 3.81803
threshold=0.88159619879776829 -0.51440617464762806 -0.58983697837681526 -0.55139461898832842 -0.28358602388293569 -0.47438951710806365 -0.03875545853901164 1.1149125130041533 -0.37887470170802456 -0.28350203411524161 -0.56769170003275382 0.82089817899190265 -0.013531967669716602 -2.0860589068805653
decision_type=2 2 2 2 2 2 2 2 2 2 2 2 2 2
left_child=2 9 3 7 -5 8 -7 -1 -4 10 -2 -3 -13 -11
right_child=1 11 5 4 -6 6 -8 -9 -10 13 -12 12 -14 -15
leaf_value=-0.01642705339278613 -0.009143817383632704 -0.023172569775962534 -0.0026184624752204882 0.060066225707622149 0.0029080899674756048 -0.0040585687426644692 0.012532671774215237 0.016801869558179437 0.013771039268546418 0.019646541777821963 0.032344742289120168 0.022789072785779796 -0.011824001280853482 -0.010894335805189215
leaf_weight=374.34228421526495 9.3914115913212282 138.05072013597237 176.45923380064778 16.99330820213072 204.6345067943912 945.63476769135013 219.91245837436873 36.20434706308879 592.48837860918138 4.0579762966372064 25.845588519470766 4.2606206385244141 9.7029963977984135 29.064396459725685
leaf_count=42356 786 32698 11061 910 11802 175874 33937 2851 34520 338 2098 355 1904 2307
internal_value=0.000362472 -0.0108779 0.00136604 -0.00512591 0.0096947 0.003503 -0.000848194 -0.0131669 0.0100246 0.0106269 0.0217102 -0.0206074 0.00383991 -0.00346433
internal_weight=2787.04 220.374 2566.67 632.174 221.628 1934.49 1165.55 410.547 768.948 68.3594 35.237 152.014 13.9636 33.1224
internal_count=353797 40486 313311 57919 12712 255392 209811 45207 45581 5529 2884 34957 2259 2645
is_linear=0
shrinkage=0.05


Tree=113
num_leaves=15
num_cat=0
split_feature=60 58 39 41 48 29 48 74 85 40 41 33 51 72
split_gain=13.724 17.0821 14.6043 12.1978 11.1107 7.40379 6.38215 7.26556 6.04598 8.79443 5.38687 4.7945 4.48397 3.20069
threshold=1.0950400800782256 -1.354835963712268 1.0000000180025095e-35 -0.022314963808484665 0.3200237139931173 -0.96634481279868889 -0.42240302750941389 1.2327773322427704 1.0544314557694108 1.5635862948613244 0.80447619023783423 0.26698400637970859 0.59455731682477775 1.4177212581062439
decision_type=2 2 2 2 2 2 2 2 2 2 2 2 2 2
left_child=1 5 3 -3 -4 -1 7 11 9 -8 -10 -2 -9 -7
right_child=6 2 4 -5 -6 13 8 12 10 -11 -12 -13 -14 -15
leaf_value=0.0195558054020579 0.0020681938816124769 0.0027628413115909395 0.012867217921115767 -0.0079517236685129594 0.0017335878317481313 -0.021381506663302349 -0.016175189577803277 0.036316063185276221 0.025242290351217264 0.012036867492887501 -0.010527312093694268 -0.013700616125469351 -0.0035379936297916209 0.0058404161659256423
leaf_weight=5.7290480657829894 132.58970542171301 889.51705187435073 494.64404794522852 366.96532814022794 409.4553989744818 102.7738843151601 257.66559174357826 10.216047784517288 12.273984104540434 23.571649521989457 12.06507774456986 63.88494479979272 8.3461824359546863 7.7854677820578209
leaf_count=571 17779 110200 50167 53371 50004 16485 39462 939 1034 2843 1200 7698 1171 1121
internal_value=0.000379282 0.00205889 0.00309052 -0.000404507 0.00789906 -0.0158352 -0.00686676 -0.000213776 -0.0113934 -0.0134785 0.00960889 -0.00347435 0.0234316 -0.0191391
internal_weight=2797.48 2276.87 2160.58 1256.48 904.099 116.288 520.613 215.037 305.576 281.237 24.3391 196.475 18.5622 110.559
internal_count=354045 281919 263742 163571 100171 18177 72126 27587 44539 42305 2234 25477 2110 17606
is_linear=0
shrinkage=0.05


Tree=114
num_leaves=15
num_cat=0
split_feature=58 46 79 27 92 41 73 50 39 60 81 23 77 88
split_gain=12.6772 11.9122 13.8172 14.5721 8.85426 7.26559 9.82516 6.31609 4.62857 5.01357 7.31828 3.246 2.72637 2.27547
threshold=0.7160432506770843 -0.46192404193474068 -0.50455219397026763 -0.26409243287011203 0.85781024382602566 -0.86138519440004568 -0.50278700839787527 1.1803537515990901 1.0000000180025095e-35 1.0508432723587 -0.58177983604007566 -0.16944104337584423 -0.071918255532389189 -0.19573849980980618
decision_type=2 2 2 2 2 2 2 2 2 2 2 2 2 2
left_child=1 5 3 -3 -4 6 -1 -7 12 10 -10 -11 13 -2
right_child=8 2 4 -5 -6 7 -8 -9 9 11 -12 -13 -14 -15
leaf_value=-0.005842589533272817 0.0075917109179602666 0.026206489540362973 0.0021290765065123222 0.0052893610849006631 -0.024195078115580814 -0.0080491543382252562 0.010151647127162239 0.012310312180347296 -0.015450379622304101 0.0056160694090708931 0.021731880882732164 -0.023974682946310121 0.0095687029360874178 -0.02383002908343362
leaf_weight=179.4714484844917 1.7069663287693391 116.56552120330889 1330.2584194431402 264.07139022438059 22.757858037773985 521.04577850447458 185.5307916366728 32.262164277970442 12.570849915937286 8.7920401070441603 24.676845313580998 19.816130220038758 1.8546429036432517 76.06949760223506
leaf_count=23929 465 10971 144188 25672 20816 71254 19843 4554 2378 2154 4706 3214 360 19674
internal_value=0.000676066 0.00148431 0.00391559 0.0122019 0.00151204 -0.00309838 0.0023412 -0.00666458 -0.0132047 -0.00269498 0.00856899 -0.0157815 -0.020626 -0.0223541
internal_weight=2797.45 2651.96 1733.65 380.637 1353.02 918.31 365.002 553.308 145.487 65.8559 37.2477 28.6082 79.6311 77.7765
internal_count=354178 321227 201647 36643 165004 119580 43772 75808 32951 12452 7084 5368 20499 20139
is_linear=0
shrinkage=0.05


Tree=115
num_leaves=14
num_cat=0
split_feature=58 48 81 81 59 98 49 43 82 55 54 85 88
split_gain=13.2674 10.961 13.1022 18.1091 13.4584 11.8888 9.76072 6.0472 3.61775 3.46448 1.3161 1.28026 0.223938
threshold=-2.0704381294501446 -0.17806004929339095 -1.109801887958525 -0.88966441441818012 0.13145555128611897 0.054481470116987764 -1.0157725897591228 0.16918852562540557 1.0000000180025095e-35 -6.5027983424213467 0.86247436701302116 0.23339679368266195 -0.19573152038073569
decision_type=2 2 2 2 2 2 2 2 2 2 2 2 2
left_child=8 2 4 -4 -2 6 -3 -7 9 -1 -11 12 -10
right_child=1 5 3 -5 -6 7 -8 -9 11 10 -12 -13 -14
leaf_value=0.0088777676862029 0.042989779406076074 0.0060173779131148823 -0.018288632975452773 0.004250735377192969 0.00013534479980743976 0.0012536246429960662 -0.0066285663909172315 0.017374157581727372 0.0020049748363779999 -0.03097976563574513 0.0019462727188267592 0.015153309089972089 -0.01006765421653311
leaf_weight=2.1477486080984809 31.905027648754185 173.37201641091087 86.173742029073765 1230.2256577556836 32.664923640841153 154.87289355653775 948.36629983539751 84.861918453112594 1.5163568890711756 43.549481199050206 2.0093988732260177 2.8655398219125345 2.4857119102089191
leaf_count=327 2275 24655 8190 146171 4288 17192 134491 8191 179 7337 364 255 352
internal_value=0.000174747 0.000699708 0.00382485 0.00264851 0.0242358 -0.00247496 -0.00463815 0.00742722 -0.0222285 -0.0264741 -0.0294386 0.00547462 -0.00732833
internal_weight=2797.02 2742.44 1380.97 1316.4 64.57 1361.47 1121.74 239.735 54.5742 47.7066 45.5589 6.86761 4.00207
internal_count=354267 345453 160924 154361 6563 184529 159146 25383 8814 8028 7701 786 531
is_linear=0
shrinkage=0.05


Tree=116
num_leaves=15
num_cat=0
split_feature=82 79 60 42 104 19 52 78 103 81 51 33 81 52
split_gain=13.4781 10.4965 12.9643 10.4044 10.0841 8.43901 10.0797 6.83893 6.68816 6.62999 6.57161 7.40215 5.3328 4.56439
threshold=1.0000000180025095e-35 -0.43286088415652618 1.1627781866658979 -1.0327556994699745 -0.019583996449648308 0.76069201303096079 0.2368197715103198 -0.34677653514850088 -1.1645872014350502 0.27589863229892936 -0.55359821106718166 -0.43962308247399484 -1.4394583043790807 -0.094057945206209526
decision_type=2 2 2 2 2 2 2 2 2 2 2 2 2 2
left_child=1 2 4 7 -1 6 -3 8 -2 -7 13 -12 -4 -5
right_child=3 5 12 10 -6 9 -8 -9 -10 -11 11 -13 -14 -15
leaf_value=0.010251916827731257 -0.0030125597377404219 -0.0014919455772658991 0.013729586027251679 -0.011570596260382099 -0.0081931650076905362 -0.017642381083573126 -0.016533541247451499 -0.0038326977387881534 0.043186703719899633 0.010889651291476149 -0.0045977420956425253 0.024746946840328046 -0.010619447210048923 0.019176008524487063
leaf_weight=453.20714025672351 7.9549003067659205 1609.2350645299812 17.064520910964347 62.378157658386044 80.442459973288351 144.22827336614864 109.93249087712684 11.424426705008953 35.623018085811054 16.630924367098487 31.710212850914104 42.768036430643406 165.59505390405684 5.1626083216688121
leaf_count=44200 676 152402 2068 4828 10084 18159 84170 1714 2444 4399 2945 3343 19988 2120
internal_value=-0.000682603 -0.0016556 0.00346218 0.0116002 0.00737194 -0.00361353 -0.00254384 0.028216 0.0357651 -0.0142278 0.00373226 0.0131877 -0.00775014 -0.00705049
internal_weight=2793.36 2596.34 716.309 197.021 533.65 1880.03 1719.17 55.0023 43.5779 160.859 142.019 74.4782 182.66 67.5408
internal_count=353540 335470 76340 18070 54284 259130 236572 4834 3120 22558 13236 6288 22056 6948
is_linear=0
shrinkage=0.05


Tree=117
num_leaves=15
num_cat=0
split_feature=88 104 40 60 60 7 80 36 59 74 80 49 36 78
split_gain=13.0671 14.1063 13.8256 11.3711 10.613 10.1839 9.80144 9.50282 9.17761 8.96057 8.64409 5.9647 6.97129 2.80102
threshold=-0.033344144263512614 -0.28358607881113185 -0.14698272028995088 0.6602051340997569 1.3373890351049438 0.76742057757961002 -0.75962231266290869 -0.56908163275488366 -0.57584054946567986 0.86083507524615788 -1.6904999500887541 -1.3110589397080137 0.24291440455903088 -0.25975923614900126
decision_type=2 2 2 2 2 2 2 2 2 2 2 2 2 2
left_child=1 4 7 6 8 -4 10 -3 -1 -8 -2 -5 -13 -6
right_child=3 2 5 11 13 -7 9 -9 -10 -11 -12 12 -14 -15
leaf_value=-0.0066029290017124778 -0.0067218155409605081 0.0048743694174773191 -0.0032203625222035123 0.02514322225025812 -0.0058717231975363975 0.012475602005840211 0.010632850575642394 -0.014105544669638443 0.0070915605201932437 -0.018581389435177842 0.046238612823834319 -0.012738119468408747 0.012884296437296123 -0.024620198244710696
leaf_weight=139.13150577326451 7.0530821238789967 72.182370634007384 690.95207024329284 5.6618228204606558 87.000226842355914 111.25977339060046 325.74147020111559 439.50243732146919 710.46613501760294 19.447226629708894 23.081390823732363 113.21414844852916 25.160966121868114 20.556652993604075
leaf_count=20262 912 6492 88507 695 7513 13204 37234 61024 88172 2131 2221 14759 2538 7771
internal_value=-5.95415e-05 -0.00170174 -0.00504905 0.00701795 0.00289784 -0.000916671 0.0115169 -0.011386 0.0047982 0.00851018 0.0352567 -0.00469175 -0.00752479 -0.0112445
internal_weight=2790.41 2271.05 1313.9 519.36 957.155 802.212 375.323 511.685 849.598 345.189 30.1345 144.037 138.375 107.557
internal_count=353435 292945 169227 60490 123718 101711 42498 67516 108434 39365 3133 17992 17297 15284
is_linear=0
shrinkage=0.05


Tree=118
num_leaves=15
num_cat=0
split_feature=87 79 85 51 41 40 19 81 21 29 54 54 30 41
split_gain=11.2073 12.3165 10.9563 11.0023 9.09549 8.77649 8.55107 8.11434 7.17474 7.00831 6.61095 5.69398 5.07539 2.84025
threshold=0.2450888005791059 -0.37663006496872897 -0.13044291413294626 0.04918344107609593 -1.3279901031192551 -0.27369153622708225 -0.39330160511796142 -0.010434025592707719 -3.268578440085006 0.34897587999464297 -0.2831287801434334 -0.31169260381921088 -0.28236918603250971 -0.26789649471333171
decision_type=2 2 2 2 2 2 2 2 2 2 2 2 2 2
left_child=1 4 5 -4 10 -3 8 -6 -2 -10 -1 13 -13 -8
right_child=6 2 3 -5 7 -7 11 -9 9 -11 -12 12 -14 -15
leaf_value=-0.010314717270263408 -0.014505253259390874 -0.012938024419775618 0.0051709828534835991 -0.0089300765351320432 0.0099042464848389522 -0.0033311150642305748 -0.0041815790083987031 -0.0012836038952408464 0.037501668602675821 -0.00745885818806783 0.029968880783075205 0.014646332532628781 -0.0073690543488874527 0.038557195019132982
leaf_weight=7.3830375985926358 3.9896333097713059 328.95602790687553 545.64434323250316 174.43360994106479 243.52264885394106 833.36410347147466 2.8424165292381076 443.9361192758588 44.761783175519668 6.7825591508008065 42.044526035664603 27.087436899942986 79.220345313849975 5.0446118586696675
leaf_count=657 492 50324 58644 26701 26411 121697 281 48511 4881 622 3814 3031 7196 503
internal_value=-0.000186563 -0.00101163 -0.00315396 0.00167958 0.00442998 -0.0061372 0.0118938 0.00276472 0.0263307 0.0313348 0.0232285 0.00331819 -0.000982519 0.0294278
internal_weight=2789.01 2619.28 1882.4 720.078 736.886 1162.32 169.729 687.459 55.534 51.5443 49.4276 114.195 106.308 7.88703
internal_count=353765 336759 257366 85345 79393 172021 17006 74922 5995 5503 4471 11011 10227 784
is_linear=0
shrinkage=0.05


Tree=119
num_leaves=15
num_cat=0
split_feature=58 81 73 81 81 52 88 81 43 79 48 58 85 58
split_gain=15.6742 13.2321 18.7423 16.2826 24.1879 14.0922 7.04026 6.29893 4.36154 3.48307 3.18644 2.18808 1.65004 1.63484
threshold=0.1544971328332177 -1.109801887958525 1.0229855410324935 -1.0868205033581593 -0.23024162279907598 -0.58983697837681526 -0.19532390296324378 0.64997839502832633 -1.0628101598262933 -1.3566699688171953 -1.4068232955143523 1.2004843471188764 2.6629250275634591 0.4789329306247519
decision_type=2 2 2 2 2 2 2 2 2 2 2 2 2 2
left_child=1 2 5 6 -5 -1 -3 8 12 -4 -10 13 -2 -9
right_child=7 3 9 4 -6 -7 -8 11 10 -11 -12 -13 -14 -15
leaf_value=-0.00058403316349785693 -0.004666823753155548 -0.026034973685184329 0.010539537757614077 0.018631202111828598 0.00045982219026259813 0.050936497045210472 0.0024163637623988727 -0.0041897963509087066 0.0048929550324795252 -0.014329998537233726 -0.018088989106929593 -0.005720058575840424 0.02140538279935723 0.035355494940705605
leaf_weight=18.340285691432655 5.8934079101163643 66.697125728329411 13.532853513635926 189.65575672953855 2219.7030613709212 35.996246022317791 28.126213324518176 0.90075558023090652 12.39862141807316 27.951799083079095 165.87848061260229 2.560437120628194 3.2458497287007049 2.1708698639267823
leaf_count=1216 772 7227 1120 16584 277366 2862 2833 389 2133 2698 36408 1253 255 1071
internal_value=0.0008281 0.00186625 0.0191881 0.00112976 0.0019613 0.0361589 -0.0181704 -0.0125572 -0.0144999 -0.00574586 -0.0163157 0.0200094 0.0109388 0.0294252
internal_weight=2793.05 2600 95.8212 2504.18 2409.36 54.3365 94.8233 193.048 187.416 41.4847 178.277 5.63206 9.13926 3.07163
internal_count=354187 311906 7896 304010 293950 4078 10060 42281 39568 3818 38541 2713 1027 1460
is_linear=0
shrinkage=0.05


Tree=120
num_leaves=15
num_cat=0
split_feature=34 103 64 92 43 42 74 51 42 88 81 13 43 47
split_gain=13.3645 14.188 12.9073 10.9497 10.7459 8.52341 8.49701 6.9957 5.96806 5.89504 2.37649 1.90734 1.44828 0.437351
threshold=-1.446611840183706 0.6209775695121309 1.0000000180025095e-35 0.82865603758368611 -0.95316179365212761 -0.15665911765585006 -0.25487455118914809 0.59455731682477775 -0.15665911765584958 -0.1957374958875252 -2.3189086107605372 -0.7350477299729864 0.059715973984792677 0.029137472110340661
decision_type=2 2 2 2 2 2 2 2 2 2 2 2 2 2
left_child=1 7 3 4 -2 9 -7 8 -1 -4 -5 12 -3 -9
right_child=2 11 5 10 -6 6 -8 13 -10 -11 -12 -13 -14 -15
leaf_value=0.0023143143935957446 0.017969089485288903 -0.022219502186571927 0.010327643388298275 0.0086648714932469791 0.0011604836542952529 -0.0073798170894270451 0.0099889084770165767 -0.012045166993023397 0.051251858912303619 -0.017878208014366351 -0.022673790197714309 0.0087000970886035433 0.0036817961061084447 0.0034076971865575055
leaf_weight=8.6723754530830757 89.738465714355698 11.149145501301975 14.100166384319889 1.6212932447670017 2090.6809196258328 221.84354469630489 91.44080507785111 3.0840447616064912 26.933442860765354 178.39419099388761 45.431041243195068 3.2898870256176442 3.8784017569996641 1.6746184498479122
leaf_count=781 6897 1292 2202 674 218618 34558 12338 379 3073 26991 45133 359 423 204
internal_value=0.000275542 0.0220597 -0.000270866 0.00137382 0.00193114 -0.00740033 -0.0021581 0.0361029 0.0424534 -0.0154041 -0.0202645 -0.0107073 -0.0167346 -0.00798283
internal_weight=2791.93 58.6819 2733.25 2227.47 2180.42 505.779 313.284 40.3645 35.6058 192.494 47.0523 18.3174 15.0275 4.75866
internal_count=353922 6511 347411 271322 225515 76089 46896 4437 3854 29193 45807 2074 1715 583
is_linear=0
shrinkage=0.05


Tree=121
num_leaves=15
num_cat=0
split_feature=58 58 74 74 84 47 43 33 84 60 12 57 29 99
split_gain=12.7442 11.7532 10.6006 16.5438 9.00856 4.61008 4.43978 4.36419 2.72977 2.3734 2.27421 1.82055 1.81407 1.74476
threshold=1.1052076501893411 -2.0279197798168056 -0.17401925578367519 0.86083507524615788 1.0000000180025095e-35 -0.81353559750720705 -0.81152196846823565 1.1149125130041526 1.0000000180025095e-35 0.57052108246997391 -0.62645032175338622 -0.99139057700064481 0.45584308095278642 -0.17044703886319459
decision_type=2 2 2 2 2 2 2 2 2 2 2 2 2 2
left_child=1 5 4 -4 -3 11 9 8 -8 -2 -7 -1 -9 -11
right_child=6 2 3 -5 -6 10 7 12 -10 13 -12 -13 -14 -15
leaf_value=-0.0072872620631678296 -0.0089310659494611696 -0.00094216380180207394 0.015036659832473629 -0.0010444901078574573 0.01343351015576243 0.0021144761634500036 -0.023772751668571231 0.018130385835286873 0.0082531801422214088 -0.0051215227757799532 -0.028172077497326631 0.020537187322756865 -0.008971413280997485 0.029042747878275356
leaf_weight=3.9801116911694407 3.9018298680603021 1904.7958611546164 320.62220528609032 307.43605829868466 105.55548159188766 5.5215112792502614 84.809831583821506 4.8227485372190122 2.4206027071340932 1.6478299484879242 42.146946077773464 2.4322273084544568 2.7260206646169536 2.826199940405786
leaf_count=571 487 243883 33044 33852 9573 936 21757 1049 329 250 7122 362 403 328
internal_value=0.000462362 0.00114907 0.0016569 0.0072719 -0.0001246 -0.0200188 -0.0159791 -0.0190573 -0.0221266 0.0102687 -0.0249056 0.00934944 0.00880813 0.0216148
internal_weight=2795.65 2692.49 2638.41 628.058 2010.35 54.0808 103.155 94.7792 87.2304 8.37586 47.6685 6.41234 7.54877 4.47403
internal_count=353946 329343 320352 66896 253456 8991 24603 23538 22086 1065 8058 933 1452 578
is_linear=0
shrinkage=0.05


Tree=122
num_leaves=15
num_cat=0
split_feature=44 93 88 93 68 74 41 57 60 88 79 49 52 13
split_gain=12.8538 11.4169 21.3171 14.9842 44.3193 11.3207 11.2915 11.0687 9.26206 9.72088 5.86795 4.3838 2.24003 2.4794
threshold=0.099620236125753839 0.0057318999953004475 -0.19561052837497153 -0.030260494407125353 -0.13271776569370855 0.13863593641449654 2.5112678300265223 -0.14933046900747338 0.96994082670245219 -0.19573242845425079 -1.2385374941116212 -1.4094877230243099 -0.54183987829159164 0.729280633163364
decision_type=2 2 2 2 2 2 2 2 2 2 2 2 2 2
left_child=1 3 5 7 -5 -3 8 -1 9 -2 -4 -10 13 -8
right_child=6 2 10 4 -6 -7 12 -9 11 -11 -12 -13 -14 -15
leaf_value=-0.02161056193501305 0.019298452571008068 -0.0053588779399687753 0.0019101809653346937 0.062856101854154689 -0.0012317134248197332 0.01041519738236292 0.016761861306300276 0.0005471926806087027 0.013975295505692889 0.0053116087802255003 -0.024999741478504908 -0.0073869003848507217 -0.025066658820955569 -0.012308653449464338
leaf_weight=49.762229851010488 176.63359034663881 569.25583539778017 21.683005530787341 27.842565489845583 92.655684759221913 131.85589007214003 3.2987672383896989 983.70990090951091 19.437685421085916 408.17742498957523 147.78313643626097 130.27256741984456 24.696503343249788 6.3996371515095234
leaf_count=7842 18741 88406 5142 2192 9853 17816 250 94143 2286 42571 45902 14503 4011 464
internal_value=0.000122424 -0.00196912 -0.00625807 0.00129252 0.0172584 -0.00228755 0.00558402 -0.000716593 0.00698188 0.00978955 -0.0216421 -0.00391195 -0.0191164 0.00106885
internal_weight=2793.46 2024.55 870.578 1153.97 120.498 701.112 768.916 1033.47 734.521 584.811 169.466 149.71 34.3949 9.6984
internal_count=354122 271296 157266 114030 12045 106222 82826 101985 78101 61312 51044 16789 4725 714
is_linear=0
shrinkage=0.05


Tree=123
num_leaves=15
num_cat=0
split_feature=60 37 93 93 104 103 103 103 68 43 12 103 52 28
split_gain=12.5723 10.7664 10.5294 11.2837 9.14553 8.94913 8.93222 10.6062 8.43386 6.85851 5.46804 4.96088 4.83272 4.78464
threshold=1.1499887924509891 4.6276329553246134 -0.0074702991947937676 -0.033982121425165497 -0.28358624556791084 -1.4487817804707428 1.6275769506842748 1.602513653468091 -0.13272595485491975 0.11426382561096356 -0.0051275616487672518 -1.550332518593839 -0.52756033397296798 -0.31397356681392868
decision_type=2 2 2 2 2 2 2 2 2 2 2 2 2 2
left_child=1 6 3 9 10 -3 7 -1 -5 -2 -4 -6 -8 -7
right_child=2 5 4 8 11 13 12 -9 -10 -11 -12 -13 -14 -15
leaf_value=0.0010305145233341227 -0.0096154474656495875 -0.00789812379517023 -0.020320363125615096 0.049527030864664659 0.0086801989972024908 -0.0018372809604886499 0.011949658988110642 0.029955340286698974 0.0016548819272033206 0.0094312794967933364 0.011438524104041677 -0.022554692685491692 -0.026168608522368821 0.061474424232215476
leaf_weight=2248.8530172728024 164.32223533642536 6.1756080089835441 8.7544335355632921 8.1106638589408266 8.6567458139979845 2.9544253806816405 4.130588910309597 22.169240090195672 20.169838161178632 55.893677841144381 40.058043103112141 160.40880545878463 33.746295491742785 6.4604865298315408
leaf_count=279238 15602 532 1399 267 1973 191 319 2199 1186 4387 6196 35569 4299 459
internal_value=-0.000150693 0.0013604 -0.00755269 -0.000417142 -0.0153156 0.0336195 0.000998533 0.00144296 0.0247357 -0.00458146 0.003256 -0.0205599 -0.020384 0.0508938
internal_weight=2790.86 2324.49 466.374 248.496 217.878 15.5905 2308.9 2271.02 28.2805 220.216 48.8125 169.066 37.8769 9.41491
internal_count=353816 287237 66579 21442 45137 1182 286055 281437 1453 19989 7595 37542 4618 650
is_linear=0
shrinkage=0.05


Tree=124
num_leaves=15
num_cat=0
split_feature=39 48 15 14 48 103 41 47 88 81 37 47 41 72
split_gain=10.2552 10.0827 10.6952 10.1819 9.51362 17.0337 12.7982 12.1518 8.5823 8.52782 8.22046 7.79608 6.6294 5.46114
threshold=0.39357630301418634 1.179923041176429 0.14643170449704399 -1.1324898140031341 -0.97452418020908094 -0.48389891745371427 -1.3648273327549822 0.12827548030063976 -0.19573681101082696 -0.012083407262590698 -0.34660315159199934 -0.91267360569750611 2.2411281460311905 -0.73115464667276109
decision_type=2 2 2 2 2 2 2 2 2 2 2 2 2 2
left_child=4 3 -3 13 5 6 -1 11 -5 -9 -7 -6 -4 -2
right_child=1 2 12 8 7 10 -8 9 -10 -11 -12 -13 -14 -15
leaf_value=0.03585648795720333 0.0063020411111950891 -0.014223813209281792 0.024970470980224063 -0.00683447243100287 0.0026213009070157217 -0.010501170502141312 0.0046744743433244709 0.010643345782743986 0.010732971595110071 -0.0024109561201781388 0.004949848962531268 -0.010406306020782389 -0.011907024733319067 -0.022367464161328392
leaf_weight=50.489207943166548 20.785804874380119 117.42529143092543 26.3306684094714 72.36833111231681 132.86994843807042 151.80462022954816 79.964468528181897 154.08784838365682 555.77620311601277 517.07682803084754 174.95775497467548 697.42386143795011 11.101012092098243 34.524974420834042
leaf_count=5604 2265 15518 2880 7506 20119 20149 8902 17826 57882 70143 19278 100869 1354 3668
internal_value=-0.000411312 0.00418606 -0.00701535 0.00678864 -0.00239026 0.00386511 0.0184364 -0.00430808 0.00863365 0.00069834 -0.00232694 -0.00831514 0.0138292 -0.0122782
internal_weight=2796.99 838.312 154.857 683.455 1958.67 457.216 130.454 1501.46 628.145 671.165 326.762 830.294 37.4317 55.3108
internal_count=353963 91073 19752 71321 262890 53933 14506 208957 65388 87969 39427 120988 4234 5933
is_linear=0
shrinkage=0.05


Tree=125
num_leaves=15
num_cat=0
split_feature=80 51 52 93 78 52 104 104 43 84 19 61 51 41
split_gain=11.1325 14.4222 24.3643 14.0235 30.3836 25.1526 24.3632 16.9636 11.9196 9.7688 7.40297 7.15481 6.535 4.40545
threshold=-0.60477342823070723 0.70937286961397339 -0.58983697837681526 0.0057318999953004475 -0.51862659844458381 -0.58983697837681526 -0.28358358915407661 -0.28358611718789711 0.094657881149655496 1.0000000180025095e-35 0.56835974333947292 -0.46904130929437104 0.59455731682477675 0.36652246012419004
decision_type=2 2 2 2 2 2 2 2 2 2 2 2 2 2
left_child=1 2 12 4 5 -2 9 -6 -4 -5 -8 -3 -1 -13
right_child=3 11 8 6 7 -7 10 -9 -10 -11 -12 13 -14 -15
leaf_value=-0.015502514118484046 -0.013234615588577881 -0.018724710831088048 0.011398533460769598 -0.0029276263799758034 0.05360150589152482 0.0032817799796003599 -0.023234669650027628 0.010203040913012079 0.035853835983596032 0.018535339910284939 -0.0010778895392156626 0.010936809705315067 0.012958119472183388 -0.01165683779572806
leaf_weight=69.459584158612415 364.30329397087917 54.869277739991958 145.07471989336773 683.3121722043652 14.813583277631549 592.37596422369825 200.09667927401824 398.33375250918471 80.327902588083816 47.447520119283581 47.165598075844173 53.037178473001404 18.605553501751274 23.299085780883615
leaf_count=5933 40957 9711 16605 98635 691 61363 57423 26677 7720 4120 11678 7207 1659 3736
internal_value=-5.60267e-05 0.0071077 0.0128145 -0.0014372 0.00182588 -0.00307951 -0.00597972 0.0129891 0.0212667 -0.00130265 -0.0192144 -0.00646855 -0.0087814 0.00348942
internal_weight=2792.52 444.673 313.468 2347.85 1369.83 956.679 978.022 413.147 225.403 730.76 247.262 131.206 88.0651 76.3363
internal_count=354115 52571 31917 301544 129688 102320 171856 27368 24325 102755 69101 20654 7592 10943
is_linear=0
shrinkage=0.05


Tree=126
num_leaves=15
num_cat=0
split_feature=48 103 31 103 60 43 73 88 54 52 47 17 99 20
split_gain=10.5028 13.3151 10.9617 12.1747 11.9725 11.424 9.96891 12.3984 7.26098 7.17996 6.94401 5.98267 4.54978 3.20454
threshold=-0.41300522065495143 1.6275769506842748 -0.60611087011360743 -1.0302348386787064 1.2135240228176774 -0.95316179365212761 -0.42014595971827079 -0.19573198419951657 -0.23349202243388253 -0.54183987829159164 0.67353452534728853 -0.025005683832573494 0.67048585040082587 0.62021353390449541
decision_type=2 2 2 2 2 2 2 2 2 2 2 2 2 2
left_child=1 6 10 5 -5 -4 8 -8 -1 -3 12 -12 -2 -11
right_child=2 9 3 4 -6 -7 7 -9 -10 13 11 -13 -14 -15
leaf_value=0.0087043724758331473 -0.012896229378959741 0.017079461071773949 0.023802881060450462 0.0057850775078854243 -0.0096770569927912848 -0.011636761260164531 0.021765473145333059 0.0052423769479164181 -0.002916383068618059 -0.029538317096552774 0.011959857074326792 -0.011012466922595143 0.0074211478933850885 0.0090327937963920434
leaf_weight=201.05454680923867 322.75434308392141 4.471076183486729 15.745920718734849 841.09985672993935 137.49848922490855 235.90808746137191 166.61263423237688 344.1078419035839 361.16546593085513 37.571174211552716 63.299978531918896 36.710991749030654 23.67948966989934 1.5594493380922347
leaf_count=23763 49510 349 1724 101939 20134 36415 17813 38142 44506 5056 8334 4041 2442 196
internal_value=0.00105947 0.00479473 -0.00144158 0.00100591 0.00353665 -0.00859435 0.00596068 0.0109472 0.00131879 -0.0196561 -0.0080603 0.00329289 -0.0113382 -0.0264755
internal_weight=2793.24 1116.54 1676.7 1230.25 978.598 251.654 1072.94 510.72 562.22 43.6017 446.445 100.011 346.434 39.1306
internal_count=354364 129825 224539 160212 122073 38139 124224 55955 68269 5601 64327 12375 51952 5252
is_linear=0
shrinkage=0.05


Tree=127
num_leaves=15
num_cat=0
split_feature=50 52 50 51 50 54 104 81 104 79 41 37 37 61
split_gain=12.7612 11.8096 18.0434 10.7586 10.4662 10.501 9.83654 9.37469 9.90621 6.99916 6.39216 6.24173 5.1676 5.00058
threshold=-0.38572845022707714 -0.49068113866319235 0.65832635099036951 0.88159619879776829 -0.38572845022707913 -0.17848112266469415 -0.28358624981167274 -0.91143625246063198 -0.2835792954504695 -0.25246859584917675 -1.40575758790579 -0.34170947702455939 1.8906910737268496 1.377958003661323
decision_type=2 2 2 2 2 2 2 2 2 2 2 2 2 2
left_child=4 7 3 -3 6 9 -1 13 -9 -6 -7 -8 -4 -2
right_child=1 2 12 -5 5 10 11 8 -10 -11 -12 -13 -14 -15
leaf_value=0.024160010357769358 -0.012805299470188564 -0.00025988538008944241 -0.021841425179870089 -0.018281566443417475 0.041991653134468725 0.023540491332396902 -0.021345470848536705 0.0099896171430271172 0.00032886259869055413 0.013981362852361991 -0.0032484423688488302 0.0004930616873832915 0.0078563192570784927 0.016488719301683375
leaf_weight=24.338672340614721 121.3305079464335 873.81283948617784 153.17868606007687 81.520430331536772 36.421166029911547 19.686163966176537 34.182525475785951 402.31705569010228 746.47331442090217 75.797664574423834 81.812322516710992 124.44200943884061 11.148561223351861 7.76942852186039
leaf_count=3107 9412 156647 29377 23838 3569 2036 5017 29772 55990 8790 9212 15072 1562 479
internal_value=0.000420959 -0.000964382 -0.00469232 -0.00197116 0.00861183 0.0158658 -0.000244533 0.00231303 0.00376916 0.0257642 0.00359269 -0.00519977 -0.0194915 -0.0099837
internal_weight=2794.23 2397.55 1119.66 955.333 396.681 213.717 182.963 1277.89 1148.79 112.219 101.498 158.625 164.327 129.1
internal_count=353880 307077 211424 180485 46803 23607 23196 95653 85762 12359 11248 20089 30939 9891
is_linear=0
shrinkage=0.05


Tree=128
num_leaves=15
num_cat=0
split_feature=39 41 47 61 15 42 44 73 61 75 61 16 103 42
split_gain=13.2653 9.04242 12.2589 8.90908 8.99189 8.7584 8.54828 8.97213 8.07158 7.24753 6.78089 6.72464 6.67682 6.32203
threshold=0.39357630301418634 0.48931322557661366 0.32655149668124017 -0.41869125212187891 0.76143536294318725 -1.2204906812872869 -0.4030744508627136 -0.27453172017729716 0.44191226354158841 0.55300519256986125 -0.53373876776186324 1.0561382644019639 -0.98138271502517249 0.71943746415827425
decision_type=2 2 2 2 2 2 2 2 2 2 2 2 2 2
left_child=1 6 5 10 9 -3 8 -8 -1 -5 11 -2 -4 -6
right_child=3 2 12 4 13 -7 7 -9 -10 -11 -12 -13 -14 -15
leaf_value=-0.012658969901955178 0.0087823457949251157 0.0056224772660622147 -0.012549971169869634 0.0094112374410615443 0.047067359436110692 -0.021440641702328803 -0.0026264742153577557 0.0058046510054169621 0.0062565199460830126 -0.0083195606305047892 -0.0083281001291548359 -0.014659046394001535 0.009154516825934416 0.0058430419103408992
leaf_weight=238.66207746099099 172.03948715508159 31.286335269061965 44.439076328730152 378.79524246956862 15.943511194273013 176.37676782827475 792.68021810699429 510.13022570772955 66.234523359278683 59.694067621414433 164.80291817675243 27.407987436803523 91.970234426116804 19.586042308219476
leaf_count=37363 21112 5564 6976 42102 1371 28463 100944 62982 8403 4651 18229 2195 11784 1502
internal_value=-0.000430613 -0.00268813 -0.00992347 0.00479538 0.00924176 -0.0172923 -0.00108789 0.000693897 -0.00848165 0.00686576 -0.00108325 0.00501495 0.00170945 0.0306167
internal_weight=2790.05 1951.78 344.072 838.269 474.019 207.663 1607.71 1302.81 304.897 438.489 364.25 199.447 136.409 35.5296
internal_count=353641 262479 52787 91162 49626 34027 209692 163926 45766 46753 41536 23307 18760 2873
is_linear=0
shrinkage=0.05


Tree=129
num_leaves=15
num_cat=0
split_feature=60 84 60 59 78 9 103 74 48 93 93 52 99 60
split_gain=13.0448 11.6717 11.2212 10.8882 9.47501 9.39847 8.68643 7.90351 10.1817 5.39479 10.492 8.47234 5.06849 4.66382
threshold=0.92255364396169059 1.0000000180025095e-35 -1.4754647594486248 -0.35303748027659815 -0.47821270644063213 -0.12730005083689946 -1.1333796053513219 1.1531323093312904 -0.25324250412909027 -0.0074702991947937676 -0.033982121425165497 -0.53816402616286929 0.23026729970561913 -0.78231357980905603
decision_type=2 2 2 2 2 2 2 2 2 2 2 2 2 2
left_child=1 2 3 -1 13 -4 -6 9 -9 10 -2 -11 -10 -3
right_child=7 4 5 -5 6 -7 -8 8 12 11 -12 -13 -14 -15
leaf_value=-0.025381542479074155 -0.0078765864414320451 -0.0096606305939826026 -0.0006678884353610616 -0.0011082844495596004 -0.013562263281766539 0.0080656080972471202 0.036576978623486057 0.02736911489775351 -0.020472312833491501 0.022135097280778754 0.017496554876355916 -0.015976473270220792 0.016449583541785277 0.014562849734991869
leaf_weight=71.919073344797653 275.66180500146584 33.224580198380863 1502.907955804767 108.1668428899211 4.9406992620497467 377.06669544756733 44.669676852659904 26.716067514556926 20.62155040862854 6.9363223321270189 37.91095537005458 255.30328711754919 4.7775649795366908 26.927252136607422
leaf_count=11019 24711 3285 193374 13676 498 38562 3665 3083 3443 374 1912 53605 514 2385
internal_value=-0.00101003 0.000834238 -4.76896e-05 -0.0116273 0.0160085 0.0011172 0.0301461 -0.00729614 0.0099988 -0.00900542 -0.00436305 -0.0141924 -0.0108423 0.00171327
internal_weight=2797.75 2169.82 2060.06 180.086 109.762 1879.97 49.6104 627.928 52.1152 575.812 313.573 262.24 25.3991 60.1518
internal_count=354106 266464 256631 24695 9833 231936 4163 87642 7040 80602 26623 53979 3957 5670
is_linear=0
shrinkage=0.05


Tree=130
num_leaves=15
num_cat=0
split_feature=61 79 84 92 43 41 46 85 103 51 27 65 103 34
split_gain=11.2108 10.217 10.1263 14.6896 10.9226 7.47591 8.28276 4.60579 5.90858 5.66155 4.38993 3.94832 3.42537 2.89253
threshold=-0.56029520253306153 -0.79078019609923567 1.0000000180025095e-35 -1.4169905509053369 -1.3674881396242919 1.8277325690080308 -0.7508894533949243 -0.064925709574019788 -0.42510068957154351 0.30751843485178737 -1.1698197211985433 1.0000000180025095e-35 -0.13140955116230807 -0.34317412107917095
decision_type=2 2 2 2 2 2 2 2 2 2 2 2 2 2
left_child=7 5 4 -4 -3 6 -2 10 13 -10 12 -12 -1 -9
right_child=1 2 3 -5 -6 -7 -8 8 9 -11 11 -13 -14 -15
leaf_value=0.022577066547127773 -0.0025832903133387935 0.023788411083977015 -0.017398466897413277 0.024016176348177924 -0.00055078810043900572 -0.017546580845597223 0.014579933266386673 0.0070154497187216143 0.017440071377878657 -0.011316865109124163 -0.004837674826204454 -0.019789479686959828 -0.0074246601833222008 -0.018203339854434546
leaf_weight=7.7943437080102767 86.454378364607692 37.229673141817329 19.807275790022686 84.712182247036253 1908.3015664688319 15.718668108667769 311.94783988257404 9.5245161179918778 49.424029315909138 16.115878519987746 83.38174315543074 109.18343609513249 12.811720408411928 31.916185938171111
leaf_count=1088 9408 2943 2197 6966 251661 1798 31271 1078 5147 2362 11684 19569 1970 4620
internal_value=0.00120004 0.00235089 0.000884913 0.0153338 3.42317e-05 0.00941603 0.0108834 -0.00746077 0.000981087 0.00980686 -0.0115515 -0.0138737 0.00759244 -0.0121702
internal_weight=2784.32 2464.17 2050.05 104.519 1945.53 414.121 398.402 320.152 106.981 65.5399 213.171 192.565 20.6061 41.4407
internal_count=353762 306244 263767 9163 254604 42477 40679 47518 13207 7509 34311 31253 3058 5698
is_linear=0
shrinkage=0.05


Tree=131
num_leaves=12
num_cat=0
split_feature=58 103 48 74 39 103 104 41 79 76 103
split_gain=12.4817 10.809 19.3884 9.14877 8.77051 3.61075 3.57668 2.41301 2.21023 1.98736 0.870266
threshold=1.9918337257589103 1.6275769506842748 -1.294049613260803 -0.2336202812624332 -0.31865440804958478 1.602513653468091 0.095436505845118036 -1.291152873483528 0.22507551614910165 2.9520433529353931 -0.33690736585605535
decision_type=2 2 2 2 2 2 2 2 2 2 2
left_child=1 2 3 -1 -4 7 8 10 -3 -9 -2
right_child=5 6 4 -5 -6 -7 -8 9 -10 -11 -12
leaf_value=0.0075642068171231994 0.01283090933348276 0.002018704496570432 -0.0040101727377990877 0.029877188568060653 0.0020843252421451396 0.010939845097712977 0.0095711005806383039 -0.032680718909361452 -0.029797846658954848 0.0047823566526371611 -0.0072321249608215538
leaf_weight=153.55441280169907 1.1213673279489742 4.8580771804008682 939.8088749268536 62.650453938847932 1549.796429895905 1.5647086812423356 2.9956491542689028 35.25598567542329 33.156413565440744 1.291592503665014 1.6703512402309559
leaf_count=18215 187 500 132553 5437 182427 286 398 8741 4502 112 336
internal_value=0.000170924 0.000623321 0.0010494 0.0150649 -0.000223145 -0.0243632 -0.0221837 -0.0277001 -0.0261582 -0.0306138 0.00455731
internal_weight=2787.72 2746.82 2705.81 216.205 2489.61 40.904 41.0101 39.3393 38.0145 36.5476 2.79172
internal_count=353694 344032 338632 23652 314980 9662 5400 9376 5002 8853 523
is_linear=0
shrinkage=0.05


Tree=132
num_leaves=15
num_cat=0
split_feature=92 60 58 36 19 5 60 48 13 100 88 61 88 87
split_gain=10.4386 9.59993 10.8607 8.40554 7.53013 7.11978 6.38246 5.57328 4.45968 1.92369 1.6812 0.972322 0.578491 0.454649
threshold=0.87568095818761227 0.82294034817886474 -0.086979500024233186 0.18618592889989186 1.1453565524139344 0.89965561707660335 -1.5332963867085081 -1.7028542114299183 -0.95691566378152426 1.8094438227940806 -0.19573231872031491 -0.17265950432116364 0.79646779547474755 3.189637449990411
decision_type=2 2 2 2 2 2 2 2 2 2 2 2 2 2
left_child=1 2 6 7 -4 -5 -1 -3 10 13 11 -2 -12 -10
right_child=8 3 4 5 -6 -7 -8 -9 9 -11 12 -13 -14 -15
leaf_value=-0.02270367296859328 0.023950655397274156 0.016703950857516098 0.0039140988553503083 0.010091797603704157 -0.0086993363181040017 -0.017629939757171559 -0.003577891511558207 -0.0089206512124379925 -0.030888701077657007 0.0043974306020257113 -0.011919139281487599 -0.0040270484669091156 0.0051481870541408865 0.0014876344520678506
leaf_weight=46.289407648320775 1.3224230801533852 13.139923960457962 1686.0487635462341 121.10052532148256 117.86950790684205 18.669474945912953 218.29424957074662 522.39648319716798 34.76517806999982 1.8021762296411896 3.794713206432788 0.87198848180560151 0.87346490364143381 0.19603493332397093
leaf_count=6783 1163 1398 179743 12034 12185 1845 29948 65673 36899 939 3700 764 697 127
internal_value=-0.000468493 -4.13471e-05 0.00165087 -0.00517316 0.00304651 0.00545903 -0.00762896 -0.00799726 -0.022316 -0.0281346 0.00705437 0.0186477 -0.00739304 -0.0304167
internal_weight=2787.43 2743.81 2068.5 675.306 1803.92 139.77 264.584 535.536 43.626 36.7634 6.86259 2.19441 4.66818 34.9612
internal_count=353898 309609 228659 80950 191928 13879 36731 67071 44289 37965 6324 1927 4397 37026
is_linear=0
shrinkage=0.05


Tree=133
num_leaves=15
num_cat=0
split_feature=93 104 52 52 50 68 103 13 100 50 68 85 99 103
split_gain=9.4589 24.9061 22.3764 19.0245 20.2064 25.8757 16.6067 14.1016 10.9237 9.18645 10.7989 5.76561 5.21748 4.95883
threshold=0.005666118888526187 -0.28358358915407661 -0.52376064872927153 -0.58983697837681526 1.0000000180025095e-35 -0.13271727003393416 -0.91496193149558869 -0.33568544911761816 0.26353070793878303 0.65832635099036951 -0.13271727003393416 -0.23385154871990702 1.9122736470275175 0.28299691765712837
decision_type=2 2 2 2 2 2 2 2 2 2 2 2 2 2
left_child=3 2 -2 4 5 -1 -4 -6 12 10 -5 -11 -3 -10
right_child=1 8 6 9 7 -7 -8 -9 13 11 -12 -13 -14 -15
leaf_value=-0.013306922219052662 0.052775002634979612 -0.020157169723992955 -0.013278982287448041 0.012199579668631041 0.029095255004486838 0.020730440313224983 0.0037624540914908758 0.0011194719118643563 -0.0079484864829018585 0.0079683466738625225 -0.0018239658712248309 -0.014833303303755596 0.015310346413307713 0.015642929136858857
leaf_weight=424.27562935976312 10.746325177140532 256.16133929800344 170.60763102833516 641.76563441722828 53.347429914749227 54.990797218866646 675.8268961835638 158.87603607855272 41.396204404645687 36.984302974640741 170.88667819347756 62.044755138456821 3.8457852190476833 29.653727320488542
leaf_count=44784 314 75718 29158 60902 4146 2023 87867 12335 7628 4638 12330 6911 525 4644
internal_value=0.000308179 -0.00305808 0.00147258 0.00280667 -0.00342047 -0.00905761 0.000212634 0.00914468 -0.0144882 0.00751568 0.00926435 -0.00636779 -0.019085 0.00261294
internal_weight=2791.41 1188.24 857.181 1603.17 691.49 479.266 846.435 212.223 331.057 911.681 812.652 99.0291 260.007 71.0499
internal_count=353923 205854 117339 148069 63288 46807 117025 16481 88515 84781 73232 11549 76243 12272
is_linear=0
shrinkage=0.05


Tree=134
num_leaves=15
num_cat=0
split_feature=44 88 93 104 40 88 37 34 52 40 74 74 49 44
split_gain=11.3507 10.287 19.4288 10.5111 11.4028 9.16949 8.33397 6.52763 6.76249 5.93718 5.20536 5.11951 3.81983 4.57403
threshold=-0.23501986067592637 0.051740316765021548 -0.0025435115924850962 -0.28358614698358175 -0.21033712825851561 2.4176170254988052 -0.29364936810708714 -1.5207233287802795 0.17099156293587411 -1.794197327472659 0.054030993152862861 2.3475421695937904 -0.21357800573130173 -0.44379213988032712
decision_type=2 2 2 2 2 2 2 2 2 2 2 2 2 2
left_child=7 3 5 6 -5 -3 -2 12 9 -9 -4 -10 -1 -14
right_child=1 2 10 4 -6 -7 -8 8 11 -11 -12 -13 13 -15
leaf_value=-0.010480593374546397 0.025470686610233353 0.020359942842101016 -0.023688312561316496 -0.0098449952680176797 0.0016168836157494015 -0.010762442533732409 0.0040641683204798466 0.024841834946705835 -0.023416396189434811 -0.0042012819493845539 0.0093137762894428249 0.01571196659506886 -0.0084852856047830817 0.037005312527893686
leaf_weight=2.97476811204979 41.902608149888692 200.07060668102349 35.933725066031911 335.87302771875693 576.18105410371572 20.420161706890212 424.5853781069236 8.0625308503804245 58.40279904099225 1058.4594411959988 10.067069478318443 2.5482415171718449 3.1642932119175393 11.608876184276593
leaf_count=325 5697 14279 9597 41455 66092 1362 49590 881 55676 104057 1828 1211 426 1321
internal_value=-0.000433352 0.00222311 0.0110254 0.000454355 -0.00266506 0.0171357 0.00648122 -0.0042354 -0.00478674 -0.00375301 -0.0160925 -0.0197966 0.0198918 0.0277696
internal_weight=2790.25 1645.03 266.492 1378.54 912.054 220.491 466.488 1145.22 1127.47 1066.52 46.0008 60.951 17.7479 14.7732
internal_count=353797 189900 27066 162834 107547 15641 55287 163897 161825 104938 11425 56887 2072 1747
is_linear=0
shrinkage=0.05


Tree=135
num_leaves=15
num_cat=0
split_feature=60 103 52 17 41 44 52 84 93 86 93 92 46 28
split_gain=11.0716 7.64427 12.268 14.695 10.4034 9.42033 8.39105 8.25393 6.5862 7.18456 6.70844 3.98766 3.99878 3.46281
threshold=1.3475968818316486 -1.3960862500687898 -0.58983697837681526 1.163402930551154 -1.0210131894881962 0.45778811557886073 -0.58983697837681526 1.0000000180025095e-35 -0.011860518256726288 -0.015003755316291844 -0.033982121425165497 -0.62887196958896563 1.2718684268263618 0.37019176834009065
decision_type=2 2 2 2 2 2 2 2 2 2 2 2 2 2
left_child=1 2 3 -1 -4 7 -7 -3 9 10 -2 -10 -13 -11
right_child=8 5 4 -5 -6 6 -8 -9 11 13 -12 12 -14 -15
leaf_value=-0.010491836456055509 -0.01102449459022529 0.00049596913178651667 0.010572542827019429 0.036181661058856666 -0.019192754578082165 -0.0034070116725797468 0.016531830200776892 0.014553545244949763 0.012980220680164443 0.027984986113725109 0.018493441600746525 -0.021072184398804678 0.0045512497953145575 -0.0033560223026549694
leaf_weight=28.180306051159278 109.88206478551729 1938.4165598497457 29.792037057974085 22.308916523586959 137.28991837692593 67.964739075163379 186.95572118401469 100.42073247543885 4.1380184926092616 16.552859233692292 13.599246208264956 115.03460648443797 13.719960958893351 10.289251339912878
leaf_count=2283 10581 248353 3119 1618 23865 4384 18257 9090 241 1467 655 26740 2733 783
internal_value=0.000489381 0.00155711 -0.00719681 0.0127032 -0.013588 0.00241509 0.011288 0.00125601 -0.0087086 -0.00131121 -0.0066317 -0.0163989 -0.0182105 0.0183212
internal_weight=2794.54 2511.33 217.571 50.4892 167.082 2293.76 254.92 2038.84 283.216 150.323 123.481 132.893 128.755 26.8421
internal_count=354169 310969 30885 3901 26984 280084 22641 257443 43200 13486 11236 29714 29473 2250
is_linear=0
shrinkage=0.05


Tree=136
num_leaves=13
num_cat=0
split_feature=58 58 74 73 92 42 60 41 85 59 61 74
split_gain=10.4985 9.69257 11.2118 14.1983 12.6168 4.13148 5.39079 3.54777 3.05784 3.93565 1.52114 1.35819
threshold=-2.0279197798168056 1.2004843471188764 -0.03875545853901164 0.11402034037976366 -0.28481002341655287 -0.71986406310778694 0.87353737321898584 -1.2420365673025586 1.7272162235670063 -3.3866825648455694 -0.54434809235428361 1.5248090829181982
decision_type=2 2 2 2 2 2 2 2 2 2 2 2
left_child=8 2 4 -4 -2 6 -3 -7 9 10 -1 -11
right_child=1 5 3 -5 -6 7 -8 -9 -10 11 -12 -13
leaf_value=-0.0072655305936245281 0.0033522406641103768 -0.014373891678639734 0.02294599879162558 0.0033251777057744822 -0.0043157032038092539 0.0065063621701083058 0.026638586450927683 -0.022304879968920974 0.0094892741505005918 -0.02886683027418209 0.017794959566774311 0.0037097549519245648
leaf_weight=4.3703087834728649 1159.7254320369102 7.3958479581779084 112.36366918448039 392.81217734023085 980.90256923298148 7.8996535108999515 5.6110605568683241 66.588110972585127 2.8273405671352512 42.256620174157433 1.7758590914309014 1.1497343437804364
leaf_count=796 84494 1632 10717 43405 184056 1606 1312 17402 264 7425 271 142
internal_value=0.000402645 0.000862437 0.00142779 0.00805003 -0.00016518 -0.0146266 0.00720699 -0.0188409 -0.0198823 -0.0228702 0.00651195 -0.0274709
internal_weight=2785.68 2733.3 2645.8 505.176 2140.63 87.4947 13.0069 74.4878 52.3799 49.5525 6.14617 43.4064
internal_count=353522 344624 322672 54122 268550 21952 2944 19008 8898 8634 1067 7567
is_linear=0
shrinkage=0.05


Tree=137
num_leaves=14
num_cat=0
split_feature=51 80 43 93 78 88 88 80 22 92 45 60 47
split_gain=10.1515 14.5115 11.2641 8.73372 14.8429 13.2338 7.25062 6.41211 3.55528 2.17527 2.31199 1.93854 0.609731
threshold=1.4556739627437472 -0.60477342823070723 0.11426382561096356 0.0057318999953004475 -0.52572633622906173 -0.1955995673947688 -0.19573592623241984 -1.1319268198723955 -1.3049613713025119 -1.236117900124585 -1.2832764991587011 1.0805022194394784 -1.3587946425538542
decision_type=2 2 2 2 2 2 2 2 2 2 2 2 2
left_child=1 2 6 4 -3 -5 -1 -4 12 11 -11 -10 -2
right_child=8 3 7 5 -6 -7 -8 -9 9 10 -12 -13 -14
leaf_value=0.019144734635967775 -0.0030887817607028337 -0.0022485493101367412 0.007111065652952088 -0.0023157857388174099 0.0089842232352415619 -0.01801161550983954 -0.00067963681335259367 0.03142290248749334 -0.01233515328162133 0.00031595125318342081 -0.027067401920139178 0.0083943017347321985 0.017065113065624124
leaf_weight=47.19698766907095 1.6845345999463464 946.40695181969204 56.04265535450395 792.41875058424921 414.9237032460951 152.74574912456956 235.00043915064452 60.958574459240481 18.527486469829459 8.6139695829988323 48.511014672130841 9.8576848948141542 1.8980433245014854
leaf_count=5122 216 100944 5692 115689 26775 48050 27838 5617 1484 2529 12594 955 213
internal_value=-0.000388872 0.000186105 0.00886579 -0.00134793 0.00121567 -0.00501437 0.00317768 0.0212546 -0.0161072 -0.0184594 -0.0235063 -0.00482477 0.0122915
internal_weight=2794.79 2705.69 399.199 2306.5 1361.33 945.164 282.197 117.001 89.0927 85.5102 57.125 28.3852 3.58258
internal_count=353718 335727 44269 291458 127719 163739 32960 11309 17991 17562 15123 2439 429
is_linear=0
shrinkage=0.05


Tree=138
num_leaves=14
num_cat=0
split_feature=41 46 79 72 13 34 52 36 38 86 43 58 79
split_gain=8.99563 8.78275 9.11117 14.2672 8.97435 5.2918 4.88831 4.08449 4.56813 2.91573 2.50196 1.38991 1.18953
threshold=2.2411281460311905 -1.0398548648551078 -0.43286088415652618 -0.18355667435266781 -0.69067414321127873 -0.36787795061136203 -0.44097922029389774 -0.88032631585021603 0.035465419493577434 1.0214211940047144 1.6163129897504074 -0.87529349769459985 0.28452975809288733
decision_type=2 2 2 2 2 2 2 2 2 2 2 2 2
left_child=1 5 4 -4 -3 6 -1 8 12 -7 11 -9 -2
right_child=7 2 3 -5 -6 9 -8 10 -10 -11 -12 -13 -14
leaf_value=0.0028661862206786713 -0.002264068649005573 0.016502690249634546 0.0019920553782829414 -0.007807576682843269 0.0027941512095982723 -0.024161605528686861 -0.013592728467189289 0.0003274672268540984 -0.014946066866043817 0.009151371499643653 0.0067361924532262051 -0.026962369216630318 0.029917683385694668
leaf_weight=100.38180610025302 1.9971655975095908 149.560763028152 1352.2851883386975 500.72619448749174 497.28073516917357 50.709682290031196 68.049898371173185 4.827359471237286 5.5180368467408698 2.2211208734370294 2.8799549883115096 46.341759361697768 3.0937870579655282
leaf_count=7936 208 15318 169532 75621 52333 7956 15230 833 520 275 341 7245 322
internal_value=-0.000220888 0.000247976 0.00110637 -0.000683724 0.00616679 -0.00907468 -0.00417267 -0.0173437 0.00643601 -0.0215316 -0.0222874 -0.0247552 0.0241584
internal_weight=2785.87 2721.22 2499.85 1853.01 646.841 221.363 168.432 64.6581 10.609 52.9308 54.0491 51.1691 5.09095
internal_count=353670 344201 312804 245153 67651 31397 23166 9469 1050 8231 8419 8078 530
is_linear=0
shrinkage=0.05


Tree=139
num_leaves=13
num_cat=0
split_feature=58 52 80 51 81 103 52 43 74 13 28 81
split_gain=10.1377 8.85938 23.3354 16.0916 22.8999 13.3461 10.1189 8.51359 2.63835 2.85686 2.67188 2.32284
threshold=-2.0828329291426173 -0.58983697837681526 0.1817285709544936 0.3936300994436846 -0.23024162279907598 -1.1491632193857899 -0.51594449999673275 0.065193640129019487 1.5511200817204154 0.41866552583141087 -0.79159842343088449 0.099524752399472241
decision_type=2 2 2 2 2 2 2 2 2 2 2 2
left_child=8 2 5 4 -3 -2 -5 -4 9 10 -1 -11
right_child=1 3 7 6 -6 -7 -8 -9 -10 11 -12 -13
leaf_value=0.0052627435888220686 0.009342266516091444 0.020077656508543335 0.028680479137690347 0.025214458472403025 0.002427503364727095 -0.010758734791788422 -0.0087871548863324538 -0.0023834191302106716 0.010341464440523238 -0.012061025545199593 -0.031590546275301189 0.014757366009117881
leaf_weight=2.6305114464194039 90.416714672930539 200.25604440598545 57.460843762150034 13.7508575131651 1492.9788107112945 503.07141790201422 349.09433836369135 30.631753520574421 1.1703175337461278 9.0522518843063136 32.564391142470413 4.0403697548463233
leaf_count=429 7757 19966 3021 510 192608 49250 70402 1328 138 1357 5922 697
internal_value=0.000494879 0.000935148 -0.0039676 0.00257172 0.00462058 -0.00759233 -0.00685687 0.0187371 -0.019934 -0.0223161 -0.0282811 -0.00097827
internal_weight=2787.12 2737.66 681.581 2056.08 1693.23 593.488 362.845 88.0926 49.4578 48.2875 35.1949 13.0926
internal_count=353385 344842 61356 283486 212574 57007 70912 4349 8543 8405 6351 2054
is_linear=0
shrinkage=0.05


Tree=140
num_leaves=15
num_cat=0
split_feature=85 40 103 86 81 35 81 54 42 33 96 99 37 45
split_gain=9.81491 9.50987 10.3674 9.61549 8.86548 9.57691 8.95686 8.81915 7.14693 8.59211 7.03685 8.03802 3.66073 3.52679
threshold=0.72993362704347164 -0.14698272028995088 -0.95640190836643868 -0.015796676014292858 -1.109801887958525 0.52960634925860406 -0.99302566573082951 -0.23531379780476838 -2.3469005721911596 -0.10987310767559967 -0.72737016187583026 -0.19311005350320107 0.70171707254347693 -0.30154204057069989
decision_type=2 2 2 2 2 2 2 2 2 2 2 2 2 2
left_child=1 2 12 -4 5 -3 -6 10 -9 -10 11 -2 -1 -12
right_child=7 4 3 -5 6 -7 -8 8 9 -11 13 -13 -14 -15
leaf_value=-0.018071246245779393 0.0011041468669275665 0.025654691988826472 -0.0047478978871872447 0.010161036601167003 -0.015375266670578239 -0.0097357274933707744 0.0014568951734602355 -0.015115684697069271 0.031219777640275212 0.0032224147123392738 0.0017795767917868723 0.039288739777299651 0.0028053455144568516 -0.016875150669454091
leaf_weight=153.3188720399412 45.259468604752328 60.189018429999123 626.54860960707447 120.60569113698148 73.582933270568901 20.196903032352566 1445.8505546865126 7.8466958073258857 71.412265594422934 45.112499306342215 45.244198804626649 10.207597470245672 21.259502530287136 42.996538473060355
leaf_count=25129 4489 6421 87090 14483 8468 2122 184367 865 5834 3647 4380 811 2928 3312
internal_value=0.000104362 -0.000875455 -0.00489288 -0.00223888 0.00145519 0.0166695 0.00054655 0.00902058 0.0182293 0.021492 0.000383405 0.0130592 -0.0155147 -0.00810268
internal_weight=2789.63 2521.55 921.733 747.154 1599.82 80.3859 1519.43 268.079 124.371 116.525 143.708 55.4671 174.578 88.2407
internal_count=354346 331008 129630 101573 201378 8543 192835 23338 10346 9481 12992 5300 28057 7692
is_linear=0
shrinkage=0.05


Tree=141
num_leaves=15
num_cat=0
split_feature=34 81 73 87 93 22 47 93 93 74 44 72 19 39
split_gain=9.70235 13.2413 15.8822 11.9177 9.92968 9.31666 8.79515 7.90498 23.8169 20.5401 7.59909 7.57824 5.21025 4.00299
threshold=0.44734842395094382 0.2099233655036212 -0.4175179549619577 0.2418509263279135 0.0057080596627586055 -1.3049613713025119 0.32655149668124017 -0.0082028037535099661 -0.030012625155708825 -0.027905417067780536 -0.010919322911954051 0.9553116183749164 -0.39330160511796142 1.8180377251417286
decision_type=2 2 2 2 2 2 2 2 2 2 2 2 2 2
left_child=1 7 10 5 -4 13 -7 8 -1 -9 -3 12 -5 -2
right_child=3 2 4 11 -6 6 -8 9 -10 -11 -12 -13 -14 -15
leaf_value=0.0014716620332036693 0.027150271907417301 -0.010241033148224193 0.0094435619649013147 0.033880066674847019 0.055846037109255675 -0.012895583432956291 -0.0013865198980989846 -0.007304812077826385 0.028036752226730407 0.010838343558159168 0.019563610333546623 -0.015142795115896335 0.0045489841875682082 -0.0056344027234403972
leaf_weight=1011.5359908157552 19.046711120594413 45.58403517674742 25.616784483063384 26.316769126948202 22.289876153059595 370.6922891137001 299.08386456370499 611.56499677840111 82.197863615583628 198.68053346264787 24.811636852537049 10.924732715735443 32.176905586049543 9.3689403583121003
leaf_count=93216 1816 13603 1815 2761 10892 56357 36041 95327 4080 27649 4891 1131 3229 772
internal_value=0.000181488 0.00199826 0.0175477 -0.00456898 0.0369493 -0.00657775 -0.00785229 0.000945475 0.00370405 -0.00277803 0.00139066 0.0139189 0.0207651 0.0176879
internal_weight=2789.89 2022.28 118.302 767.61 47.9067 698.192 669.776 1903.98 1093.73 810.246 70.3957 69.4184 58.4937 28.4157
internal_count=353580 251473 31201 102107 12707 94986 92398 220272 97296 122976 18494 7121 5990 2588
is_linear=0
shrinkage=0.05


Tree=142
num_leaves=15
num_cat=0
split_feature=79 36 33 103 34 51 45 33 20 92 36 47 15 2
split_gain=11.0248 8.90475 9.03206 15.3823 10.2118 7.69203 8.84197 7.44127 6.24921 6.23461 6.2185 6.00376 5.10195 2.92468
threshold=-0.55093366584810044 -0.88032631585021603 -1.6173015638968316 -0.94375961196322067 0.82614047677787383 0.70937286961397339 -0.92679841036244082 0.36119828489353728 -0.16380392049408918 0.20039368054616716 -0.20376643222655352 -0.21870754836540851 0.0056988130948133087 0.32625351009736053
decision_type=2 2 2 2 2 2 2 2 2 2 2 2 2 2
left_child=5 7 3 -3 -4 6 8 12 -1 11 -8 -7 -2 -9
right_child=1 2 4 -5 -6 9 10 13 -10 -11 -12 -13 -14 -15
leaf_value=0.0085594949476470537 0.0038180292951508032 -0.010409983752487145 -0.0026002364617893725 0.029041177615365756 -0.012813428984145281 0.016754773204821102 -0.0036396674511702484 -0.022820606885472688 -0.013940158108280096 -0.020668661561607748 0.013323797147801589 -0.0070653057826664985 0.027809414595413362 0.0095592107492989201
leaf_weight=43.986407295335084 46.225326662548468 37.611914491957577 1678.4273072967444 45.046501951146638 278.44932552005776 30.914478884078562 59.267041875777068 11.98470602474117 64.436020847373584 36.755030004133005 346.43274136753462 65.117311643087305 40.344758626924886 3.6342620739305849
leaf_count=4122 3357 7011 223584 5337 41264 2780 5232 1147 6562 11985 32412 5023 3431 306
internal_value=-0.000939818 -0.00266763 -0.00340729 0.0119037 -0.00411126 0.00473398 0.0074818 0.0110827 -0.00486017 -0.00568384 0.0108177 0.00145981 0.0167208 -0.014496
internal_weight=2788.63 2141.72 2039.54 82.6584 1956.88 646.909 514.122 102.189 108.422 132.787 405.7 96.0318 86.5701 15.619
internal_count=353553 285437 277196 12348 264848 68116 48328 8241 10684 19788 37644 7803 6788 1453
is_linear=0
shrinkage=0.05


Tree=143
num_leaves=15
num_cat=0
split_feature=58 103 103 73 36 40 52 54 37 61 49 103 28 49
split_gain=9.49977 7.96663 8.20192 7.2548 4.2225 4.04449 3.71198 2.74214 2.7921 2.38433 3.2434 1.46126 1.42524 1.33333
threshold=-1.354835963712268 1.6275769506842748 1.602513653468091 2.4506734582770222 -0.18548109763846712 0.48656135939570661 -0.53816402616286929 -0.31169260381921088 -0.34402049680493446 -0.52492600601767681 -0.12991353991244967 0.48918915892099074 1.2738063619397419 0.26380159335273851
decision_type=2 2 2 2 2 2 2 2 2 2 2 2 2 2
left_child=4 2 3 -2 9 -4 -3 11 -9 10 -1 -6 -8 -11
right_child=1 6 5 -5 7 -7 12 8 -10 13 -12 -13 -14 -15
leaf_value=0.022366625613942231 0.00031310238919190662 0.0092041716618748038 0.031935248151991662 -0.01663712218285663 -0.0086183037950107368 -0.0058050646208583591 -0.026921278392721321 -0.0018329614824968629 -0.025932860015139687 -0.01645710667540318 -0.010487589655612226 0.015122063065664354 0.0037489479889745896 0.0074483358044593016
leaf_weight=10.776851585716939 2553.8336279073555 4.2873929117340586 19.595219506969446 54.720890147531463 3.6441899568526415 5.769073880306677 33.214933983403171 16.308751546333951 62.845467741411994 8.538658589430268 4.4743333853111862 3.3982485987071414 1.6802585062396236 1.7311613626079623
leaf_count=1484 319005 323 1943 8298 731 552 4743 3326 10614 1114 724 505 199 261
internal_value=-0.00077488 -0.000152266 0.000219206 -0.000104648 -0.0144359 0.0241371 -0.0200906 -0.0192553 -0.0217299 0.00267988 0.0123918 0.00498869 -0.0249384 -0.0107408
internal_weight=2784.82 2673.1 2633.92 2608.55 111.718 25.3643 39.1826 86.1967 79.1542 25.521 15.2512 7.04244 34.8952 10.2698
internal_count=353822 335063 329798 327303 18759 2495 5265 15176 13940 3583 2208 1236 4942 1375
is_linear=0
shrinkage=0.05


Tree=144
num_leaves=15
num_cat=0
split_feature=44 48 104 48 33 35 103 103 11 60 29 27 79 76
split_gain=8.48829 8.72676 9.02668 11.8798 8.18341 10.5154 7.85027 7.27752 6.11307 5.35386 5.20332 5.01586 6.21792 3.19882
threshold=0.45778811557886073 1.2739011097210531 -0.038465059149455826 -1.1295879933077109 -0.58094450024473399 0.34527207635437013 -0.98138271502517249 1.6275769506842748 3.5147196401774896 1.1499887924509891 0.047616119324023022 1.9793243889895413 0.2848282231628862 0.01780638745497895
decision_type=2 2 2 2 2 2 2 2 2 2 2 2 2 2
left_child=1 2 7 -4 11 9 -3 -1 -7 -6 -8 13 -13 -2
right_child=4 6 3 -5 5 8 10 -9 -10 -11 -12 12 -14 -15
leaf_value=0.0024196844804806827 -0.01345725137362028 -0.025156392812887809 0.0095780363051361922 -0.0095621176513256516 0.022712210972101118 -0.0032546771936775745 -0.01052926510414739 -0.01786066408514796 0.026591397466835753 -0.0023430396745744925 0.011362531648271687 0.032780812886166119 -0.01112487778755464 0.010785763301174922
leaf_weight=1725.1704944898374 73.287293284047337 55.489055472105974 93.145993295609514 388.83818702985445 142.5033292160515 123.24265414359252 61.527992740331683 35.485978582059033 9.697367616259724 22.735653101655771 34.026747275980597 7.9300263762997911 7.7681432710378431 8.5203036878738185
leaf_count=221171 8311 10141 11742 51928 13047 12939 9439 4995 703 2483 4712 832 1177 641
internal_value=0.00057375 -0.000557476 0.000248754 -0.00574368 0.00726213 0.0112827 -0.0118002 0.00191237 0.000630465 0.0193278 -0.00239574 -0.00493899 0.0151798 -0.0100325
internal_weight=2789.37 2393.68 2242.64 481.984 395.685 298.179 151.044 1760.66 132.94 165.239 95.5547 97.5058 15.6982 81.8076
internal_count=354261 314128 289836 63670 40133 29172 24292 226166 13642 15530 14151 10961 2009 8952
is_linear=0
shrinkage=0.05


Tree=145
num_leaves=15
num_cat=0
split_feature=93 104 92 52 50 80 88 93 50 43 36 58 79 104
split_gain=8.27877 27.5767 19.1222 15.6955 25.5299 21.5192 14.7158 21.1912 13.2268 9.03844 9.01355 6.34794 6.32423 3.54395
threshold=-0.0082028037535099661 -0.28358358915407661 -0.6049201462364534 -0.58983697837681526 0.6583263509903684 0.22292333930794989 -0.19554193120598942 -0.030012625155708825 0.65832635099036951 0.027044846967698353 1.1442889565097776 0.7924869554754953 -0.93255110434872457 -0.18779195173087121
decision_type=2 2 2 2 2 2 2 2 2 2 2 2 2 2
left_child=3 2 -2 4 5 -1 11 -8 -4 -6 12 -5 -3 -12
right_child=1 10 8 6 9 -7 7 -9 -10 -11 13 -13 -14 -15
leaf_value=-0.010864959596485826 0.0491787663606683 -0.0019286671195650126 0.0028896585792814989 -0.0033960918916925154 0.029004055196197476 0.016551699530623559 0.0075432569420795272 0.036036837537424531 -0.015747410216966899 -0.0024544163600803042 0.030142659593240147 0.025466165232281391 -0.019670138686023839 -0.0068881985153895868
leaf_weight=519.16200516617391 10.711806314531712 63.897717740037479 743.44534592574928 315.95059977714845 64.030222454108298 73.683740296633914 497.78854813997896 66.987205854442436 98.979761534057616 30.895912785083055 6.758209567022277 10.273920111561891 272.93868217961062 5.545938923591164
leaf_count=52705 292 13780 100929 27696 4871 3574 45096 3294 15981 2099 779 1320 80379 809
internal_value=-4.78676e-05 -0.00315958 0.00171425 0.00232675 -0.00332116 -0.00723936 0.00667491 0.011491 0.00054087 0.0195071 -0.0147851 -0.00175674 -0.0164572 0.0178466
internal_weight=2781.05 1202.28 853.137 1578.77 687.772 592.846 891 564.776 842.425 94.9261 349.141 326.225 336.836 12.3041
internal_count=353604 212949 117202 140655 63249 56279 77406 48390 116910 6970 95747 29016 94159 1588
is_linear=0
shrinkage=0.05


Tree=146
num_leaves=15
num_cat=0
split_feature=51 47 42 80 48 80 44 92 103 101 99 20 47 54
split_gain=10.3349 9.90821 10.3253 8.84487 9.25958 8.73898 8.04559 7.02613 6.63907 4.81411 3.58794 3.91461 3.13265 1.51449
threshold=1.1686350807707588 -0.14435404222268411 -1.4082256631045984 -0.60477342823070723 -1.294049613260803 -0.60454068942645001 1.5611758329026306 -0.69946372854985039 -1.5320677597033769 0.54468487448139002 -0.030939493041020765 -0.47265928131777396 -0.21870754836540884 -0.28491133118691409
decision_type=2 2 2 2 2 2 2 2 2 2 2 2 2 2
left_child=1 2 8 4 -3 -5 -4 10 -1 -9 11 -2 -11 -12
right_child=7 3 6 5 -6 -7 -8 9 -10 12 13 -13 -14 -15
leaf_value=-0.014105660052820147 -0.009701276814478953 0.032160843561974357 -0.0065379080738363132 -0.015797593317222559 0.006516740532573841 0.0019347166754620606 0.015871658796044092 -0.029903030095591088 0.014124391337214867 0.021727075850869356 0.0057325158856144521 0.024211695967636844 -0.011911753371528234 -0.018806823769073264
leaf_weight=16.965856419461488 6.6152601467911163 33.836568000395346 848.21574576113926 63.242411918698053 225.37330031441888 1356.2547729603848 32.678344716026913 51.282639093788021 105.7060112079198 2.9246367166488199 3.6752227388788006 13.227526057162322 5.6136859387624991 10.190895880572496
leaf_count=2806 598 2785 112489 6727 24544 169599 2721 14990 12517 623 248 1294 1020 681
internal_value=-0.0003186 0.000278685 -0.0036304 0.00262328 0.0109345 0.00103971 -0.00553776 -0.0158201 0.00945118 -0.0248881 0.00228455 0.0134434 0.00511525 -0.012626
internal_weight=2775.8 2682.27 1003.57 1678.71 259.21 1419.5 880.894 93.5299 122.672 59.821 33.7089 19.8428 8.53832 13.8661
internal_count=353642 334188 130533 203655 27329 176326 115210 19454 15323 16633 2821 1892 1643 929
is_linear=0
shrinkage=0.05


Tree=147
num_leaves=12
num_cat=0
split_feature=37 104 93 104 52 50 28 88 26 15 40
split_gain=10.7221 10.8104 10.9856 17.6307 15.4481 7.48061 6.14245 5.71683 5.32857 5.31835 0.924479
threshold=4.6276329553246134 -0.28358623241097553 0.0057318999953004475 -0.28358358915407661 -0.58983697837681526 0.65832635099036951 -0.97232134215081512 -0.19572952450838435 -0.67940669686617994 -0.021062974691041944 -0.020273904352819106
decision_type=2 2 2 2 2 2 2 2 2 2 2
left_child=1 5 4 -4 -3 6 -1 10 -9 -7 -2
right_child=7 2 3 -5 -6 9 -8 8 -10 -11 -12
leaf_value=-0.0099951069595012113 0.0069187306661625441 -0.0050270019709707297 4.4654680796139044e-05 -0.015128871330921887 0.0052357879236084454 0.012460982524160906 0.01119223163954219 -0.0050235950878840842 0.053818692671046699 -0.016879031434426383 -0.01246432736042353
leaf_weight=29.897598728668527 2.8775955568999052 594.9015642395243 477.28032441837422 309.59633815354573 921.95773851761624 13.568950229819164 373.41841871854558 2.8483276034239688 8.7185495819430763 42.365159312852484 3.1658140629006111
leaf_count=4364 262 54772 66536 86914 85583 1700 46234 230 596 6198 240
internal_value=0.000428411 0.000118163 -0.00128566 -0.0060403 0.00120423 0.0070375 0.0094178 0.0314324 0.0437181 -0.00895107 -0.00467522
internal_weight=2780.6 2762.99 2303.74 786.877 1516.86 459.25 403.316 17.6103 11.5669 55.9341 6.04341
internal_count=353629 352301 293805 153450 140355 58496 50598 1328 826 7898 502
is_linear=0
shrinkage=0.05


Tree=148
num_leaves=15
num_cat=0
split_feature=104 93 88 93 96 22 36 98 34 52 49 40 60 29
split_gain=12.1113 23.6571 13.199 19.792 8.28432 7.93752 11.3852 8.685 9.84973 7.60693 6.49333 6.46912 7.78869 4.22137
threshold=-0.28358358915407661 0.005730141886440541 -0.19532390296324378 -0.025590058968835996 1.3784658444262379 0.0061906258076174997 0.0024351357516135771 0.098783511314971845 -0.88665837078737486 -0.50387920655971719 1.0000000180025095e-35 -0.14698272028994985 -0.13648322100045537 0.023664640394558591
decision_type=2 2 2 2 2 2 2 2 2 2 2 2 2 2
left_child=5 2 4 -4 -2 6 9 8 -7 -1 -9 -3 -13 -8
right_child=1 11 3 -5 -6 7 13 10 -10 -11 -12 12 -14 -15
leaf_value=0.025362958844990388 -0.0080998422171694017 -0.024841484844142975 0.0019271169066706691 0.032669871849776669 0.0033948126232261409 0.008613559444633859 -0.013921632592736514 -0.0041333493240982618 -0.0045602097756039786 0.005769054595381469 0.024353800253528481 0.0052048369233597723 -0.015636447204675261 0.0084659944139105717
leaf_weight=102.95634622417856 560.7693600072962 114.10003128419339 598.24322567700438 47.554443144435936 209.61676945305953 183.99264924326417 46.573691786019481 25.637250564257556 519.11608302683453 101.78215662834555 52.503823595397989 59.112963715066144 134.35807808173195 25.186470773362089
leaf_count=7474 55906 33479 51285 4647 17566 23199 5923 3025 72511 16660 5056 15031 38942 2849
internal_value=-0.000771061 -0.0033485 -0.000578559 0.00465456 -0.0049688 0.00342128 0.0105413 0.000799989 -0.00104039 0.0163445 0.0155989 -0.0156826 -0.00932578 -0.00598959
internal_weight=2781.5 1723.75 1416.18 645.798 770.386 1057.75 276.499 781.25 703.109 204.739 78.1411 307.571 193.471 71.7602
internal_count=353553 216856 129404 55932 73472 136697 32906 103791 95710 24134 8081 87452 53973 8772
is_linear=0
shrinkage=0.05


Tree=149
num_leaves=15
num_cat=0
split_feature=34 37 41 37 27 104 43 99 43 61 42 60 38 79
split_gain=10.5788 8.8922 8.78537 9.44273 7.86411 7.4106 7.24916 6.26137 4.75978 4.40861 3.51182 2.60203 2.08628 1.59392
threshold=-1.3477965220549417 -0.3272410717897995 2.3311747073629676 -0.34962662629248192 2.2580097084752127 -0.28356882465638938 -0.36545615944978677 -0.0088071590396237211 -0.55033532347128122 0.61497216827004697 -0.15665911765584958 0.96994082670245219 -0.39490934109678738 -1.8640605878153658
decision_type=2 2 2 2 2 2 2 2 2 2 2 2 2 2
left_child=1 9 3 5 -5 -2 -3 -8 12 11 -11 -1 -4 -10
right_child=2 6 8 4 -6 -7 7 -9 13 10 -12 -13 -14 -15
leaf_value=-0.011694192853023108 0.0012771788392099736 -0.010720661594686562 0.01593897910638525 0.00088975978781398739 0.018398516152761491 -0.012116568628612365 0.03770394261955428 -0.0057310728627141668 0.0045670001332601866 -0.0096832055825114526 0.0265446261683394 0.0090282698179634559 -0.0094442455742748677 -0.027259438208485188
leaf_weight=41.398222562504088 170.64272823549254 6.7520165902533327 6.9265157782356255 2120.2849325767602 56.19328165925981 244.9574969600726 46.19305231202452 6.9041437921332536 1.4284849105461024 3.4900045103277106 13.034818236366844 13.020930412581945 6.4911620276398008 40.28880293921975
leaf_count=5028 26336 501 817 260150 6804 37715 4891 683 189 369 1311 1750 719 6581
internal_value=0.000351516 0.0137068 -0.000357443 9.79229e-05 0.00142389 -0.00671639 0.0263744 0.032043 -0.018494 0.00108226 0.0181273 -0.00610411 0.00487003 -0.0254973
internal_weight=2778.01 130.793 2647.21 2592.08 2176.48 415.6 59.8492 53.0972 55.135 70.944 16.5248 54.4192 13.4177 41.7173
internal_count=353844 14533 339311 331005 266954 64051 6075 5574 8306 8458 1680 6778 1536 6770
is_linear=0
shrinkage=0.05


Tree=150
num_leaves=15
num_cat=0
split_feature=59 85 7 43 60 13 28 6 42 68 6 44 48 41
split_gain=11.2695 9.65659 13.185 8.20288 6.19611 5.46271 9.02195 6.91551 5.02508 4.22726 2.83233 3.27297 2.73281 2.53255
threshold=-1.142983584078858 0.15069853143679726 -0.78116026613237677 0.082556515918947623 -0.2518777969967943 0.24117117878458047 0.49927956742575424 0.46795182009669556 1.2826424096102116 -0.13272167709567809 -0.17467652513033172 0.32079376762054485 -1.6629135322984532 -0.29245464780381653
decision_type=2 2 2 2 2 2 2 2 2 2 2 2 2 2
left_child=4 2 9 -4 8 6 -3 -7 12 -2 13 -12 -1 -6
right_child=1 5 3 -5 10 7 -8 -9 -10 -11 11 -13 -14 -15
leaf_value=0.0079966070651062808 -0.014206974803353265 0.014379201512588955 -0.0018384017014566991 0.0050912472553096937 0.0059107202185164302 -0.010270039489867782 -0.0081439942960438091 0.0068596597160263968 0.010537944530515493 0.007061526303561147 0.021219003840452492 -0.0082120640194734314 -0.021844786633167732 -0.016813397750222826
leaf_weight=3.3187063384211788 199.50063597689586 266.74378383815201 1166.9615829831782 660.48926751834733 15.341476554400286 80.749321618022805 46.229729042075633 158.20236246850982 8.5319475022552052 20.24119313837582 16.817723744221443 7.9758526798104858 111.62100684886536 16.984358200417773
leaf_count=486 28367 25198 161628 79323 2152 8379 4556 17193 996 1991 2593 845 17647 2575
internal_value=-2.56966e-06 0.000854813 -0.000735431 0.000680235 -0.0117397 0.00666144 0.0109031 0.000890984 -0.0176441 -0.0120258 0.00175082 0.0121122 -0.0204121 -0.0071803
internal_weight=2779.71 2599.12 2047.19 1827.45 180.591 551.925 312.974 238.952 123.472 219.742 57.1194 24.7936 114.94 32.3258
internal_count=353929 326635 271309 240951 27294 55326 29754 25572 19129 30358 8165 3438 18133 4727
is_linear=0
shrinkage=0.05


Tree=151
num_leaves=15
num_cat=0
split_feature=34 49 36 73 81 61 33 28 20 88 92 59 51 11
split_gain=8.02663 10.0441 9.37163 6.91978 8.78511 6.86153 6.4665 6.38688 6.22894 4.58109 4.27562 3.93047 2.30404 2.27046
threshold=-1.3477965220549417 -0.22834232322874601 -1.0766368666154797 1.3644314923342253 -1.109801887958525 -0.13439821413764072 -0.43962308247399484 0.49927956742575624 -0.9953375842501635 -0.19573801028439583 -0.15521510493783144 3.6790803621138886 0.30751843485178504 1.9352037064787901
decision_type=2 2 2 2 2 2 2 2 2 2 2 2 2 2
left_child=1 8 6 4 -4 10 13 -8 -1 -7 -3 -5 -10 -2
right_child=2 5 3 11 -6 9 7 -9 12 -11 -12 -13 -14 -15
leaf_value=-0.020186628350922088 -0.010286852802725586 0.015834865255794497 0.015298635388636012 -0.012460219852668333 -0.0007282316739362463 -0.0086594808047098515 0.032380842539649457 -0.0019775211605752956 0.027232729754660252 0.035375653565216214 -0.0086761749209255147 0.018884328896278151 -0.0068432278847616289 0.011956278448678827
leaf_weight=25.753461814420007 23.19174840615597 29.966393026290461 78.743206956642098 147.79270770102448 2333.6565994105622 2.7561759911332038 41.032784078248369 16.906137580663199 4.0638919953489667 43.533966901835811 23.45556103774652 1.9829992712620867 2.6417429920838913 7.9004115147254188
leaf_count=2618 1900 2043 8446 22233 302143 254 2941 1409 401 4402 4425 470 298 517
internal_value=0.000387926 0.0119622 -0.00023187 -0.00081212 -0.000144103 0.0193774 0.0148626 0.0235399 -0.0100156 0.0316812 0.00540185 -0.0108893 0.0177478 -0.00310075
internal_weight=2783.38 132.171 2651.21 2562.18 2412.4 99.7121 89.0311 57.9389 32.4591 46.2901 53.422 149.776 6.70563 31.0922
internal_count=354500 14441 340059 333292 310589 11124 6767 4350 3317 4656 6468 22703 699 2417
is_linear=0
shrinkage=0.05


Tree=152
num_leaves=15
num_cat=0
split_feature=59 44 82 34 40 40 73 85 100 31 61 60 60 44
split_gain=10.6525 10.349 10.8391 12.1362 9.29698 11.1257 8.2656 7.24839 5.1363 4.64719 3.36364 3.46065 1.98154 1.41352
threshold=-1.2902610419050498 -0.21716757071059964 1.0000000180025095e-35 0.6285098405203452 -0.21033712825851617 -1.4140708796612647 -0.43701710136373839 0.011758722373219043 0.32544449425826499 0.65944679744833301 0.16130931948145472 -0.2518777969967943 -1.2447230800357822 -0.031154862573105072
decision_type=2 2 2 2 2 2 2 2 2 2 2 2 2 2
left_child=8 4 3 -3 5 -2 -6 -4 10 13 11 -1 -11 -10
right_child=1 2 7 -5 6 -7 -8 -9 9 12 -12 -13 -14 -15
leaf_value=-0.022971088731245631 0.019525908829476316 0.0056520488031521531 -0.00060277525975240909 -0.0045563576936071132 -0.004588588493449456 -0.011896037431480898 0.0053618511624763275 0.026393332535271732 0.0068696284807353404 -0.0039957277602944994 0.0095679666701940953 -0.0036517485595531293 0.031876482568602663 -0.017339975187125049
leaf_weight=83.190664116771586 21.916849335335428 970.82167835994915 34.732234098846675 405.38640591834701 398.50404846644597 310.25568940753146 416.81201747200248 73.790133253278327 2.6896423736907309 2.4235695528041106 6.1367650307947761 36.600144410222128 6.0448039260882052 7.2738507101021259
leaf_count=14040 3461 107366 3078 52855 56028 47481 56177 5058 328 223 817 5570 597 670
internal_value=0.000414848 0.00115926 0.00390408 0.00263381 -0.00239529 -0.00931275 0.000501681 0.0184314 -0.0123544 0.00877381 -0.0158648 -0.0178045 0.0250055 -0.0106372
internal_weight=2776.58 2632.22 1484.73 1376.21 1147.49 332.173 815.316 108.522 144.359 18.4319 125.928 119.791 8.46837 9.96349
internal_count=353749 331504 168357 160221 163147 50942 112205 8136 22245 1818 20427 19610 820 998
is_linear=0
shrinkage=0.05


Tree=153
num_leaves=13
num_cat=0
split_feature=53 82 51 34 14 20 14 78 87 31 61 76
split_gain=8.38585 8.40942 9.72247 8.98798 8.48564 8.13807 7.19973 4.37033 3.4187 1.50711 1.0795 0.717722
threshold=0.86835796444802049 1.0000000180025095e-35 -0.28091127319284293 0.61204062083221777 -1.4127373214127898 -1.1616443170013782 -0.60001954992479412 -0.36935006041196938 0.2621000234266897 0.30071048066817213 -0.26183502955477506 0.28505468612325552
decision_type=2 2 2 2 2 2 2 2 2 2 2 2
left_child=1 3 8 4 -1 -4 -5 10 -3 11 -2 -9
right_child=7 2 5 6 -6 -7 -8 9 -10 -11 -12 -13
leaf_value=0.021480168523205501 -0.010148065792613691 -0.0069159037917584324 -0.017207793819925189 -0.020355370635776363 -0.00030497738710453663 0.022542334337508355 -0.004467165959724329 0.013065589170787643 0.013831286717753312 0.034225879280116979 0.0070086883874702233 -0.0027644711708888522
leaf_weight=35.763292414085299 8.3707663526292908 81.046933604600781 7.235101619444321 75.435511037569086 1914.731917555604 99.76529369247146 498.24241714477103 7.5253508267924172 15.625096237199612 18.41175985801965 8.7185809288639557 7.2236554156988859
leaf_count=5144 430 8063 515 11370 248285 8217 69306 217 1248 502 395 184
internal_value=-0.000219641 -0.000624917 0.00890402 -0.0014259 0.000201992 0.0186135 -0.00686933 0.0182331 -0.00258028 0.0267322 -0.002039 0.00732816
internal_weight=2778.1 2727.85 203.672 2524.17 1950.5 107 573.678 50.2501 96.672 33.1608 17.0893 14.749
internal_count=353876 352148 18043 334105 253429 8732 80676 1728 9311 903 825 401
is_linear=0
shrinkage=0.05


Tree=154
num_leaves=14
num_cat=0
split_feature=58 59 20 51 81 41 22 22 83 48 41 33 6
split_gain=8.65046 10.0407 14.5332 7.95313 7.84362 6.73518 5.80326 3.85515 2.85643 3.32863 5.88955 1.93722 0.89391
threshold=1.2004843471188764 -0.35303748027659815 1.7843606631629998 1.1686350807707588 -1.109801887958525 1.4716393491960025 -1.3049613713025119 -0.91051717413510491 1.0000000180025095e-35 -0.21565127671124065 -0.25152439265300863 1.3975553485456367 -0.17467652513033172
decision_type=2 2 2 2 2 2 2 2 2 2 2 2 2
left_child=1 2 6 4 -3 -4 -1 -5 9 10 -2 -11 -10
right_child=8 3 5 7 -6 -7 -8 -9 12 11 -12 -13 -14
leaf_value=0.019379731974348696 -0.013431073386023246 0.016101347173758111 0.035216331481053569 0.014335029806076703 0.0021091433071267905 -0.0056286763808682805 -0.0092595872665998079 -0.015495237174939265 -0.0049172413745141984 -0.02612729289524391 0.022590546391273822 0.0037272549899066755 0.017507199399789515
leaf_weight=9.3047363324440067 27.638654131256772 95.738993912091246 20.402850479062185 4.4927307801917769 2042.4626899935647 11.467544922998057 432.99770661491857 75.238961049941281 1.6205452788562982 45.896650130023772 6.3677125948379389 3.4672664706813512 1.8296443761064427
leaf_count=706 6627 8284 2643 550 240194 1683 62014 15393 211 12645 1440 722 233
internal_value=0.000266906 0.000792131 -0.00573765 0.00220762 0.00280769 0.0226853 -0.00824195 -0.0124041 -0.0144189 -0.0165578 -0.00308528 -0.0237557 0.0111495
internal_weight=2778.93 2692.11 474.173 2217.93 2138.2 31.8704 442.302 79.7317 86.8205 83.3703 34.0064 49.3639 3.45019
internal_count=353345 331467 67046 264421 248478 4326 62720 15943 21878 21434 8067 13367 444
is_linear=0
shrinkage=0.05


Tree=155
num_leaves=15
num_cat=0
split_feature=82 40 1 60 80 93 60 88 52 14 52 31 43 1
split_gain=7.05602 11.185 8.23519 8.42822 11.2108 6.67549 6.61477 6.49686 6.22299 6.03707 4.93445 2.57814 2.43386 2.27726
threshold=1.0000000180025095e-35 -1.0339444318498709 2.5300420609279901 1.3475968818316486 0.14030106379678017 -0.010144170849559256 -1.1174756121029865 -0.19557247026538468 -0.41771854161835209 -1.6929848288224465 -0.4803697369511622 0.50430722711884368 -0.5081944029968668 3.3232661044940617
decision_type=2 2 2 2 2 2 2 2 2 2 2 2 2 2
left_child=2 8 3 4 -1 -5 11 13 9 -2 -8 -3 -10 -4
right_child=1 6 7 5 -6 -7 10 -9 12 -11 -12 -13 -14 -15
leaf_value=0.0041113203680716174 -0.0092789359412962635 0.00097772446958425399 0.013848376722670903 -0.0018358507180726549 -0.0030387384639029482 -0.017478856981847521 -0.0022926939623826108 0.042754621427724356 0.011959396665809665 0.035411602269846056 0.018847830460606941 -0.020421637750327903 -0.017370070146406676 -0.012069310045625448
leaf_weight=896.57708252704833 4.5410291706211856 20.626722722838167 5.1253283413243507 144.29559236770729 1376.9626940509916 123.97711145433641 54.048999357502908 9.197619848258908 3.3189592607232044 47.506825643824413 42.614860779038281 29.082465285871876 6.661771293365744 9.3294209641026082
leaf_count=100139 277 2094 462 12956 191178 29132 3513 681 492 2587 4949 2546 1620 699
internal_value=-0.000167918 0.00846148 -0.000899047 -0.00121969 -0.000213435 -0.0094333 0.00049016 0.023682 0.0245924 0.0306454 0.0079205 -0.0128654 -0.00651275 -0.000974515
internal_weight=2773.87 208.402 2565.46 2541.81 2273.54 268.273 146.373 23.6524 62.0286 52.0479 96.6639 49.7092 9.98073 14.4547
internal_count=353325 18078 335247 333405 291317 42088 13102 1842 4976 2864 8462 4640 2112 1161
is_linear=0
shrinkage=0.05


Tree=156
num_leaves=15
num_cat=0
split_feature=44 60 16 34 27 30 41 27 44 78 40 6 79 96
split_gain=9.01069 9.14648 11.2088 8.4697 8.46966 8.18977 8.45412 9.04428 7.87443 6.68646 6.10465 5.00488 4.55631 5.6098
threshold=0.40695768105786861 1.3274444573253301 -0.17910798304903064 -1.364265741743069 -0.22228963494726137 0.50463597433840623 0.37880153666943245 1.5612964097610342 0.6270151266388112 -0.35032640404073989 -0.59046357606991073 0.75356441797537432 -0.84939873584702441 -0.039693522565976878
decision_type=2 2 2 2 2 2 2 2 2 2 2 2 2 2
left_child=1 2 3 -1 -4 6 8 -8 -2 11 -11 -7 13 -3
right_child=5 12 4 -5 -6 9 7 -9 -10 10 -12 -13 -14 -15
leaf_value=0.011048242416170022 0.035997300764608754 0.014601293145263185 0.012911471631046841 -0.0038658488795776389 0.00087691247462280621 -0.010809934391773853 -0.006752467136990856 0.026189834024504893 0.0089548572205499274 -0.008894793349554413 0.020683823895014983 0.0076172890206755431 -0.014197095778055904 -0.010669249563355073
leaf_weight=92.721908169653034 45.442284104901773 29.615009402637952 214.328016727668 1359.8543954543384 424.40999811189249 119.96074326260714 74.72370678606967 17.663374707997718 70.422462488124438 18.57230564240308 46.07436530078121 43.253108246921329 185.30163782924683 39.312074796333036
leaf_count=10008 4528 4157 22181 187327 49245 7431 10151 2668 7021 3010 6203 3189 31674 4987
internal_value=-0.000296958 -0.00152993 -0.000420408 -0.00284481 0.00505188 0.00621999 0.0131424 0.00148852 0.0215783 -0.000393236 0.012133 -0.00576872 -0.0102957 0.000662732
internal_weight=2781.66 2345.54 2091.31 1452.58 638.738 436.112 208.252 92.3871 115.865 227.861 64.6467 163.214 254.229 68.9271
internal_count=353780 309579 268761 197335 71426 44201 24368 12819 11549 19833 9213 10620 40818 9144
is_linear=0
shrinkage=0.05


Tree=157
num_leaves=15
num_cat=0
split_feature=92 44 103 52 98 103 48 34 29 40 44 44 79 48
split_gain=7.42651 8.09155 7.43541 11.8053 8.94749 4.80598 5.93053 4.34372 3.826 2.14692 2.47928 1.20375 1.16065 1.11805
threshold=0.85958782457352256 -0.4203315328547777 -1.3960862500687898 -0.58983697837681526 0.38600464204847384 -0.80496764563853807 -1.0027176007724681 -1.2819196433024322 0.066880332030054238 0.42320695142714188 0.12899298041085452 -0.45049306093110775 -0.073389553849822306 -1.5336936880495948
decision_type=2 2 2 2 2 2 2 2 2 2 2 2 2 2
left_child=1 5 4 -4 -3 6 -1 12 -7 11 -11 -9 13 -2
right_child=7 2 3 -5 -6 8 -8 9 -10 10 -12 -13 -14 -15
leaf_value=0.030674969735844188 -0.0043218880601196908 -0.011122162055206115 -0.0033686378959067102 0.0048498624125358171 0.011588445854357678 -0.012133169512235347 -0.01068908696816083 0.0040748153331731868 0.015676326644089172 -0.014324664490004685 0.014322948531298594 -0.029329515060336483 -0.0048241773063858488 0.025441618652027282
leaf_weight=7.7858995632122996 0.93593137601419618 190.11692010500701 576.81091557699256 1718.5621195872336 46.60443340105121 181.99663850125216 9.5535319638656784 0.47863783423963369 4.8279344717157064 5.9869744255920505 4.3540921854146291 29.257678757177931 2.9374867679907757 1.0953060557367278
leaf_count=832 573 26105 52847 193834 5124 24899 1664 658 621 7415 2884 33400 2818 671
internal_value=0.000758331 0.00112016 0.00190267 0.00277896 -0.00636254 -0.00822037 0.0123109 -0.0174312 -0.0106546 -0.0226075 -0.00115113 -0.0279017 0.0115311 0.019534
internal_weight=2781.3 2736.26 2532.09 2295.37 236.721 204.164 17.3394 45.0461 186.825 40.0774 10.3411 29.7363 4.96872 2.03124
internal_count=354345 305926 277910 246681 31229 28016 2496 48419 25520 44357 10299 34058 4062 1244
is_linear=0
shrinkage=0.05


Tree=158
num_leaves=15
num_cat=0
split_feature=51 60 81 80 15 31 47 78 22 50 27 40 60 60
split_gain=10.0711 8.884 10.999 9.75685 10.074 9.64151 5.12935 5.1187 4.66825 3.06683 1.80549 1.53958 1.39063 0.403652
threshold=1.4556739627437472 1.0950400800782256 0.2099233655036212 0.12540578032434396 0.33624589499825602 0.37516024067309767 1.0700865581084875 0.37211742666954101 -0.91051717413510491 -0.38572845022707913 0.16786981233267831 -1.794197327472659 1.5307292626814761 0.4672211321468524
decision_type=2 2 2 2 2 2 2 2 2 2 2 2 2 2
left_child=1 3 6 4 -1 -5 -3 -4 11 10 -10 -2 -11 -13
right_child=8 2 7 5 -6 -7 -8 -9 9 12 -12 13 -14 -15
leaf_value=0.0045832510707628097 -0.0070506597695047524 -0.0092660568379541505 0.034542562931146478 -0.0048796411136108348 0.024139341152581952 0.003196481059354129 0.0069115950480722393 -0.007740561983685678 -0.00865888839373153 -0.02297198747168314 0.019053586601568202 0.024528139029004709 0.0049226447168046325 2.3715563318905708e-06
leaf_weight=699.69764084113194 1.6018556348863056 396.76930425636783 14.440266901256111 658.77968287518706 63.921043976297369 816.1054411780533 48.365590618741408 5.7230517421194227 3.3427842925884752 71.491784608420858 1.9322291307616977 1.7109846434905187 1.3684126093212388 1.960424074262846
leaf_count=73824 230 54434 3393 88335 4635 104003 5468 2261 705 15664 491 181 457 246
internal_value=9.73678e-05 0.000652638 -0.00556119 0.00196324 0.00651112 -0.000419409 -0.00739506 0.0239537 -0.0160453 -0.0193367 0.00732033 0.0134533 -0.0219172 0.021013
internal_weight=2787.21 2703.8 465.298 2238.5 763.619 1474.89 445.135 20.1633 83.4085 78.1352 5.27501 5.27326 72.8602 3.67141
internal_count=354327 336353 65556 270797 78459 192338 59902 5654 17974 17317 1196 657 16121 427
is_linear=0
shrinkage=0.05


Tree=159
num_leaves=15
num_cat=0
split_feature=87 19 50 58 7 73 51 41 60 85 87 29 31 48
split_gain=8.49806 7.70397 7.6557 7.18715 7.45594 7.24236 6.52733 6.51223 4.83578 4.20663 6.81994 3.3197 2.8375 2.61982
threshold=0.2450888005791059 -0.39330160511796142 0.81493457117298751 1.2004843471188764 -0.27787149192598454 -0.27453172017729716 0.29316649075313556 1.8727558496739194 -0.61768134189465129 0.72993362704347164 0.90693521487379447 -0.11049117679304944 0.88036042778421342 0.94262841810125264
decision_type=2 2 2 2 2 2 2 2 2 2 2 2 2 2
left_child=3 2 7 4 6 -6 -1 -2 -5 12 -11 -10 -3 -4
right_child=1 9 13 8 5 -7 -8 -9 11 10 -12 -13 -14 -15
leaf_value=-0.0026882767948367466 0.036368072631070905 -0.011838305143054284 -0.01828699449471358 0.013078554952533177 -0.0017189370592525866 0.0041171858990925988 -0.018142559297571744 -0.010662440460075227 -0.00025241378345569517 0.037730736837388812 -0.00095006584598953531 -0.024196123783455807 0.0051475497364974233 0.011933603617416282
leaf_weight=229.60434729168628 43.025727150488819 43.474124922096962 8.0962491655009199 6.7328097099089055 1329.5718488912898 871.60517913774675 90.065658565414196 4.0366678346472318 19.006071332223655 8.5952652880514488 28.210062972008018 53.728029540819989 37.503636780093075 3.274688342382432
leaf_count=27413 4184 4529 886 1507 170128 104333 13800 458 4192 626 2222 15292 3708 416
internal_value=-0.000208096 0.0101122 0.023472 -0.000943537 -0.00044747 0.000600175 -0.0074607 0.0311725 -0.0148709 0.00216613 0.0142144 -0.0187262 -0.00427045 -0.00807223
internal_weight=2776.53 176.216 58.4333 2600.31 2520.85 2201.18 319.67 47.0624 79.4669 117.783 36.8053 72.7341 80.9778 11.3709
internal_count=353694 17029 5944 336665 315674 274461 41213 4642 20991 11085 2848 19484 8237 1302
is_linear=0
shrinkage=0.05


Tree=160
num_leaves=15
num_cat=0
split_feature=34 37 92 103 103 51 51 29 31 41 29 60 6 38
split_gain=9.34737 9.44646 6.80954 6.5687 5.94923 5.03097 4.64276 4.49238 4.3003 2.88741 1.43121 1.27239 0.901942 0.900979
threshold=-1.446611840183706 4.6276329553246134 0.82865603758368611 1.6275769506842748 0.6209775695121309 1.0000000180025095e-35 0.59455731682477564 0.010227754510252934 -1.1743296914907859 -1.2747807714232049 0.58391701023677867 1.0508432723587 -0.53169227247868012 0.0085711714463263516
decision_type=2 2 2 2 2 2 2 2 2 2 2 2 2 2
left_child=4 2 3 -2 6 10 7 -1 -4 12 -3 -8 -6 -11
right_child=1 5 8 -5 9 -7 11 -9 -10 13 -12 -13 -14 -15
leaf_value=-0.0045083484211254198 -0.00094867725086852255 0.009148369524472828 0.0036495901981264999 -0.020037442434966919 -0.018594531898467246 0.040906765638690223 -0.014841378707343001 0.036474546466337687 -0.025120350823928429 -0.0041121825689712935 -0.013393685919989665 0.0083170855942932154 0.0038727896018341717 0.018820980369823253
leaf_weight=5.5233219425572306 2615.0460965557359 5.0069621006841789 14.592786757799329 35.901296157884644 11.322492810650147 10.121284545894012 4.0796324174589236 32.382839436566428 38.612431485213165 1.9187077785027202 3.5217380048707128 1.9590406298520973 1.874908126541414 3.3791853416623781
leaf_count=410 282527 358 17866 4690 1311 705 431 3325 41268 206 278 245 220 356
internal_value=-0.00090993 -0.00137668 -0.00167326 -0.00128152 0.0168238 0.0272 0.0253298 0.0308084 -0.0179005 -0.00518315 -0.0023648 -0.00682705 -0.0151091 0.0132566
internal_weight=2785.24 2722.8 2704.15 2650.95 62.4401 18.65 43.9448 37.9062 53.2052 18.4953 8.5287 6.03867 13.1974 5.29789
internal_count=354196 347692 346351 287217 6504 1341 4411 3735 59134 2093 636 676 1531 562
is_linear=0
shrinkage=0.05


Tree=161
num_leaves=15
num_cat=0
split_feature=93 88 78 88 73 92 50 35 50 74 80 66 79 76
split_gain=16.8584 20.3449 12.8058 24.526 16.4001 15.5585 25.4562 14.1583 11.4116 10.6443 7.79318 7.43794 4.37893 4.02084
threshold=-0.0082028037535099661 -0.19547670609364498 -0.55539959927700833 -0.022690286414211083 -0.53429328141972909 -1.9028887388535494 1.0000000180025095e-35 0.99044203151919208 0.31900854059470002 -0.15344429153154315 0.32649210720223315 1.0000000180025095e-35 -1.2385374941116212 0.56125879968228864
decision_type=2 2 2 2 2 2 2 2 2 2 2 2 2 2
left_child=2 8 5 11 -5 6 -1 -7 9 -2 -10 -4 -3 -14
right_child=1 12 3 4 -6 7 -8 -9 10 -11 -12 -13 13 -15
leaf_value=-0.014752354234006074 -0.0024983659706806047 0.0028415431083522358 -0.003451399135009615 0.054189759378728289 0.014680649004175872 0.0080703825165983952 0.010113969876368215 -0.015885385066067716 -0.01818859836809102 0.0094686038957377885 0.0097940174831532088 0.011216518427138779 -0.02604859591136088 0.0056683644836906981
leaf_weight=284.84643863956444 649.90570052265684 15.028580207086632 174.95068933744915 35.322804621071555 90.723230382427573 628.32390670512541 149.53571414703038 58.987999737990322 128.76545643411373 248.75248839626875 23.642866088361188 154.2633438455523 117.41810504876412 7.3581020824312864
leaf_count=35774 106802 3631 7554 1846 4442 62387 13232 5897 16988 35234 9511 9472 39217 1515
internal_value=0.000689623 -0.00378281 0.00406963 0.0110451 0.0289219 0.00116593 -0.00615718 0.00581607 -0.00131294 0.000881893 -0.0135119 0.00354975 -0.0210244 -0.0238964
internal_weight=2767.83 1190.87 1576.95 455.26 126.046 1121.69 434.382 687.312 1051.07 898.658 152.408 329.214 139.805 124.776
internal_count=353502 212898 140604 23314 6288 117290 49006 68284 168535 142036 26499 17026 44363 40732
is_linear=0
shrinkage=0.05


Tree=162
num_leaves=15
num_cat=0
split_feature=40 52 93 104 51 53 88 52 51 86 29 81 73 81
split_gain=9.30119 11.5243 14.2105 16.8128 12.8472 13.2941 9.174 8.65287 8.15577 8.90405 7.62415 7.5833 5.04024 4.58446
threshold=1.0567510311127997 -0.58983697837681526 -0.0082028037535099661 -0.28358358915407661 0.88159619879776618 1.0000000180025095e-35 -0.19545640868406886 -0.52376064872927153 0.30751843485178504 0.13062183319417198 0.23578601908187011 -0.75771388082756397 0.67260018172948766 -0.010434025592707915
decision_type=2 2 2 2 2 2 2 2 2 2 2 2 2 2
left_child=1 4 6 -4 5 -1 -3 10 9 -9 12 -6 -2 -10
right_child=7 2 3 -5 11 -7 -8 8 13 -11 -12 -13 -14 -15
leaf_value=-0.011391592787255683 0.038495991545120664 0.00026756227520121132 0.0016095696171636135 -0.01224936197552085 -0.011247576270881271 0.013215829148743741 0.010896808100398517 0.017096788468898127 0.0065131657378949938 -0.010672425196293012 0.0024204949723898115 0.0226560773702391 -0.0051050809397259252 -0.019358241845789173
leaf_weight=494.82940102892462 40.312683633645065 350.97102502059715 779.10749407786716 293.31924890463597 16.142927747103386 53.171556466724724 473.16808846995991 96.474527681726613 19.912010944248323 31.882266532658832 33.113460690714419 46.90830609225668 5.1422962876968077 40.058429957651242
leaf_count=50665 2980 31875 107185 87485 1606 1976 39319 11647 2546 3188 1810 3989 378 6878
internal_value=0.000559743 -0.000398966 0.00152957 -0.00225913 -0.00631295 -0.00880992 0.00642767 0.00925639 0.0030211 0.00992642 0.0221737 0.0136243 0.0335323 -0.011065
internal_weight=2774.51 2507.62 1896.57 1072.43 611.052 548.001 824.139 266.896 188.327 128.357 78.5684 63.0512 45.455 59.9704
internal_count=353527 324100 265864 194670 58236 52641 71194 29427 24259 14835 5168 5595 3358 9424
is_linear=0
shrinkage=0.05


Tree=163
num_leaves=15
num_cat=0
split_feature=81 81 81 6 81 92 72 60 58 92 23 81 36 78
split_gain=8.54811 14.6187 13.678 12.2532 9.67624 11.2563 8.67981 7.69243 8.41993 7.57376 7.49419 6.982 7.09796 6.30598
threshold=-0.015162253046371737 -0.88966441441818012 -1.109801887958525 0.039532923278677336 -0.53779632484320372 0.22657160269378884 -0.62021527508531626 0.069562260824335739 -1.8215758212238347 -0.076151830025340803 1.9512176280238711 -0.0039464576911693462 -0.30964007211388045 0.34135189627013635
decision_type=2 2 2 2 2 2 2 2 2 2 2 2 2 2
left_child=1 2 3 -1 5 -3 -6 8 -2 -10 -4 13 -13 -9
right_child=7 4 10 -5 6 -7 -8 11 9 -11 -12 12 -14 -15
leaf_value=0.017877912444467202 -0.018216308233687705 0.0091206527290403332 -0.014895770057564862 -0.012266233374475376 0.022905574873634003 0.050904583902969106 0.0021000319182848197 -0.0096587248139484386 0.005092201723053298 -0.0028203189184393099 0.025258581929823328 -0.016526661762994797 0.0045818761494863559 0.0091118726811797029
leaf_weight=91.834294229578518 46.208332836911723 44.659049144363962 160.95698534006806 41.967533682880457 55.962979498421191 21.473034115610062 219.14771254164589 571.61880722306887 669.76823486969806 536.10087623213985 3.5509494723519301 37.483072726194223 238.21110037772451 40.730966584396811
leaf_count=10103 8947 2501 18385 4839 5616 4535 24354 69920 50649 100726 245 4199 31721 17154
internal_value=-0.000298892 0.0047289 -0.00331199 0.00822756 0.0116523 0.0275922 0.00698724 -0.0018164 0.000711074 0.00158022 -0.0126313 -0.00534819 0.00123396 -0.00828383
internal_weight=2779.67 639.553 298.31 133.802 341.243 66.1321 275.111 2140.12 1252.08 1205.87 164.508 888.044 275.694 612.35
internal_count=353894 70578 33572 14942 37006 7036 29970 283316 160322 151375 18630 122994 35920 87074
is_linear=0
shrinkage=0.05


Tree=164
num_leaves=15
num_cat=0
split_feature=14 42 49 48 46 49 16 1 48 44 41 28 68 14
split_gain=8.37003 6.52543 9.24602 10.0541 8.29611 6.86492 7.7105 4.89202 4.74561 7.12969 3.77946 4.00971 3.71847 1.34799
threshold=-0.60001954992479412 -1.5333823176494741 0.26380159335273828 -0.93223404936400012 -0.46192404193474068 -0.86812941478467731 0.22881063106183455 0.0041471959461819351 -0.59626245431696856 0.071807246883804202 1.1851275631403475 -0.27524722708822835 -0.10787998915468842 1.1094902452740911
decision_type=2 2 2 2 2 2 2 2 2 2 2 2 2 2
left_child=7 5 3 -3 -4 6 -2 8 9 -1 11 -9 -10 -7
right_child=1 2 4 -5 -6 13 -8 10 12 -11 -12 -13 -14 -15
leaf_value=-0.008884164846463696 0.030792532730968075 0.0052601121186532703 -0.0028150219536073472 -0.0037625382505024271 0.0077128403133117215 -0.01484839541083656 -0.00043974346755790058 0.036777279895506276 -0.017591684035101158 0.029170704444634626 -0.010808213982792464 -0.0056733677764866626 0.0079875779226396357 0.0081885548089129564
leaf_weight=29.574522182490909 46.382454019389115 414.86992016121076 248.48597762747158 1122.5488991223829 697.39638253392695 15.310435993138528 29.9964360623635 5.6769970093446327 131.14419473082671 8.0254317372455244 5.4569098842621306 5.0211794822389502 10.09233463698183 1.4354362883168494
leaf_count=3793 6652 47556 33176 156134 78120 2214 2871 620 19121 546 677 521 1005 249
internal_value=0.000832099 0.00160004 0.0010837 -0.00130953 0.00494663 0.0139287 0.0198957 -0.00889779 -0.0113762 0.00366025 0.0123982 0.0237382 -0.0153566 -0.0105504
internal_weight=2771.42 2576.43 2483.3 1537.42 945.882 93.1248 76.3789 194.992 178.836 37.6 16.1551 10.6982 141.237 16.7459
internal_count=353255 326972 314986 203690 111296 11986 9523 26283 24465 4339 1818 1141 20126 2463
is_linear=0
shrinkage=0.05


Tree=165
num_leaves=15
num_cat=0
split_feature=87 103 21 48 58 43 49 44 54 85 38 103 28 5
split_gain=10.2543 8.76758 10.6344 8.26476 8.98743 7.87163 7.47013 11.1716 6.30395 6.29423 6.18816 5.63273 5.11983 4.72825
threshold=0.2450888005791059 -0.77791034450899166 -0.74235944867368298 -0.0088995259130674326 -0.08707511709638964 0.094657881149655496 0.67228104411537171 0.91040602795415082 -0.28575886519885668 0.72993362704347164 0.14054519731724702 1.1902323989409711 -0.59796672480238933 0.4489752123439637
decision_type=2 2 2 2 2 2 2 2 2 2 2 2 2 2
left_child=3 9 11 4 13 -6 7 -5 -4 -2 -8 -3 -11 -1
right_child=1 2 8 6 5 -7 10 -9 -10 12 -12 -13 -14 -15
leaf_value=-0.013131991512428668 -0.015573809820593601 0.052989327907486686 0.029663612579090233 -0.0077874675935016889 0.0012275242992157919 0.0094624487661215811 -0.0030960424631983133 0.010985002009836301 0.0021296231847847463 -0.010511565337154319 0.010765281299418962 -0.0012384488801231771 0.025895267157729919 0.013259151344986423
leaf_weight=112.64750064784494 33.875730101171939 18.275044926151171 19.253244613333663 703.34567571833759 979.61822217661756 404.58452844294152 166.94293465155715 80.331489149430126 78.012066740346199 8.7447030792245659 139.68094364791614 5.2248209685494649 14.838598656220709 11.477944056518025
leaf_count=17521 4170 1606 1693 110273 120657 41127 20252 8812 6854 943 16787 453 1404 1526
internal_value=0.000936566 0.012206 0.0193829 0.000119836 0.00251062 0.00368509 -0.00318034 -0.00574902 0.00983719 -0.00351541 0.00335898 0.044162 0.0132854 -0.00988497
internal_weight=2776.85 178.224 120.765 2598.63 1508.33 1384.2 1090.3 783.677 97.2653 57.459 306.624 23.4999 23.5833 124.125
internal_count=354078 17123 10606 336955 180831 161784 156124 119085 8547 6517 37039 2059 2347 19047
is_linear=0
shrinkage=0.05


Tree=166
num_leaves=15
num_cat=0
split_feature=41 103 103 88 27 54 72 60 50 92 5 35 54 48
split_gain=7.99623 19.7911 10.9116 12.1943 11.8648 10.7668 8.12552 12.9645 7.86717 7.17698 6.7926 6.37025 5.29251 4.35141
threshold=-1.3648273327549822 0.55482142781552413 -0.94375961196322067 0.0659215243913054 1.9514558570409741 -0.21769694075113966 -0.19048831338326785 1.3663316006229624 1.0000000180025095e-35 -0.91049814361452086 -0.0017051923886764646 -0.20773074235833447 -0.094818832079889157 -1.0990451210307079
decision_type=2 2 2 2 2 2 2 2 2 2 2 2 2 2
left_child=1 6 3 11 5 -4 12 -8 -6 -3 -5 -2 -1 -11
right_child=2 9 4 10 8 -7 7 -9 -10 13 -12 -13 -14 -15
leaf_value=0.022183012215904224 -0.018423787791742145 0.014941525605974041 0.0033632324705983687 0.015113099073562938 0.030945390473480602 -0.0039446548445735514 0.049453333623879575 -0.012182279520218739 -0.00030458747234564604 -0.024671865476772893 -0.014566995258397454 -0.0057570580746278879 -0.00077977422129439525 0.008859574794018707
leaf_weight=37.815330786883351 164.02640658156452 11.638210001401601 1033.1929134968887 72.443904451356502 42.252934262745839 965.17735014904611 29.277309311521094 6.5585855495228307 32.456594451243291 45.116189099509938 16.503364609052369 264.58109077807603 51.430267724546866 6.4249962080211835
leaf_count=4134 27374 950 127380 8406 4821 121668 2457 655 3322 6253 2008 37883 5799 842
internal_value=-0.000286426 0.00939402 -0.00102332 -0.00744396 0.000607667 -0.000168414 0.0203837 0.0379762 0.018936 -0.0121755 0.00869057 -0.0109141 0.0102048 -0.0197315
internal_weight=2778.9 188.261 2590.63 517.555 2073.08 1998.37 125.081 35.8359 74.7095 63.1794 88.9473 428.607 89.2456 51.5412
internal_count=353952 21090 332862 75671 257191 249048 13045 3112 8143 8045 10414 65257 9933 7095
is_linear=0
shrinkage=0.05


Tree=167
num_leaves=14
num_cat=0
split_feature=104 93 100 88 33 40 93 103 29 9 104 85 73
split_gain=9.66879 22.8904 12.5783 10.048 15.3021 12.9215 7.1119 6.49334 6.50133 6.96046 5.26264 4.23584 1.90382
threshold=-0.28358358915407661 0.0057477935503283334 0.26353070793878303 -0.033344144263512614 0.36119828489353584 -0.083628312321385498 0.0070074391346759239 1.6275769506842748 0.61223805476419157 1.1955974693830533 -0.13878479213568448 -0.010852785473697181 -0.27504943062539028
decision_type=2 2 2 2 2 2 2 2 2 2 2 2 2
left_child=7 3 6 5 -5 -2 -3 8 9 -1 -4 -10 -9
right_child=1 2 10 4 -6 -7 -8 12 11 -11 -12 -13 -14
leaf_value=0.0047615073292086862 -0.0093523836299376512 -0.021604843501752076 0.013696272829768694 0.011455649115606127 -0.0094113490709671153 0.0023521181489490465 0.013999369473550009 -0.025336519215509685 -0.015242464780103649 0.026709630144245818 -0.01176498252854012 0.0066661540658371383 0.0047061403274131879
leaf_weight=927.91680725303377 385.38238236765028 223.65912546331674 42.52062129494152 354.60034124017693 107.40570032549294 576.75353505669045 8.3290171336811891 14.456162770569792 56.018736101832474 28.287642817915184 23.72874695160499 26.147520258935401 3.2106683747842899
leaf_count=123888 39914 67613 6490 28362 8499 53748 7446 2282 5207 2416 5460 2339 397
internal_value=0.000161683 -0.0021444 -0.0144987 0.000525843 0.00650794 -0.00238408 -0.0198009 0.00390771 0.0045053 0.00568052 0.00422979 -0.00830373 -0.0201491
internal_weight=2778.42 1722.38 298.238 1424.14 462.006 962.136 231.988 1056.04 1038.37 956.204 66.2494 82.1663 17.6668
internal_count=354061 217532 87009 130523 36861 93662 75059 136529 133850 126304 11950 7546 2679
is_linear=0
shrinkage=0.05


Tree=168
num_leaves=15
num_cat=0
split_feature=80 100 73 81 74 81 40 103 45 49 43 27 44 93
split_gain=6.82188 9.49645 7.87746 8.23553 12.6882 7.3852 7.30306 9.75688 6.75984 6.3699 6.32912 4.66483 3.21188 2.52621
threshold=0.12540578032434396 0.11301193405209387 -0.534232889221539 -0.88966441441818012 1.0201251210691189 -0.55967812166364761 -1.2873620637241332 -1.3144215216596449 -0.57280722009597962 0.16537281003644114 -0.28365604422581842 -0.11081550715299289 0.064108308514502901 -0.025127353884091447
decision_type=2 2 2 2 2 2 2 2 2 2 2 2 2 2
left_child=2 6 12 4 -4 -5 7 -2 11 -10 -8 -3 -1 -14
right_child=1 8 3 5 -6 -7 10 -9 9 -11 -12 -13 13 -15
leaf_value=-0.020853137919923277 -0.013702094633110277 0.010770635273369245 -0.014646849409800773 0.023856443908611143 0.007373742244015504 0.0052306271537403033 0.0036335024983608828 0.018241661320804382 -2.922416851419112e-05 0.019602006623577691 -0.0058749042202706943 -0.011737331451063043 0.013757846341773034 -0.011135140427344054
leaf_weight=36.34522426518015 25.587750034188502 25.668805437060655 120.85859417525353 48.727211235353025 121.91450080223876 743.69778916761788 199.53614597180422 70.399221625775681 65.060536886543559 103.1073026073791 1137.2146727771997 57.734383779483323 10.688167023821736 10.261290892987743
leaf_count=3480 4900 2819 13453 5153 13778 88361 22515 8835 6994 9539 165782 6815 413 968
internal_value=0.000106428 -0.00188593 0.00316731 0.00420913 -0.00373443 0.00665898 -0.00346524 0.00923688 0.00689714 0.0124317 -0.00443915 -0.00439862 -0.0134844 0.00190673
internal_weight=2776.8 1684.31 1092.49 1035.2 242.773 792.425 1432.74 95.987 251.571 168.168 1336.75 83.4032 57.2947 20.9495
internal_count=353805 228199 125606 120745 27231 93514 202032 13735 26167 16533 188297 9634 4861 1381
is_linear=0
shrinkage=0.05


Tree=169
num_leaves=15
num_cat=0
split_feature=104 47 47 26 19 58 103 92 49 88 38 100 60 52
split_gain=7.98649 9.13241 10.0551 7.68796 9.54359 7.67187 8.87407 12.7975 7.73083 7.65972 5.40674 4.90368 4.12702 3.66438
threshold=-0.28358358915407661 -0.14435404222268411 -0.8135355975072065 -0.27818518508064843 0.9530242827224511 1.0000000180025095e-35 -1.057503830519178 -0.4470709407635135 -0.12991353991244967 -0.19555691286913662 -0.37789570770176178 0.48295361183902591 0.069562260824335739 -0.50713822388630547
decision_type=2 2 2 2 2 2 2 2 2 2 2 2 2 2
left_child=5 2 9 10 -5 6 7 -1 -8 -2 -3 13 -4 -7
right_child=1 3 12 4 -6 11 8 -9 -10 -11 -12 -13 -14 -15
leaf_value=0.017687724861271101 -0.0075494869594312638 -0.0156388060329356 -0.0058834879131183628 0.0058837562094487504 -0.0095105420516794197 -0.0010423499501165498 0.013578036085778962 -0.012119898327818778 0.0036539943579950423 0.010197607711048107 2.6196153956180515e-05 0.01516279266307418 -0.016480339045408191 -0.022752593086098005
leaf_weight=39.211054740240797 97.518679313325265 83.278342976467684 243.85708082706697 767.64522558086719 106.49762196091615 34.121941633638926 341.79951808012993 127.26152430185175 467.6842464591864 131.04019815357969 134.4367445102107 8.9992558797603106 158.28700585341721 38.474324979411904
leaf_count=3188 12465 10407 31482 94750 12207 4767 41802 22060 50949 16232 16409 1294 23499 12422
internal_value=0.00116136 -0.000939585 -0.00568193 0.0018265 0.0039219 0.00456016 0.00581064 -0.00449455 0.00795892 0.00262644 -0.00638947 -0.00939812 -0.0103532 -0.0139099
internal_weight=2780.11 1722.56 630.703 1091.86 874.143 1057.55 975.956 166.473 809.484 228.559 217.715 81.5955 402.144 72.5963
internal_count=353933 217451 83678 133773 106957 136482 117999 25248 92751 28697 26816 18483 54981 17189
is_linear=0
shrinkage=0.05


Tree=170
num_leaves=15
num_cat=0
split_feature=80 52 52 60 76 52 47 86 46 28 38 100 100 49
split_gain=6.94573 9.31824 13.1128 12.5201 10.8545 8.41005 13.3957 13.3667 10.1529 8.11277 6.77426 6.13186 5.4323 8.53975
threshold=-0.14550218783059007 -0.58983697837681526 -0.51000834205002676 0.2194427018921285 -0.15438281287514818 -0.47075077191048126 -1.1109496220781045 0.74505126718996173 0.69393760390599424 1.5319819601110694 -0.24819379677333683 1.1215571091117049 0.65714664343012763 1.0512318598831152
decision_type=2 2 2 2 2 2 2 2 2 2 2 2 2 2
left_child=1 12 4 -4 -3 6 8 11 -2 -8 -9 -7 13 -1
right_child=5 2 3 -5 -6 7 9 10 -10 -11 -12 -13 -14 -15
leaf_value=-0.0043024513768274838 0.032075484882690401 0.052459924023556627 0.014046145959474989 -0.00091612357082461763 -0.0041291764908259684 -0.0074526142311463796 -0.00091739370704688758 -0.003147290570659276 0.0018239836807120179 0.018885837834452645 0.026056152020722218 0.010459837965361124 -0.02247759761782028 0.02798020942564973
leaf_weight=177.78323163941968 51.295759927597828 18.058778710197661 242.60147661947485 310.58055384368345 10.180673181777818 765.59026388963503 959.28860403323779 29.278322364414635 52.994231895077974 44.632956565357745 41.133016811261768 42.347178308489674 24.309113681782037 13.001633239211513
leaf_count=16135 3996 557 26629 44656 376 162611 74478 4567 3270 2857 5643 5948 1213 906
internal_value=0.000682807 0.00459693 0.00785061 0.00577857 0.0363141 -0.000901731 0.0019885 -0.00452967 0.018208 0.000140612 0.0150316 -0.00639735 -0.00415615 -0.000818477
internal_weight=2783.08 796.515 581.421 553.182 28.2395 1986.56 1108.21 878.349 104.29 1003.92 70.4113 807.937 215.094 190.785
internal_count=353842 90472 72218 71285 933 263370 84601 178769 7266 77335 10210 168559 18254 17041
is_linear=0
shrinkage=0.05


Tree=171
num_leaves=15
num_cat=0
split_feature=2 51 88 27 41 27 27 86 68 22 44 45 41 27
split_gain=7.05883 7.46835 7.05684 8.39696 6.69429 15.5859 6.41307 5.98784 5.58363 3.78526 2.85354 2.3545 1.90793 0.533395
threshold=2.2663547791586525 1.4556739627437472 -0.1955903735640914 -0.40343509261294758 1.7868023138572229 1.8957187931438397 0.93425444091827414 -0.17620982713703501 -0.13260846194221695 -1.12963877140146 0.50498914196041678 -1.2425892879050424 -0.22696623956252393 0.80884604714972208
decision_type=2 2 2 2 2 2 2 2 2 2 2 2 2 2
left_child=1 4 7 -4 5 -1 -6 10 -5 13 -2 -11 -9 -3
right_child=2 9 3 8 6 -7 -8 12 -10 11 -12 -13 -14 -15
leaf_value=0.00064833492016018012 -0.0020611598079185406 0.018829016834912161 -0.012097641761617255 0.047863531252292341 0.0067996349895538145 0.022967535355276226 -0.018247522019167111 0.0050439336507018227 -0.0070770883979733275 0.0023222134692092492 0.030353352276339687 -0.019850759464175593 -0.021638522940347283 -0.0020843203766086858
leaf_weight=2460.0185905752533 9.6122383057954703 1.5939086414000478 4.6585956587514401 20.006843479248349 30.472986771754222 70.816692539265205 74.14301682630321 4.8200012777815582 2.7006606495342558 11.920949362327518 6.2943710648396509 65.070153627159016 14.348470472468762 1.7030573473311958
leaf_count=306888 820 186 288 1611 4532 8470 10860 273 209 2990 485 14397 1138 229
internal_value=0.000761443 0.000349254 0.0161658 0.0312855 0.000830618 0.0013608 -0.010995 4.55017e-05 0.0411633 -0.0137935 0.0175308 -0.0165453 -0.0155001 0.0145829
internal_weight=2778.18 2715.74 62.4412 27.3661 2635.45 2530.84 104.616 35.0751 22.7075 80.2881 15.9066 76.9911 19.1685 3.29697
internal_count=353376 348552 4824 2108 330750 315358 15392 2716 1820 17802 1305 17387 1411 415
is_linear=0
shrinkage=0.05


Tree=172
num_leaves=15
num_cat=0
split_feature=104 93 52 35 104 50 76 8 22 59 80 44 47 52
split_gain=9.94316 16.8503 11.5783 15.5649 11.4338 10.2479 7.2671 6.89709 5.68107 6.84092 10.4525 5.77062 6.76402 3.73503
threshold=-0.28358616673764914 0.0057477935503283334 -0.58983697837681526 1.1747763044234272 -0.28358358915407661 1.2586578616904012 3.081268248788148 0.004462082480532442 -0.089188671744130935 0.84114827195386399 -0.095773663321050417 -0.031154862573105072 -2.0775452019335261 -0.50713822388630547
decision_type=2 2 2 2 2 2 2 2 2 2 2 2 2 2
left_child=8 2 3 -2 7 -4 -6 -3 11 10 -10 13 -13 -1
right_child=1 4 5 -5 6 -7 -8 -9 9 -11 -12 12 -14 -15
leaf_value=0.012517436216618409 -0.0071388139541883767 0.018119834193434197 0.0059756812047240563 0.020166611590333523 -0.017325572866650551 -0.016443203893493557 0.01068486472836578 -0.0041556209049396385 0.015214555476279999 -0.012727042033960074 0.00024715528951090195 -0.011146799530060638 0.0261660676388237 -0.008927655573666312
leaf_weight=29.548040878959 490.21391627332196 30.526822601575986 901.66539578252559 48.581372904940508 276.2902353571626 44.493731972659589 18.634552754192555 234.79057519391426 157.95011305900698 52.192643219132151 382.9623114858332 8.4454251724528131 76.140924074890791 31.955050188662426
leaf_count=2267 46618 3843 80908 3214 84933 5648 2151 33107 14103 9512 53830 1002 7421 5383
internal_value=0.000449058 -0.00135018 0.00144635 -0.00435417 -0.00865791 0.00476047 -0.0152634 -0.0010276 0.00537874 0.0030855 0.00481457 0.0138949 0.021656 0.00168496
internal_weight=2784.39 2045.2 1484.95 538.795 560.242 946.159 294.925 265.317 739.195 593.105 540.912 146.089 84.5863 61.5031
internal_count=353940 260422 136388 49832 124034 86556 87084 36950 93518 77445 67933 16073 8423 7650
is_linear=0
shrinkage=0.05


Tree=173
num_leaves=15
num_cat=0
split_feature=58 15 88 48 22 88 27 14 103 29 85 87 104 42
split_gain=8.02679 6.41531 8.71534 8.92782 6.78546 6.42787 6.28741 5.93869 5.34816 5.80374 3.0925 2.8523 2.54986 2.19558
threshold=1.0326533462092513 0.70631080046301409 -0.19552377448702632 0.21664783859403067 -0.82665391355244411 -0.19532390296324378 0.33508100402408103 -0.5719947991838279 1.4800182490644977 -0.32506722865618992 -0.26095978559021776 0.88076627353074088 -0.24460291771261586 0.4691241550685244
decision_type=2 2 2 2 2 2 2 2 2 2 2 2 2 2
left_child=1 4 3 -3 5 -1 -6 -4 9 12 -10 -11 -2 -12
right_child=8 2 7 -5 6 -7 -8 -9 10 11 13 -13 -14 -15
leaf_value=0.0027891726372315409 0.017758804451752784 -0.01347055131195902 -0.0056035579092890211 0.016137959328048249 0.0010676440227632305 0.026103880308748103 -0.0045400206671505411 0.034410313631731838 -0.010295885605751162 -0.024339884652319545 0.030563412242291824 0.0082957441745417377 -0.0097709869717044571 -0.0064226542953037258
leaf_weight=89.538503269002831 9.334691088224643 42.810546505519596 8.5091634961572691 39.189593179326039 1740.8060666440706 36.331342486155336 689.77367016106291 34.828563680915977 3.8400315925482573 72.144102827682218 5.5046713705742132 2.5652138065197496 6.4499023167882106 1.4346849021167143
leaf_count=7260 1796 3105 662 3784 214647 2478 93462 2551 956 20706 966 366 1035 213
internal_value=8.80816e-05 0.000631769 0.0112406 0.000896004 6.98664e-05 0.0109447 -0.000535836 0.0269762 -0.0130721 -0.0170409 0.0124132 -0.0223723 0.00708288 0.0236393
internal_weight=2783.06 2681.79 125.338 82.0001 2556.45 125.87 2430.58 43.3377 101.273 90.4939 10.7794 74.7093 15.7846 6.93936
internal_count=353987 327949 10102 6889 317847 9738 308109 3213 26038 23903 2135 21072 2831 1179
is_linear=0
shrinkage=0.05


Tree=174
num_leaves=15
num_cat=0
split_feature=27 103 51 54 98 12 74 74 92 78 29 47 73 104
split_gain=8.70342 15.246 10.6558 16.3271 9.28483 9.11255 7.73017 15.5408 11.9451 6.66815 6.84122 6.06288 5.68766 4.29739
threshold=0.22360687622981254 0.20291129520776705 -0.55359821106718166 -0.2005504199241393 1.195050265812309 1.2530510275630864 1.0201251210691189 0.99357678009862493 -1.7343591023691534 -0.38682633803529987 0.26998803450039427 1.0700865581084875 1.4772572520882898 -0.28358627463499325
decision_type=2 2 2 2 2 2 2 2 2 2 2 2 2 2
left_child=2 9 3 4 -1 12 7 -4 -8 10 -2 -11 -3 -5
right_child=1 5 6 13 -6 -7 8 -9 -10 11 -12 -13 -14 -15
leaf_value=0.00036125935596595686 -0.0080216175824740707 0.0033614966069365378 0.0046390094159675646 0.0055653328967638178 0.031272878216540255 0.029190789276559798 -0.0076401996145313697 -0.015638514194171903 0.025948438815482838 -0.0053309212489383428 -0.0233009231144688 0.016805482222686068 -0.018652123613543323 -0.018479456361711676
leaf_weight=190.79208279118029 328.45959648510325 352.687966441561 1249.6363583063558 16.414008479943732 17.877678235097846 22.72424260203843 32.287722863024101 92.430143454745121 78.9858270145196 102.67996095312265 93.312487209186656 32.658909423898876 21.987189074861817 155.79916402931121
leaf_count=25696 36132 41482 153010 2337 1449 2403 2793 10990 9734 28568 8063 6692 3345 21655
internal_value=0.000295413 -0.00355441 0.00230723 -0.00504633 0.00431863 0.00387284 0.00425572 0.00313713 0.0163758 -0.00882729 -0.0118634 0.000799618 0.00161837 -0.016008
internal_weight=2788.73 954.51 1834.22 380.883 208.67 397.399 1453.34 1342.07 111.274 557.111 421.772 135.339 374.675 172.213
internal_count=354349 126685 227664 51137 27145 47230 176527 164000 12527 79455 44195 35260 44827 23992
is_linear=0
shrinkage=0.05


Tree=175
num_leaves=15
num_cat=0
split_feature=19 12 44 52 40 73 42 31 72 5 54 54 45 81
split_gain=7.78264 8.22472 7.83105 9.46384 9.74308 8.39963 7.05307 7.25655 6.75415 5.40783 3.59343 4.25484 3.45022 3.25052
threshold=0.9530242827224511 2.4801634787697115 -0.06965075171925765 -0.37970203995732105 -1.0339444318498698 -0.27504943062539028 -0.59470740856291193 0.88015031824089685 -0.17036427497504442 1.485540143229044 -0.27762060058055976 0.050066153497051354 -0.46965103679221087 0.11656836298826011
decision_type=2 2 2 2 2 2 2 2 2 2 2 2 2 2
left_child=2 10 3 4 -1 -5 8 -8 -4 -3 12 -12 -2 -11
right_child=1 9 6 5 -6 -7 7 -9 -10 13 11 -13 -14 -15
leaf_value=0.015713454802457821 -0.014544682000461651 -0.011686609649993527 0.0021463725816465045 -0.019483870100876748 -0.0014340765330672694 -0.0016220419631005904 0.001759346827111583 0.011608650785218085 -0.014803027808553668 0.027081629112312697 -0.021265765279764721 0.0033028972300537009 0.0083862422702805153 -0.0059439835662504822
leaf_weight=78.848518091079313 18.674005429144017 12.828246444005343 166.66502871271223 123.63190842267068 1215.2405355077353 133.61705708980662 447.64908966764415 316.62016975686856 79.100217776795034 20.569482573017016 113.12767252651975 17.68614443034312 28.570722198142903 5.7409363758633836
leaf_count=7100 2517 1583 18798 57279 103539 50013 46503 33584 10239 2225 13396 2200 3323 925
internal_value=-0.000607336 -0.00947647 0.00017867 -0.00204798 -0.0002768 -0.0106141 0.00358519 0.00593693 -0.00367432 0.00951436 -0.0139348 -0.0179454 -0.00163493 0.0202231
internal_weight=2778.57 217.197 2561.37 1551.34 1294.09 257.249 1010.03 764.269 245.765 39.1387 178.059 130.814 47.2447 26.3104
internal_count=353224 26169 327055 217931 110639 107292 109124 80087 29037 4733 21436 15596 5840 3150
is_linear=0
shrinkage=0.05


Tree=176
num_leaves=15
num_cat=0
split_feature=51 33 103 60 60 73 45 26 92 101 33 13 47 9
split_gain=8.55412 7.56466 8.14235 7.21995 10.1213 7.61546 4.59445 3.91634 3.16611 2.94813 1.76319 2.25525 1.29647 0.840545
threshold=1.4556739627437472 -2.2768015134936213 -1.3144215216596449 -1.1628816217479765 -0.18738682455185682 -0.44499844914217118 0.34385822481041423 -3.6216977832933814 -1.1271357024628963 0.10994904350357532 -0.58094450024473498 0.24117117878458047 -0.21870754836540884 2.0934945273270595
decision_type=2 2 2 2 2 2 2 2 2 2 2 2 2 2
left_child=1 2 7 5 -5 -3 -4 -1 10 13 -2 -12 -11 -10
right_child=8 3 6 4 -6 -7 -8 -9 9 12 11 -13 -14 -15
leaf_value=0.014803350415965463 -0.015324207630119047 -0.0096630602659119862 0.043736724529826139 0.0059311235430375767 -0.0013373796807617027 0.0032671996077498428 0.00068023747304285682 -0.018800831108265664 -0.028077888608217923 0.012053226895028425 -0.007632675063915715 0.015481743199024962 -0.0085033245684702167 0.0018854988303646061
leaf_weight=5.4873284454515696 5.0235034043435034 343.38967921107178 15.945456261135407 702.65188127722649 1452.4236568681226 161.95609518283527 8.5602246991620614 11.056123230810043 39.413540054130863 3.650400677601283 11.615853384253571 12.221820638049392 7.5511726203840208 1.1867979417147569
leaf_count=996 505 45607 1738 83653 183185 17676 898 2005 12812 855 1027 1003 1550 189
internal_value=-0.000359381 0.000147074 0.0192126 -0.000217943 0.00104893 -0.00553611 0.0332523 -0.00627681 -0.0154663 -0.0218609 -0.00131693 0.00529131 0.000721081 -0.0270025
internal_weight=2782.13 2701.47 41.0491 2660.42 2155.08 505.346 24.5057 16.5435 80.6631 51.8019 28.8612 23.8377 11.2016 40.6003
internal_count=353699 335758 5637 330121 266838 63283 2636 3001 17941 15406 2535 2030 2405 13001
is_linear=0
shrinkage=0.05


Tree=177
num_leaves=15
num_cat=0
split_feature=19 12 73 49 73 54 43 54 38 27 43 40 37 29
split_gain=6.44275 6.86066 6.26186 10.4897 8.57492 6.94396 7.62919 6.27327 6.15917 6.08135 4.6025 3.97008 4.20117 3.89564
threshold=1.1453565524139344 1.9986383396886318 -0.40165259291458527 -0.32677110654504349 -0.37083031490844254 -0.27576076376984893 -0.16311625607870536 -0.28036447311141116 0.79976767444624175 -0.76572600794432011 0.1331986709821795 -1.6041341035669612 -0.22457428416482203 -0.35969512427386324
decision_type=2 2 2 2 2 2 2 2 2 2 2 2 2 2
left_child=2 11 5 9 -5 7 -7 -1 13 -4 -10 -2 -13 -3
right_child=1 8 3 4 -6 6 -8 -9 10 -11 -12 12 -14 -15
leaf_value=0.0023492444847593246 0.01434030192365165 0.015464521630310396 -0.015459525336318031 0.036730970747921608 0.005574582139835034 0.0038704077384467302 -0.0057098689898745095 0.02422979870579324 0.033799910516364474 -0.00012869463922823694 -0.0077426084085789248 -0.0021282188984023558 -0.021292958609197207 -0.0136926350699558
leaf_weight=288.62164303915415 4.1831924872967639 6.7722179138072525 74.611131638121151 13.159150199360736 801.10913263254042 267.73111886572588 835.09882729175297 27.41741287750483 13.097477036535567 275.40798690520023 4.9367487515410167 42.813977492260165 93.659141243813792 30.10434764179081
leaf_count=37875 604 754 9076 1594 96647 29113 113402 3524 1571 38361 534 5887 10584 3879
internal_value=5.17154e-05 -0.00846894 0.000726973 0.00342972 0.0065176 -0.00149931 -0.00337021 0.00493239 0.00578153 -0.0037353 0.0237225 -0.0140467 -0.0158364 -0.00618134
internal_weight=2778.72 195.567 2583.16 1164.29 814.268 1418.87 1102.83 316.039 54.9108 350.019 18.0342 140.656 136.473 36.8766
internal_count=353405 23813 329592 145678 98241 183914 142515 41399 6738 47437 2105 17075 16471 4633
is_linear=0
shrinkage=0.05


Tree=178
num_leaves=14
num_cat=0
split_feature=81 92 81 81 61 88 78 7 100 78 98 49 20
split_gain=7.81044 6.90185 6.17392 17.3624 10.6438 4.44619 2.98163 2.76757 1.84779 1.41544 1.0539 0.827904 0.0971017
threshold=-2.2090597915463497 0.85781024382602566 -1.109801887958525 -1.0868205033581593 1.377958003661323 0.79646779547474755 0.48698754313122355 0.76742057757961246 0.83826897665195277 1.8342082988755688 2.5705786849223711 0.16537281003644114 -0.9953375842501635
decision_type=2 2 2 2 2 2 2 2 2 2 2 2 2
left_child=6 2 4 -4 -2 7 8 -3 10 -7 -1 12 -8
right_child=1 5 3 -5 -6 9 11 -9 -10 -11 -12 -13 -14
leaf_value=-0.028439628219801696 0.0055620309151384016 -0.026416109050952815 -0.019206566091349398 0.0011919097319066912 0.051821739136419243 -0.0056850738109096577 0.0015014060203693642 0.0063071764689012341 0.0047121038653957564 0.022624519599232749 0.00086720393651659755 0.015079152155722159 -0.0069198845848195776
leaf_weight=30.12019502237672 91.1963170231611 34.442667132818315 98.819206799984386 2512.9621498364977 5.071173872856888 2.0651657630223776 0.66852175019448656 3.6178197640911085 2.2960559630882917 1.0727825314970685 2.6932747751707202 1.5642791877617126 1.511402991076465
leaf_count=3322 8246 40552 11513 281123 246 2471 127 4287 142 774 261 319 532
internal_value=0.00014062 0.000490998 0.000831836 0.0003498 0.0126461 -0.0176995 -0.0196774 -0.0226405 -0.0237656 0.0138473 -0.0263935 0.00805719 -0.00522497
internal_weight=2788.1 2749.25 2708.05 2611.78 96.2675 41.1984 38.8537 38.0605 35.1095 3.13795 32.8135 3.7442 2.17992
internal_count=353915 349212 301128 292636 8492 48084 4703 44839 3725 3245 3583 978 659
is_linear=0
shrinkage=0.05


Tree=179
num_leaves=15
num_cat=0
split_feature=15 96 104 48 54 60 54 103 22 98 92 88 58 50
split_gain=7.77633 11.5192 9.73425 8.65332 9.30637 8.32814 7.91603 8.58794 7.36882 8.8523 8.21941 7.12634 6.86278 4.36043
threshold=0.1161050218564733 1.3777535359865787 -0.28358358915407661 -0.58451519574889055 -0.22210572843640222 1.4701009924120205 -0.28575886519885668 1.2016939943559271 0.0061906258076174997 0.098783511314971845 -0.69946372854985039 -0.19558215982343458 -1.206006887658704 0.65832635099036618
decision_type=2 2 2 2 2 2 2 2 2 2 2 2 2 2
left_child=2 6 8 4 -4 12 13 -8 10 -10 -1 -5 -3 -2
right_child=1 5 3 11 -6 -7 7 -9 9 -11 -12 -13 -14 -15
leaf_value=0.024415278269180971 0.021948731600140037 -0.014174917814731939 0.010184020346967063 -0.01248369385092327 -0.0033844570854775456 -0.016831105969722593 -0.010624893442648114 0.016244411832480772 -0.0016365533083047296 0.01724853389908371 0.0046964404719393804 -0.0031255798163884428 0.022025985756157121 -0.0081971306143991535
leaf_weight=63.694177694153041 38.492628208405222 7.6021829014716777 198.20618417253718 288.3787053371816 312.87982927660232 9.8752733664514363 146.78009572029987 27.363321351709601 592.42706226427617 59.18128676714332 211.68430241346505 671.86261493054189 146.50653194593178 10.101786006867767
leaf_count=5318 3801 986 23167 40958 37536 1347 14730 2297 83595 6254 26620 91568 14770 1198
internal_value=0.000330303 0.00681567 -0.000739405 -0.00325956 0.00197204 0.0164566 -0.000684255 -0.00575001 0.00325273 0.000313436 0.00995307 -0.0060357 0.0194853 0.0153526
internal_weight=2785.04 386.722 2398.31 1471.33 511.086 163.984 222.738 174.143 926.987 651.608 275.378 960.241 154.109 48.5944
internal_count=354145 39129 315016 193229 60703 17103 22026 17027 121787 89849 31938 132526 15756 4999
is_linear=0
shrinkage=0.05


Tree=180
num_leaves=15
num_cat=0
split_feature=52 50 80 50 93 68 88 68 88 54 86 100 72 19
split_gain=8.03062 25.4375 20.4152 14.1806 13.8598 20.034 15.2646 10.8842 8.34159 7.35739 6.69221 6.11821 7.47768 4.86632
threshold=-0.58983697837681526 1.1803537515990901 0.1817285709544936 0.65832635099036951 -0.0082028037535099661 -0.13271727003393416 -0.19546610471720074 -0.13271593390762337 -0.19572937696465029 -0.29779244818959477 0.4378368726174145 -0.016416988260753055 -0.33604473044860755 -1.1626306838839073
decision_type=2 2 2 2 2 2 2 2 2 2 2 2 2 2
left_child=1 2 7 4 5 -2 -6 -1 -4 -3 -11 13 -13 -5
right_child=3 9 8 11 6 -7 -8 -9 -10 10 -12 12 -14 -15
leaf_value=-0.012685472949076935 0.012338218971602741 -0.010549937896072869 0.036878280166030793 0.0030209895196319642 0.0020199367697269766 -0.0068396588561357875 -0.016531558446978251 0.012026279235238047 0.0039013681305647518 0.04019432562539605 -0.00021203988542972666 0.018071186790802985 -0.010146860650111004 -0.018850746908275994
leaf_weight=498.88104690785985 658.42271144413098 7.5192148874048135 19.631095602642745 28.322392112102534 933.17938495703493 164.07553710692446 115.65749946792494 41.022873073816299 62.423653874313459 37.190541533520445 12.956171301426364 31.035473711061059 45.145536075113341 123.20004298805725
leaf_count=53437 59515 564 588 5592 147202 7699 39427 1712 3342 2771 755 3866 5604 21522
internal_value=0.000685578 -0.00400129 -0.00706769 0.00221486 0.0036593 0.00847633 -0.000162586 -0.0106233 0.01494 0.0252283 0.0314552 -0.00931052 0.0021119 -0.0148286
internal_weight=2778.66 679.625 621.959 2099.04 1871.34 822.498 1048.84 539.904 82.0547 57.6659 50.1467 227.703 76.181 151.522
internal_count=353596 63169 59079 290427 253843 67214 186629 55149 3930 4090 3526 36584 9470 27114
is_linear=0
shrinkage=0.05


Tree=181
num_leaves=13
num_cat=0
split_feature=22 103 103 78 48 31 47 45 92 20 20 13
split_gain=8.34495 6.95092 9.57783 9.72461 8.35891 5.98583 6.25982 4.05594 2.59652 2.57839 0.382287 0.214494
threshold=-1.8367519806795933 1.6275769506842748 1.5861225846284099 -0.38719042715245261 -1.7028542114299183 0.010176658407010876 -1.8544846835053532 1.1198942415328703 -0.66277303839642876 0.59645542922575046 1.142891836836885 0.729280633163364
decision_type=2 2 2 2 2 2 2 2 2 2 2 2
left_child=5 2 4 -4 -2 10 11 -8 -3 -10 -1 -7
right_child=1 8 3 -5 -6 6 7 -9 9 -11 -12 -13
leaf_value=-0.013973892228205062 0.020590338762682736 0.0061537513454657947 -0.0019804953534452935 0.041121294759168314 -0.00059248072748216429 -0.011608384358030945 0.041795118980661877 -0.0028735725596965352 -0.026579621307152596 0.0083616255753434631 0.0015456302032099533 0.00089797077942450855
leaf_weight=4.5406059889064627 37.409361786081718 4.6471533137373617 22.619498126034159 18.444001703916001 2629.3493006431854 2.8556336222682139 23.473814339755339 4.5445774639374568 30.932183853095921 1.4074412345944427 2.9759822913329117 2.8575927751371637
leaf_count=282 3954 360 1580 2504 337657 217 1520 248 5014 201 230 197
internal_value=0.000232988 -0.000139748 0.000190396 0.0216407 -0.000219515 0.0202237 0.0278874 0.0356998 -0.0192063 -0.0234432 -0.0104548 -0.00876252
internal_weight=2786.06 2744.81 2707.82 41.0635 2666.76 41.2482 33.7316 28.0184 36.9868 32.3396 7.51659 5.71323
internal_count=353964 351270 345695 4084 341611 2694 2182 1768 5575 5215 512 414
is_linear=0
shrinkage=0.05


Tree=182
num_leaves=14
num_cat=0
split_feature=20 31 60 19 37 81 32 7 49 12 47 19 54
split_gain=9.35428 10.6754 8.83624 7.97605 7.38202 6.5709 8.27594 6.35981 5.94765 3.82579 3.44896 2.58067 0.627523
threshold=2.9009915830640138 -0.65662864808398125 -0.089278544982521316 1.3376888221054257 -0.077982112809576828 -0.010434025592707719 0.35779172184740693 1.1545657885076082 1.2726966223447831 1.8588407186650897 -1.6066396630296038 2.0108517660256271 -0.13632718904305771
decision_type=2 2 2 2 2 2 2 2 2 2 2 2 2
left_child=3 12 7 5 9 6 -1 -3 -7 -5 -6 -4 -2
right_child=1 2 11 4 10 8 -8 -9 -10 -11 -12 -13 -14
leaf_value=0.00058686723114220675 -0.018922943978139144 0.060596417684080153 0.014507208748806334 -0.0095487137448391143 0.0051480043401478087 -0.0023699446293722827 0.013272609921605373 -0.0059145098388379341 0.0080993299578344773 0.014186610296356135 -0.027744881813268663 -0.012702908080524196 0.0025038498587529167
leaf_weight=451.86953639041894 6.9385959171122522 12.246309120440854 8.1223893116912205 28.585705996090837 5.8973882921709437 1880.6327858373697 170.25008840793816 2.3120354808634156 136.42524252102885 20.37053950351401 52.5803076352895 6.9165747449733326 1.6415103735489518
leaf_count=53877 943 1526 1108 3911 824 249417 16515 275 15798 2704 6098 770 226
internal_value=-0.000426319 0.021418 0.0334175 -0.000806547 -0.0135568 -0.000238302 0.00421351 0.0519264 -0.00162538 0.0010586 -0.0241603 0.00191763 -0.0156823
internal_weight=2784.79 38.1774 29.5973 2746.61 107.434 2639.18 622.12 14.5583 2017.06 48.9562 58.4777 15.039 8.58011
internal_count=353992 4848 3679 349144 13537 335607 70392 1801 265215 6615 6922 1878 1169
is_linear=0
shrinkage=0.05


Tree=183
num_leaves=15
num_cat=0
split_feature=44 34 76 81 101 104 34 43 61 52 37 36 37 33
split_gain=8.88358 7.49475 8.26835 9.23717 8.15281 7.69867 7.23709 6.51524 4.8271 5.38207 3.75108 2.889 2.555 2.02265
threshold=-0.41910713154233054 -0.0055551174725595072 1.0514254752517986 0.2099233655036212 0.82089817899190265 -0.28358619531408685 0.97436345397102042 -0.29231882319909941 0.70197701623212372 -0.47405872209010164 -0.33628011147046688 0.028576966115357625 -0.37527321729158675 -0.2040873861894261
decision_type=2 2 2 2 2 2 2 2 2 2 2 2 2 2
left_child=8 2 3 -2 5 -3 -6 -4 10 11 12 -10 -1 -12
right_child=1 4 7 -5 6 -7 -8 -9 9 -11 13 -13 -14 -15
leaf_value=-0.0079337494050269932 0.0027735323572095831 0.0039571494622894646 0.012474075059899852 0.019881412516710054 0.024608839274549574 -0.0059767673732320486 -0.0040762091027824283 -0.017860538585813074 0.024050693401741145 -0.012788010116727547 -0.0091949017619602242 -0.0086199848324379595 -0.021088228669121859 0.01793363119764042
leaf_weight=96.598495004182041 1252.7534450918647 246.69300946734438 15.163202634437765 74.740966606506845 40.334119777195156 826.04027161281556 34.675319016561843 67.821100598252087 19.255936617264528 15.631876302504677 3.4207030503166607 3.2537893820554009 79.883078822846073 7.8545940618132573
leaf_count=15878 141238 33257 856 19787 3400 111173 3058 5340 1422 3335 579 223 13331 1177
internal_value=-0.000392351 0.000462005 0.00289411 0.00387819 -0.00252603 -0.00367685 0.0124287 -0.0115723 -0.00967708 0.00543392 -0.0128663 0.0181293 -0.0146996 0.00924996
internal_weight=2784.12 2558.22 1410.48 1327.49 1147.74 1072.73 75.0094 82.9843 225.898 38.1416 187.757 22.5097 176.482 11.2753
internal_count=354054 318109 167221 161025 150888 144430 6458 6196 35945 4980 30965 1645 29209 1756
is_linear=0
shrinkage=0.05


Tree=184
num_leaves=15
num_cat=0
split_feature=104 93 104 66 88 44 73 74 74 92 49 38 43 80
split_gain=8.82515 6.70823 8.56735 9.01208 8.25761 12.593 6.19713 6.1564 8.82141 6.80519 4.48219 2.80406 2.4714 1.6659
threshold=-0.28358622777941078 0.0057318999953004475 -0.05488341528019109 1.0000000180025095e-35 -0.033344144263512614 -0.18800110692304314 1.3462625705621833 -0.14853284845200179 0.99357678009862493 -0.37024636788645365 -0.21357800573130173 -1.344332084548139 -0.44903326290285456 -3.997019079875221
decision_type=2 2 2 2 2 2 2 2 2 2 2 2 2 2
left_child=6 4 3 -3 10 -6 7 9 -9 -1 -2 -8 -4 -13
right_child=1 2 12 -5 5 -7 11 8 -10 -11 -12 13 -14 -15
leaf_value=0.010409355274582331 -0.0064896381506280342 0.0067696873608014164 0.0042879306449821663 -0.0066900641785614962 -0.0033539632473370672 0.012922226330659004 0.0093790175466400196 0.026138178468745776 0.00060658176843093707 -0.0036416634160077762 0.00018274305172299448 0.0057336731600955678 -0.021862164598675772 -0.021099784580536751
leaf_weight=157.7562371592503 390.88885129621485 153.98733085614367 6.7555524560957556 516.59714035494835 210.51191541672597 253.3037095546897 5.4797843553678822 74.419832329644123 57.266733137541451 169.3883957817925 674.86925603546842 2.5165821379050639 79.664183004008009 26.893596221074404
leaf_count=10995 41310 23057 1702 96624 19136 17312 716 7225 6068 32308 62688 327 30286 3530
internal_value=-0.000478791 -0.00179172 -0.00560783 -0.00354523 0.000121081 0.00562008 0.00551664 0.00712484 0.0158617 0.00324182 -0.00230207 -0.0125083 -0.0195853 -0.0179314
internal_weight=2780.3 2286.58 757.004 670.584 1529.57 463.816 493.721 458.831 131.687 327.145 1065.76 34.89 86.4197 29.4102
internal_count=353284 292115 151669 119681 140446 36448 61169 56596 13293 43303 103998 4573 31988 3857
is_linear=0
shrinkage=0.05


Tree=185
num_leaves=13
num_cat=0
split_feature=103 103 35 58 45 54 35 92 92 54 99 54
split_gain=5.87396 11.1303 7.36004 6.70261 6.52441 6.00527 3.69785 3.64287 1.8286 1.2427 1.10988 0.594502
threshold=1.6275769506842748 1.5861225846284099 0.34527207635437035 1.2004843471188764 1.014647304103383 2.258018531929368 1.082609167971309 -0.66277303839642876 0.083223629100793672 -0.2993611957002596 0.63735563082659097 -0.31032408370609937
decision_type=2 2 2 2 2 2 2 2 2 2 2 2
left_child=1 3 4 5 -3 -1 -5 -2 -4 11 -11 -9
right_child=7 2 8 6 -6 -7 -8 9 -10 10 -12 -13
leaf_value=0.00035521025166266505 0.0098836015579319425 0.041257807540506196 -0.016929314627320474 -0.016822617111919035 -0.0055871502250300726 0.019579500229840636 0.011062877576373281 -0.0067988303752602773 0.0092285586031082278 -0.027020588211424459 0.0030451405746786788 0.0092806087538852607
leaf_weight=2589.7430203904096 4.7437786892987779 26.231041222643398 6.9600198594853264 70.959950902739365 6.6112545597643466 31.279854999436793 6.8638451060105572 1.9300713162228933 3.0107612812280422 27.34598189672943 1.2828839799913101 1.3754809707897973
leaf_count=319684 371 2376 357 19647 730 3384 1452 328 610 4568 146 237
internal_value=0.00035386 0.000650971 0.0233835 0.000205364 0.0327248 0.000658183 -0.0133836 -0.0172365 -0.00836477 -0.0226614 -0.0252338 0.00183839
internal_weight=2778.34 2741.66 42.8131 2698.85 32.8423 2621.02 77.8238 36.6782 9.97078 31.9344 28.6289 3.30555
internal_count=353890 348240 4073 344167 3106 323068 21099 5650 967 5279 4714 565
is_linear=0
shrinkage=0.05


Tree=186
num_leaves=15
num_cat=0
split_feature=14 21 80 92 83 80 92 85 66 20 34 16 37 73
split_gain=6.87981 6.53429 8.2484 9.53233 7.63607 6.98298 5.98311 5.84187 5.42164 4.65862 4.63979 4.07755 2.89889 2.39707
threshold=-0.60001954992479412 -0.74235944867368164 0.12540578032434396 -1.9028887388535494 1.0000000180025095e-35 0.031922360614522742 0.36326049989523168 0.15077014499605726 1.0000000180025095e-35 3.043540211136484 1.8637013171298997 0.11757575828564767 0.66184266779567846 1.0229855410324935
decision_type=2 2 2 2 2 2 2 2 2 2 2 2 2 2
left_child=6 5 3 -3 -4 11 9 12 -7 13 -9 -2 -8 -1
right_child=1 2 4 -5 -6 8 7 10 -10 -11 -12 -13 -14 -15
leaf_value=-0.016294657805625477 -0.013385745939909738 -0.0043501548727514373 -0.003504493724992756 0.0065565199970407844 0.0095661126153094508 0.028340809984340409 -0.015643952397951879 0.03750045081309681 0.0070987197928237007 0.01381941777228134 -0.0086055379252435484 0.01062094159646684 0.01517569524525399 0.0050187133740840807
leaf_weight=143.61449039081344 37.081467165931826 269.42384555132594 1296.4734395153246 711.01216263347305 112.59410877832124 42.457042965295841 15.985735044989275 9.1450674614170548 93.704232806507207 7.9376214363728641 3.2348664596065637 19.241035390245088 1.8585823034809426 9.9650629905518127
leaf_count=12730 4983 21725 180407 90004 9831 4461 7535 3008 14036 680 1046 1722 482 892
internal_value=8.32311e-05 0.00077516 4.41819e-05 0.0035457 -0.00240001 0.00939922 -0.00881084 0.00938484 0.0152081 -0.0125644 0.0269909 -0.00481968 -0.00813657 -0.0146895
internal_weight=2773.73 2581.99 2389.5 980.436 1409.07 192.484 191.741 30.2243 136.161 161.517 12.3799 56.3225 17.8443 153.58
internal_count=353542 327169 301967 111729 190238 25202 26373 12071 18497 14302 4054 6705 8017 13622
is_linear=0
shrinkage=0.05


Tree=187
num_leaves=15
num_cat=0
split_feature=29 29 79 103 85 44 96 6 104 15 27 99 97 48
split_gain=9.087 10.9075 9.47441 7.19443 7.71112 7.35432 5.82263 5.44616 5.28161 5.14712 5.09432 7.01101 4.45462 2.26401
threshold=0.59638140835670284 0.38283947738940877 0.15589131292335104 -1.3960862500687898 -0.12374785607766896 1.4097884937547607 0.66809029187329216 -0.38888597353934079 0.56826487087766997 0.28795053434883566 0.40475233389549886 0.18280989193063726 1.7879586659590578 -0.77717023626537018
decision_type=2 2 2 2 2 2 2 2 2 2 2 2 2 2
left_child=1 3 7 4 -1 -5 10 -3 9 -8 11 -2 -4 -10
right_child=6 2 12 5 -6 -7 8 -9 13 -11 -12 -13 -14 -15
leaf_value=0.0029129914561620324 -0.0076377847058737656 0.00447578106201832 -0.0094397938298251584 2.1637931632987196e-05 -0.017233750517320359 0.016895212192386103 -0.023439034007294853 0.035159147290948066 -0.0079772816041706641 -0.0062396514053458235 -0.010554890361652497 0.036745643688939476 0.017369707505499831 0.025572112462105015
leaf_weight=73.74373415671289 10.528819868653956 24.587215676816413 40.501868016886874 2191.4906733781536 111.66576230874489 56.536967930573155 85.43723714187945 41.883823603304336 2.0380450478405692 98.428075640360476 17.16262126294896 10.885126788227351 12.400659433835242 4.2172078422881887
leaf_count=12767 1028 2362 5363 288261 15245 4437 8268 3960 236 7655 1807 784 1523 402
internal_value=-0.000398241 0.000472271 0.0146194 -0.000278714 -0.00948169 0.000518945 -0.00972795 0.025879 -0.0132219 -0.0150285 0.00666873 0.0194386 -0.00139318 0.0164583
internal_weight=2781.51 2552.81 119.374 2433.44 185.409 2248.03 228.697 66.471 190.121 183.865 38.5766 21.4139 52.9025 6.25525
internal_count=354098 333918 13208 320710 28012 292698 20180 6322 16561 15923 3619 1812 6886 638
is_linear=0
shrinkage=0.05


Tree=188
num_leaves=15
num_cat=0
split_feature=92 81 78 68 78 103 49 103 52 100 13 34 52 31
split_gain=7.13288 7.06391 10.7938 25.6787 11.4425 9.06022 7.85551 4.49614 4.31431 2.48452 3.20884 1.72755 0.864755 0.854034
threshold=0.82865603758368611 0.054001818310709597 0.43219213099973947 -0.039506200830836218 0.34098780715298355 -1.0302348386787064 0.26380159335273828 -1.2646095535300075 0.13791206113967017 0.53611588517088105 -0.95691566378152426 -0.69726234437390977 0.60596794122316966 -1.208406068172269
decision_type=2 2 2 2 2 2 2 2 2 2 2 2 2 2
left_child=1 2 4 -4 -1 8 -7 11 -3 10 -9 12 -2 -13
right_child=7 5 3 -5 -6 6 -8 9 -10 -11 -12 13 -14 -15
leaf_value=-0.0011870577417799769 -0.0032790905285429439 -0.010785738381177476 0.053530699686945508 -0.0024337092466395257 -0.017780336904318756 0.0021866243643825028 0.014105726793403554 0.0023862796722098662 0.014928669367570688 0.0041078298015823486 -0.030255648421935399 0.0076145997700650921 0.025772609255551495 -0.012521218364475048
leaf_weight=1853.928752384425 0.69921269225596949 108.83823736710474 19.86666671585408 62.770124271017266 100.21164336979564 342.92880749687902 226.81133715326723 7.38016694894577 10.01297526280541 5.4429766962348358 34.842071127572126 0.4131184682119059 1.7795841956467482 3.3298929779193704
leaf_count=184967 571 10800 700 3149 27511 37759 20576 7352 6960 3936 43389 507 1471 3637
internal_value=-0.000248204 0.000138416 -0.00134382 0.0153468 -0.00212418 0.0044792 0.00709304 -0.0167628 -0.00762888 -0.0217083 -0.0251857 0.0111512 0.0215171 -0.00637522
internal_weight=2779.26 2725.37 2036.78 82.6368 1954.14 688.591 569.74 53.887 118.851 47.6652 42.2222 6.22181 2.4788 3.74301
internal_count=353285 292422 216327 3849 212478 76095 58335 60863 17760 54677 50741 6186 2042 4144
is_linear=0
shrinkage=0.05


Tree=189
num_leaves=15
num_cat=0
split_feature=48 9 54 29 60 60 104 1 85 86 14 44 49 3
split_gain=5.87219 7.29797 5.42707 12.9465 10.7626 6.92436 6.24228 6.75871 6.56956 4.19708 3.18629 4.36625 2.42237 2.25391
threshold=1.9270486861061913 0.23078477182261981 -0.30682092966699337 0.03637443699975125 0.96994082670245219 0.069562260824335739 -0.28358358915407661 2.5300420609279901 0.047187067299672571 0.047451692725960719 1.1094902452740911 0.71856461299523111 -1.7047740729732017 2.7479412447699132
decision_type=2 2 2 2 2 2 2 2 2 2 2 2 2 2
left_child=2 10 3 5 -5 -1 8 -8 -4 13 12 -12 -2 -3
right_child=1 9 6 4 -6 -7 7 -9 -10 -11 11 -13 -14 -15
leaf_value=0.007899799012045473 0.00044072228456876655 -0.0024053720572325462 0.00048346810092050635 0.030759740074617577 -0.009474559326338082 -0.011361431502924535 -0.0027255010808231311 0.024320082757340732 0.010151865367060413 -0.0087777417118733558 -0.01579956920231838 0.021768832916622509 -0.027455518593432982 0.034124363254959399
leaf_weight=93.071290258725639 8.6553918253193824 4.1088675424398406 721.95083771220743 64.557610008894699 16.294138996247057 75.321246527826588 1484.9605489998721 13.53800013118598 222.68045081352466 9.7638911986432486 6.4468264821480243 4.7421782211167738 46.788981862897344 5.4867951810156228
leaf_count=11894 1512 601 95754 7555 2235 10840 188364 889 22744 1097 1189 709 8170 768
internal_value=-2.3584e-05 -0.0121761 0.000408183 0.00728702 0.0225009 -0.000869594 -0.000320429 -0.00232156 0.00284509 0.0109354 -0.0194417 0.00288203 -0.0236987 0.0252372
internal_weight=2778.37 85.9929 2692.37 249.244 80.8517 168.393 2443.13 1498.5 944.631 19.3596 66.6334 11.189 55.4444 9.59566
internal_count=354321 14046 340275 32524 9790 22734 307751 189253 118498 2466 11580 1898 9682 1369
is_linear=0
shrinkage=0.05


Tree=190
num_leaves=15
num_cat=0
split_feature=50 73 19 87 12 39 73 36 52 33 6 48 50 45
split_gain=7.69363 8.01362 8.60303 7.14231 6.65125 8.19387 6.46334 6.79766 6.35398 7.96619 7.41893 6.08994 3.9819 3.37693
threshold=-0.38572845022707714 -0.27479313851709369 -0.39330160511796103 0.2450888005791059 -0.0051275616487668216 2.174153080673614 1.2305654722780732 -0.25274532004965072 -0.47438951710806365 -0.76937305727238958 0.68216126850570469 0.29652919685696127 -0.38572845022707913 0.96219914210025881
decision_type=2 2 2 2 2 2 2 2 2 2 2 2 2 2
left_child=1 2 11 8 5 -5 7 -3 10 -10 -2 -1 -4 -8
right_child=3 6 12 4 -6 -7 13 -9 9 -11 -12 -13 -14 -15
leaf_value=0.031476129441642596 -0.0012680816732428121 -0.0053522965724630356 -0.011065179145819283 0.019485077809742093 -0.0070793718421376583 -0.015192651714330508 -0.015460381398820078 0.023534924633408574 -0.016367683805208987 -0.0030122715664261776 0.0086296789312945103 -0.0066846077556751444 0.0024283165841467026 0.012297189739063491
leaf_weight=23.170268347486854 989.60753897484392 20.518724774039583 89.636317190252157 102.22302035346365 41.23091961890168 12.468546846183015 18.790796337525538 111.83012176741977 119.31347950239433 880.01639009004066 223.61853865138255 10.88111735518032 114.79827854222822 8.60075137298554
leaf_count=2538 74166 1907 11348 10468 3781 808 2463 12642 26244 174175 17005 1445 12857 1134
internal_value=9.41903e-06 0.00635085 0.000422743 -0.00107902 0.00893571 0.0147991 0.014655 0.018995 -0.00182181 -0.00475319 0.000611881 0.0205326 -0.00372815 -0.00578686
internal_weight=2766.7 398.226 238.486 2368.48 155.922 114.692 159.74 132.349 2212.56 999.33 1213.23 34.0514 204.435 27.3915
internal_count=352981 46334 28188 306647 15057 11276 18146 14549 291590 200419 91171 3983 24205 3597
is_linear=0
shrinkage=0.05


Tree=191
num_leaves=15
num_cat=0
split_feature=81 73 81 74 93 74 48 103 93 88 75 35 50 33
split_gain=6.04959 11.5423 10.4803 9.79821 10.7375 8.68034 6.81201 5.70121 5.69156 4.94654 4.74842 3.05828 3.79401 1.73232
threshold=-1.109801887958525 0.28325086888506928 -1.1093620528465558 -0.03875545853901164 -0.0082028037535099661 0.99357678009862493 -0.30962934525586477 -0.74750407133205554 -0.021319984382082519 -0.19532390296324378 -0.20488064414590451 -0.36441487432693326 -0.38572845022707714 1.4917696270594618
decision_type=2 2 2 2 2 2 2 2 2 2 2 2 2 2
left_child=1 11 8 4 -4 -5 7 -3 9 -2 -8 -1 -13 -10
right_child=2 6 3 5 -6 -7 10 -9 13 -11 -12 12 -14 -15
leaf_value=-0.000391453921468407 -0.014984781811416902 0.0342512136681049 0.00079680713973725396 0.012111508395580957 -0.0062593952987141255 -0.0052086944975514391 -0.014885668730885494 0.0025140303726233809 -0.031550415552057821 0.011250358229836005 0.015167038858544099 -0.0028063844320107916 0.05199192506440467 0.0044104688298423162
leaf_weight=4.2232920196547665 35.871524302841863 11.726303397110312 1317.677340940063 232.91275415336349 900.21953546676741 96.303132853245188 51.477259471699654 45.766424243338406 37.121288889957214 20.467453469522297 8.0716691877896647 2.5589665338338827 11.11924260522937 1.1648636084646558
leaf_count=361 3967 764 119461 24865 169399 13147 7506 4265 6646 1712 764 193 929 213
internal_value=-0.000980632 0.0089727 -0.00152098 -0.000880361 -0.00208247 0.00704076 0.00191523 0.0131029 -0.0170328 -0.00519461 -0.00921706 0.037891 0.0448845 -0.0297695
internal_weight=2776.68 134.943 2641.74 2547.11 2217.9 329.216 117.042 57.4927 94.6251 56.339 59.5489 17.9015 13.6782 38.2862
internal_count=354192 14782 339410 326872 288860 38012 13299 5029 12538 5679 8270 1483 1122 6859
is_linear=0
shrinkage=0.05


Tree=192
num_leaves=15
num_cat=0
split_feature=92 78 92 60 104 84 78 43 73 33 41 60 30 49
split_gain=7.68935 8.77533 15.1072 11.4559 11.1344 8.00808 8.01977 6.91038 9.79735 11.2624 6.84988 6.92912 5.37041 5.15155
threshold=0.079689905205449524 -0.56887089661165879 -0.41674899375914404 -0.054172430475723642 0.030329668382738959 1.0000000180025095e-35 -0.47894088467493751 0.21469339856713199 -0.23722385087760522 -0.43962308247399484 0.13322000576458523 0.32626362246272844 -0.27714016401870989 0.16537281003644114
decision_type=2 2 2 2 2 2 2 2 2 2 2 2 2 2
left_child=1 2 4 -4 -1 6 -3 10 12 -10 11 -2 -9 -12
right_child=7 5 3 -5 -6 -7 -8 8 9 -11 13 -13 -14 -15
leaf_value=-0.0044643055789687133 0.001922586409069654 0.021940406678466307 0.013772664009534334 -0.0046162742229020086 -0.025431693536422762 0.027302826745405375 0.0026715470114803699 0.010987272332096657 -0.016533881407378048 0.020360856324891225 -0.01683196936762919 -0.0093421819285113058 -0.0094189794707440974 -0.0033817916834078324
leaf_weight=357.85631616355386 348.02365015741998 48.334451299277134 182.44864459056407 144.32677546690684 68.753584164893255 29.058644544798881 802.59222936432343 33.197625899832929 17.679482770603499 96.661760136354133 182.47053063640851 211.83927831222536 125.4736797739497 122.65367115920526
leaf_count=38893 68283 2750 10869 7837 10145 1303 48056 7115 3651 14543 44184 49791 20098 26431
internal_value=-0.00048519 0.00171004 -0.00223602 0.00575492 -0.00834855 0.00507556 0.00400819 -0.00362345 0.00322486 0.0137853 -0.00579711 -0.00242888 -0.00475125 -0.0117042
internal_weight=2771.37 1633.37 753.385 326.775 426.61 879.985 850.927 1138 273.013 114.341 864.987 559.863 158.671 305.124
internal_count=353949 119853 67744 18706 49038 52109 50806 234096 45407 18194 188689 118074 27213 70615
is_linear=0
shrinkage=0.05


Tree=193
num_leaves=15
num_cat=0
split_feature=81 81 50 81 73 44 44 38 52 61 54 50 47 15
split_gain=9.14477 16.2292 10.7474 10.6655 16.1779 7.86382 7.77907 8.50091 6.28677 6.09247 5.66246 4.10151 2.63421 2.54959
threshold=-0.88966441441818012 -0.37043906473910565 0.13629895038164633 -1.109801887958525 0.30796278276565892 1.4097884937547607 -0.41910713154233054 0.93673011523254346 -0.40789971849769385 1.377958003661323 1.0290575472863399 -0.38572845022707714 0.12827548030064043 0.0064408745128156425
decision_type=2 2 2 2 2 2 2 2 2 2 2 2 2 2
left_child=3 2 8 4 11 12 10 -8 -2 -6 -3 -1 -5 -4
right_child=1 6 13 5 9 -7 7 -9 -10 -11 -12 -13 -14 -15
leaf_value=-0.0050778173314191891 0.013282189554047214 -0.012116544387695346 0.0036563864226662962 -0.024128136778248554 -0.0091067724976027619 0.019871312835078838 -0.0010115442381365158 0.0056143885292964666 0.042289307371343121 0.024497415022889022 0.013477861395678978 0.042004132650561424 -0.0086861108095637862 -0.021125208599724745
leaf_weight=3.1951729595602982 62.809390955371782 167.6135295086151 19.143784142572262 92.005775607594842 109.65005379256036 6.2132872889051205 1462.1802093933366 711.91495724740162 30.330348062467237 5.5365900602482716 16.23618919009823 16.736559882861911 60.640432010586665 7.8322042221989241
leaf_count=256 3416 28617 1793 11546 12791 535 185894 91460 6534 303 2539 1339 6673 573
internal_value=0.000274025 0.00127326 0.018464 -0.00791372 0.00239132 -0.0163012 0.000323268 0.00117391 0.0259125 -0.0056637 -0.00927757 0.0352817 -0.0189048 -0.00730604
internal_weight=2772.04 2478.06 120.116 293.978 135.118 158.859 2357.94 2174.1 93.1397 115.187 183.85 19.9317 152.646 26.976
internal_count=354269 320826 12316 33443 14689 18754 308510 277354 9950 13094 31156 1595 18219 2366
is_linear=0
shrinkage=0.05


Tree=194
num_leaves=14
num_cat=0
split_feature=92 88 80 72 103 104 52 81 79 5 68 38 49
split_gain=5.92703 5.45745 11.5267 9.11612 7.46637 7.81733 5.98596 4.88458 4.29644 2.78894 2.22595 1.63678 0.312778
threshold=0.82865603758368611 0.037364802449176997 -0.75962231266290869 -0.36852746188422947 -1.3960862500687898 -0.038465059149455826 -0.58983697837681526 -2.3189086107605372 -0.32439867771891751 1.8010164265418842 -0.039506200830836218 0.9262007837634294 0.36223037666903496
decision_type=2 2 2 2 2 2 2 2 2 2 2 2 2
left_child=1 4 6 -4 8 -6 -3 11 -1 10 -9 -2 -11
right_child=7 2 3 -5 5 -7 -8 9 -10 12 -12 -13 -14
leaf_value=0.0043815680283396698 -0.0060072971107318768 -0.0034944821161924872 0.0087753087188253143 -0.0059484107102687409 0.0017385459928500463 -0.0063563467447459296 0.034669014615135142 -0.024742503480897279 -0.013774240531848029 -0.0024446498994183511 0.004492066391896401 0.02591135132421267 0.013925255601312671
leaf_weight=36.304019462273573 1.5151972963503786 11.059035238693466 233.10070681047364 176.06795779088134 1734.6789856930409 349.77214843821275 35.581821966959978 44.639943925205444 141.94019220006885 0.51270779583137371 4.2411267152929204 1.1862780585070141 0.71424545719492016
leaf_count=3831 586 870 21967 16147 186600 38976 3010 50234 21697 613 8394 393 677
internal_value=0.000160274 0.000509273 0.00543819 0.00244884 -0.000503195 0.000356355 0.0266007 -0.0150261 -0.01004 -0.0193728 -0.0218739 0.0173741 0.0110002
internal_weight=2771.31 2718.5 455.81 409.169 2262.7 2084.45 46.6409 52.8095 178.244 50.108 48.8811 2.70148 1.22695
internal_count=353995 293098 41994 38114 251104 225576 3880 60897 25528 59918 58628 979 1290
is_linear=0
shrinkage=0.05


Tree=195
num_leaves=13
num_cat=0
split_feature=53 81 72 40 81 81 88 34 19 28 13 21
split_gain=6.8819 4.68288 18.5376 12.4434 9.73534 8.55267 4.30301 4.26938 3.1997 2.72873 3.68778 0.488109
threshold=5.3053119999078175 -1.109801887958525 0.065982330748933046 -0.2610206546333686 -1.0868205033581593 -0.23024162279907598 -0.19553934073376164 1.0000000180025095e-35 1.0000000180025095e-35 -0.31397356681392868 -0.86816849025810916 0.71157953918895089
decision_type=2 2 2 2 2 2 2 2 2 2 2 2
left_child=1 2 3 -1 6 -6 -3 -4 9 -2 -11 -10
right_child=8 4 7 -5 5 -7 -8 -9 11 10 -12 -13
leaf_value=-0.006975820158447367 -0.0007575599181588572 -0.022678814751128023 0.0051460282135530298 0.048593915058207364 0.0090400698091640305 -0.00084766723264007048 -0.0008954922999554831 -0.014274335624746046 -0.0082720268542056351 0.00019883249189672848 0.040486053174866254 0.0044964969327571996
leaf_weight=10.78949011104123 7.7198250610381356 59.497180329359253 56.837838627856399 26.489336540253134 231.92484715543833 2268.1794721173828 34.90795015697222 39.960787191746931 5.7699304800480586 7.4606483597308424 15.206711182836445 5.5247595466207713
leaf_count=1100 257 8343 6089 2056 23095 301132 4553 5532 217 241 483 218
internal_value=0.000305152 -3.70704e-05 0.00873786 0.0344369 -0.000522344 0.00010194 -0.0154813 -0.00345704 0.0183803 0.025022 0.031346 -0.00284776
internal_weight=2770.27 2728.59 134.077 37.2788 2594.51 2500.1 94.4051 96.7986 41.6819 30.3872 22.6674 11.2947
internal_count=353316 351900 14777 3156 337123 324227 12896 11621 1416 981 724 435
is_linear=0
shrinkage=0.05


Tree=196
num_leaves=15
num_cat=0
split_feature=45 93 22 78 59 20 45 79 45 48 99 31 104 13
split_gain=10.6206 7.50513 7.46538 7.93849 11.8464 6.36701 6.89175 5.49788 5.03788 7.75721 5.78949 4.61431 4.12423 4.11108
threshold=-1.1734383259507297 -0.0018981567504635468 -0.39253274719378284 -0.56887089661165879 0.97254986677217115 0.52518111518951549 -1.4010346013608743 -0.58668978123397142 0.34385822481041423 0.15086319061279374 -0.22347907051380117 -1.0311975997769591 -0.28358620563781806 0.19679759202287286
decision_type=2 2 2 2 2 2 2 2 2 2 2 2 2 2
left_child=1 5 8 7 -5 6 -1 -4 10 -10 -2 -7 13 -3
right_child=2 12 3 4 -6 11 -8 -9 9 -11 -12 -13 -14 -15
leaf_value=-0.0040274592436985402 0.0009777451816629975 0.0036954199001393568 0.0038502561936492813 0.004492935446122291 -0.013278243610459893 0.0082501908293967415 0.014932818012826752 -0.0054155757530656642 0.011571841706720355 -0.013114106724886991 0.023428730240344187 -0.019847993536060163 -0.020320219383872504 -0.017954971426256596
leaf_weight=110.1188827641563 43.132856062540668 51.782116497714014 204.77778754655446 1168.2570663546685 92.241726624966759 13.175653227852306 70.799357559066266 636.64090286468854 69.485811213482521 43.209560417264584 81.630874748378119 49.445980916440021 105.98425264226171 24.974126872657507
leaf_count=10641 4793 7290 16407 161612 21178 1427 6510 73065 5261 4177 7015 5125 24897 3933
internal_value=0.000237652 -0.00692758 0.00156723 0.00059721 0.00309819 -0.00104872 0.00378585 -0.0031418 0.00978241 0.00180937 0.0163156 -0.0136141 -0.0143015 -0.00460657
internal_weight=2765.66 426.28 2339.38 2101.92 1260.5 243.54 180.918 841.419 237.459 112.695 124.764 62.6216 182.74 76.7562
internal_count=353331 59823 293508 272262 182790 23703 17151 89472 21246 9438 11808 6552 36120 11223
is_linear=0
shrinkage=0.05


Tree=197
num_leaves=15
num_cat=0
split_feature=59 60 28 78 41 93 88 78 73 52 23 79 2 34
split_gain=5.6631 7.85778 8.80434 7.40655 6.14923 6.13246 22.2429 18.7189 13.1726 12.0901 6.92808 5.86377 4.19864 3.60993
threshold=-0.39375890588130008 -1.4427669360316939 -0.53342282525955687 -0.36134009983460957 -1.2747807714232049 0.0056689515057017853 -0.19561052837497153 -0.56887089661165879 -0.53435061085682001 -0.52756033397296798 0.10822931273134677 -1.2707717216715049 0.25878708205828838 0.99083267365914784
decision_type=2 2 2 2 2 2 2 2 2 2 2 2 2 2
left_child=1 12 3 -3 -4 7 9 10 -9 -7 -2 -8 13 -1
right_child=5 2 4 -5 -6 6 11 8 -10 -11 -12 -13 -14 -15
leaf_value=-0.024332257295772802 -0.0033687861040176646 0.020597485030833952 0.014515799637469115 -0.01207495944985325 -0.0076733895329549537 0.033048085036566609 0.004457733291674342 0.024187898505218297 0.0055954125779416912 0.0005517182736529913 0.0067679308744773908 -0.020565951672582447 0.0094928125292512277 0.0038755242118166562
leaf_weight=70.59666111451952 683.2092832494418 57.530601176375058 25.760059555832413 15.938667255613835 276.55224926757001 19.750802043476142 23.522856460593175 132.46084848766623 314.69604058896584 765.41574769653744 212.85777542984579 157.17921628450313 7.3197575580561525 10.276970503247865
leaf_count=11441 70065 6793 3456 3992 38671 811 5939 8037 19699 111835 15361 55411 734 1702
internal_value=8.54499e-05 -0.00489496 -0.00156044 0.012912 -0.0053784 0.00110298 -0.00192418 0.00327784 0.0115117 0.00177449 -0.000912722 -0.0172456 -0.0174971 -0.0207157
internal_weight=2773.07 463.975 375.782 73.4693 302.312 2309.09 965.869 1343.22 447.157 785.167 896.067 180.702 88.1934 80.8736
internal_count=353947 66789 52912 10785 42127 287158 173996 113162 27736 112646 85426 61350 13877 13143
is_linear=0
shrinkage=0.05


Tree=198
num_leaves=14
num_cat=0
split_feature=104 93 92 47 76 78 44 22 79 73 19 28 49
split_gain=7.57206 17.9628 10.1672 10.9562 7.96349 6.66047 8.0043 6.33943 5.71825 6.28717 5.5342 5.39543 0.453936
threshold=-0.28358358915407661 0.0057477935503283386 -0.41674899375914404 0.87181054172788663 -0.15438281287514691 -0.38719042715245261 0.39172566435201539 1.5431051966117149 -1.9653596325730007 0.89320752837505013 0.56835974333947414 1.0000000180025095e-35 2.1487127938598269
decision_type=2 2 2 2 2 2 2 2 2 2 2 2 2
left_child=7 2 3 -2 -4 11 -7 8 10 -10 -1 -3 -9
right_child=1 5 4 -5 -6 6 -8 12 9 -11 -12 -13 -14
leaf_value=0.0031281744025510603 -0.0081790703704023877 -0.011620066420970604 0.0050283125506818153 0.010535277334660987 -0.0099989206622769257 -0.024673678273209099 0.0022588060072401025 -0.023871304841721744 0.0040490975891922321 -0.0082578506943888786 0.036017277664107693 0.0092178033624159116 -0.0003039802037564706
leaf_weight=29.185300993500277 476.32429769914597 70.0097545278295 769.9680000593944 84.286875668680295 90.026327184470574 136.48245328107623 32.033466972250608 13.127841101522788 901.31890892464799 107.70399361415184 16.166032987690414 41.578200913012552 2.5269925470347507
leaf_count=3008 41478 7728 76566 5358 6731 65216 9108 1029 116330 14435 1581 4750 239
internal_value=-0.000290939 -0.00235936 -4.374e-05 -0.00523008 0.00335838 -0.0136972 -0.0197143 0.00298802 0.00355424 0.0026673 0.0192409 -0.00373623 -0.0216684
internal_weight=2770.74 1700.71 1420.61 560.611 859.994 280.104 168.516 1070.03 1054.37 1009.02 45.3513 111.588 15.6548
internal_count=353557 216935 130133 46836 83297 86802 74324 136622 135354 130765 4589 12478 1268
is_linear=0
shrinkage=0.05


Tree=199
num_leaves=15
num_cat=0
split_feature=41 50 73 59 29 47 45 60 3 49 42 54 45 21
split_gain=6.64253 5.637 10.928 7.52855 6.70975 5.98926 5.82853 5.25337 3.29337 2.05074 1.1855 1.28983 1.12425 0.338212
threshold=2.5112678300265223 -0.38572845022707714 -0.27479313851709369 1.0992980439447277 0.17024492731767335 0.30176699463366413 -1.1080276664860587 -0.18738682455185682 2.7180308700071714 0.16537281003644114 4.7870287368667102 0.56702038835194857 0.2063082728556119 1.4385490331202682
decision_type=2 2 2 2 2 2 2 2 2 2 2 2 2 2
left_child=1 2 4 -4 -1 6 -3 -7 10 12 11 -2 -10 -11
right_child=8 5 3 -5 -6 7 -8 -9 9 13 -12 -13 -14 -15
leaf_value=0.003350871724671846 -0.029544938399698864 -0.0088743125396308509 0.019611488690437461 -0.0089633103259298599 -0.016309621318482626 0.0079902821672419248 -0.0007681999903837145 -0.0001855625095078773 0.020628822782843146 -0.013417488401521394 0.0033213971079092512 0.0032970568372905381 -0.0050563336307563947 0.0021021920744259434
leaf_weight=190.39813780768964 24.198163325134381 259.4003307805342 141.22127972398812 21.194822909423237 45.428330984221247 318.76747594030167 1267.5012693930894 487.19093305777278 4.0884798863626184 4.5486046785954386 1.2286736743408244 1.2224985929788079 1.4709882676979757 1.4890510085388085
leaf_count=23503 4194 38998 14503 3579 4433 35522 169371 57549 689 613 129 167 170 211
internal_value=0.000266829 0.000589589 0.00601005 0.015579 -0.000945816 -0.000357441 -0.0021941 0.00310639 -0.0181259 0.00285103 -0.0255417 -0.0274806 0.0149509 -0.0106657
internal_weight=2769.35 2731.1 398.243 162.416 235.826 2332.86 1526.9 805.958 38.2465 11.5971 26.6493 25.4207 5.55947 6.03766
internal_count=353631 347458 46018 18082 27936 301440 208369 93071 6173 1683 4490 4361 859 824
is_linear=0
shrinkage=0.05


end of trees

feature_importances:
Column_92=142
Column_52=136
Column_103=114
Column_93=111
Column_81=90
Column_78=89
Column_48=86
Column_51=82
Column_58=81
Column_44=79
Column_104=71
Column_60=69
Column_74=69
Column_50=63
Column_88=62
Column_41=57
Column_34=54
Column_47=54
Column_80=54
Column_79=53
Column_27=49
Column_43=49
Column_73=49
Column_100=45
Column_36=43
Column_99=40
Column_49=36
Column_54=36
Column_61=36
Column_37=35
Column_68=34
Column_29=27
Column_40=27
Column_85=26
Column_59=25
Column_20=23
Column_33=23
Column_42=23
Column_45=23
Column_75=21
Column_101=21
Column_72=20
Column_19=18
Column_76=18
Column_22=17
Column_28=17
Column_35=16
Column_39=16
Column_13=15
Column_14=15
Column_87=15
Column_15=14
Column_16=14
Column_31=14
Column_38=14
Column_46=14
Column_82=14
Column_12=13
Column_84=12
Column_6=11
Column_9=11
Column_21=11
Column_30=11
Column_86=11
Column_23=10
Column_98=10
Column_8=9
Column_57=9
Column_26=8
Column_53=8
Column_96=8
Column_2=7
Column_5=7
Column_7=7
Column_83=7
Column_1=6
Column_66=4
Column_97=4
Column_11=3
Column_77=3
Column_3=2
Column_17=2
Column_64=2
Column_65=2
Column_32=1
Column_55=1
Column_69=1

parameters:
[boosting: gbdt]
[objective: binary]
[metric: binary_logloss]
[tree_learner: serial]
[device_type: cpu]
[data_sample_strategy: bagging]
[data: ]
[valid: ]
[num_iterations: 200]
[learning_rate: 0.05]
[num_leaves: 15]
[num_threads: 4]
[seed: 20260826]
[deterministic: 0]
[force_col_wise: 0]
[force_row_wise: 0]
[histogram_pool_size: -1]
[max_depth: 4]
[min_data_in_leaf: 200]
[min_sum_hessian_in_leaf: 0.001]
[bagging_fraction: 0.7]
[pos_bagging_fraction: 1]
[neg_bagging_fraction: 1]
[bagging_freq: 1]
[bagging_seed: 26062]
[bagging_by_query: 0]
[feature_fraction: 0.7]
[feature_fraction_bynode: 1]
[feature_fraction_seed: 27632]
[extra_trees: 0]
[extra_seed: 31828]
[early_stopping_round: 0]
[early_stopping_min_delta: 0]
[first_metric_only: 0]
[max_delta_step: 0]
[lambda_l1: 0]
[lambda_l2: 10]
[linear_lambda: 0]
[min_gain_to_split: 0]
[drop_rate: 0.1]
[max_drop: 50]
[skip_drop: 0.5]
[xgboost_dart_mode: 0]
[uniform_drop: 0]
[drop_seed: 14724]
[top_rate: 0.2]
[other_rate: 0.1]
[min_data_per_group: 100]
[max_cat_threshold: 32]
[cat_l2: 10]
[cat_smooth: 10]
[max_cat_to_onehot: 4]
[top_k: 20]
[monotone_constraints: ]
[monotone_constraints_method: basic]
[monotone_penalty: 0]
[feature_contri: ]
[forcedsplits_filename: ]
[refit_decay_rate: 0.9]
[cegb_tradeoff: 1]
[cegb_penalty_split: 0]
[cegb_penalty_feature_lazy: ]
[cegb_penalty_feature_coupled: ]
[path_smooth: 0]
[interaction_constraints: ]
[verbosity: -1]
[saved_feature_importance_type: 0]
[use_quantized_grad: 0]
[num_grad_quant_bins: 4]
[quant_train_renew_leaf: 0]
[stochastic_rounding: 1]
[linear_tree: 0]
[max_bin: 255]
[max_bin_by_feature: ]
[min_data_in_bin: 3]
[bin_construct_sample_cnt: 200000]
[data_random_seed: 4779]
[is_enable_sparse: 1]
[enable_bundle: 1]
[use_missing: 1]
[zero_as_missing: 0]
[feature_pre_filter: 1]
[pre_partition: 0]
[two_round: 0]
[header: 0]
[label_column: ]
[weight_column: ]
[group_column: ]
[ignore_column: ]
[categorical_feature: ]
[forcedbins_filename: ]
[precise_float_parser: 0]
[parser_config_file: ]
[objective_seed: 19760]
[num_class: 1]
[is_unbalance: 0]
[scale_pos_weight: 1]
[sigmoid: 1]
[boost_from_average: 1]
[reg_sqrt: 0]
[alpha: 0.9]
[fair_c: 1]
[poisson_max_delta_step: 0.7]
[tweedie_variance_power: 1.5]
[lambdarank_truncation_level: 30]
[lambdarank_norm: 1]
[label_gain: ]
[lambdarank_position_bias_regularization: 0]
[eval_at: ]
[multi_error_top_k: 1]
[auc_mu_weights: ]
[num_machines: 1]
[local_listen_port: 12400]
[time_out: 120]
[machine_list_filename: ]
[machines: ]
[gpu_platform_id: -1]
[gpu_device_id: -1]
[gpu_use_dp: 0]
[num_gpu: 1]

end of parameters

pandas_categorical:null
