tree
version=v4
num_class=1
num_tree_per_iteration=1
label_index=0
max_feature_idx=105
objective=binary sigmoid:1
feature_names=Column_0 Column_1 Column_2 Column_3 Column_4 Column_5 Column_6 Column_7 Column_8 Column_9 Column_10 Column_11 Column_12 Column_13 Column_14 Column_15 Column_16 Column_17 Column_18 Column_19 Column_20 Column_21 Column_22 Column_23 Column_24 Column_25 Column_26 Column_27 Column_28 Column_29 Column_30 Column_31 Column_32 Column_33 Column_34 Column_35 Column_36 Column_37 Column_38 Column_39 Column_40 Column_41 Column_42 Column_43 Column_44 Column_45 Column_46 Column_47 Column_48 Column_49 Column_50 Column_51 Column_52 Column_53 Column_54 Column_55 Column_56 Column_57 Column_58 Column_59 Column_60 Column_61 Column_62 Column_63 Column_64 Column_65 Column_66 Column_67 Column_68 Column_69 Column_70 Column_71 Column_72 Column_73 Column_74 Column_75 Column_76 Column_77 Column_78 Column_79 Column_80 Column_81 Column_82 Column_83 Column_84 Column_85 Column_86 Column_87 Column_88 Column_89 Column_90 Column_91 Column_92 Column_93 Column_94 Column_95 Column_96 Column_97 Column_98 Column_99 Column_100 Column_101 Column_102 Column_103 Column_104 Column_105
feature_infos=none [-168.78456507040931:169.06857116147285] [-0.1810293428017889:164.3145794251264] [-0.76272867002124567:1.3865618724293114] [-0.62458858632835612:13.433721853683023] [-45.280666392404648:44.317467443068892] [-1.1518285536612827:14.159056107599588] [-45.584672021015116:39.653823871805379] [-120.33422480438009:120.04937019899177] [-0.2465946050737457:116.25102586019027] [-1.044534656397438:1.0725946474554888] [-0.76967989255219071:14.84970288297907] [-31.096505539376658:46.933507679484549] [-1.3630558356639473:9.8478809592477621] [-32.476873211327415:54.685136703087892] [-82.73964299403255:82.524623990362286] [-0.3646712599072528:77.618059279688936] [-1.4964883954714046:0.88728479380702641] [-0.94740620701721545:13.257427994463171] [-22.089280894707354:29.605263052793706] [-1.5666168666550808:7.8674313542633154] [-21.25521499631213:35.750439702912999] [-50.573477101212937:50.423159552885792] [-0.4239308832132842:49.153650806318552] [-1.8010288056816479:0.94873344465095033] [-1.0861438185635304:14.252417586838485] [-16.814632724899386:20.091086173270945] [-1.6957803934273783:7.9958944280002395] [-22.003901122832087:24.656478931350911] [-46.2815246063359:46.161897304101188] [-0.47639583040119726:44.172029479340615] [-1.8109899497521467:1.2139523369543122] [-1.2461747795667217:16.257857448095969] [-14.155569457597876:14.094324802405204] [-1.8286108448064506:8.1205871792210083] [-14.092053574523259:17.488941809778773] [-37.513377762094542:36.192500371450379] [-0.6169028584496965:36.916024771851262] [-1.6010379865903666:1.8235905984462142] [-1.4900151250937879:15.876248783325581] [-10.481345114543631:10.399967351643266] [-1.9935259797144664:7.1806107644855617] [-10.438356176317811:11.350938598005524] [-27.964353721346992:27.998109846625407] [-0.73729755046515077:28.699007898687256] [-1.4757398412780072:2.4696355628794535] [-1.693000696049173:14.285469404719917] [-8.3717468772777135:8.3705459797693447] [-2.1018581685384801:5.4548302597188725] [-8.3552458786082884:8.4405240592974486] [-0.7557567695024574:68.489103064652653] [-22.033292214753576:31.92973201117945] [-0.37244897863284276:51.310339200573672] [-0.11863008139029302:13.392892533412272] [-0.063536088391673781:44.222705095041306] [-82.156096428168638:36.862765448118488] [-49.579981017499335:38.848177260625832] [-32.481669384722558:25.4488671642162] [-20.88082194372037:18.612589785710028] [-15.698656852520351:14.779016935676756] [-1.7137884194149087:1.6751106578921147] [-0.57832075115289638:19.409000813541034] none none [-0.11911849762523044:8.395001783446153] [-0.42668145581736255:2.3436687635755895] [-0.88391934858015697:1.1313249354810464] none [-0.32754806252138347:35.40202843229244] [-0.14714552609640014:6.7959932356247448] [-0.25670078379835498:3.8955860796597563] [-0.45033369365621079:2.2205755733757342] [-0.81266251871052886:70.932898514405409] [-0.59186383404894416:38.566069200974027] [-0.34605506847978079:101.48516674373685] [-0.3274339848367151:50.707115583611433] [-0.27737651575109068:111.97107910541636] [-0.16626654534889793:186.05601472248094] [-0.44350061763355486:51.578918924117836] [-93.790255262624058:30.05701713250507] [-38.163973229726032:48.561457829911546] [-82.5856603670032:39.681296798442652] [-0.23713149864821403:4.2170694560253192] [-0.18689790844269991:5.3505146650728976] [-0.16394328313649348:6.0996704523491765] [-0.35851434237315738:59.878293568836874] [-0.23978463349678047:98.415372134861826] [-0.13482764661989005:235.68759249082487] [-0.184588384663155:130.92073035274655] none none none [-2.0030892529725133:0.8244014527199276] [-0.021929842344888088:365.75902365340738] [-13.393138255795964:0.11862172613196426] none [-1.5559223937667015:1.3678480803069109] [-1.150757782717039:1.1555073776076565] [-0.82435996238695897:1.3102828913864619] [-0.43300538019462748:66.869718263664552] [-0.30039693283101726:100.47277536478298] [-0.20131121321449053:204.68422183370143] [-0.20087704742165635:4.978169546188747] [-1.9622165756305938:1.6718013071866249] [-0.44264212931764207:28.327460973652713] none
tree_sizes=1749 1808 1806 1801 1801 1799 1811 1808 1791 1795 1809 1801 1805 1804 1807 1805 1813 1826 1803 1804 1816 1807 1823 1800 1807 1814 1802 1805 1818 1817 1807 1806 1814 1812 1805 1810 1812 1799 1799 1804 1805 1802 1817 1813 1810 1807 1805 1805 1812 1806 1804 1804 1808 1816 1809 1809 1806 1817 1810 1788 1808 1808 1797 1811 1809 1577 1805 1804 1809 1822 1797 1811 1813 1819 1809 1807 1813 1802 1824 1820 1810 1812 1802 1820 1822 1803 1819 1811 1816 1691 1829 1689 1817 1811 1810 1807 1809 1809 1582 1794 1823 1794 1813 1794 1809 1826 1827 1810 1828 1807 1814 1809 1805 1815 1824 1809 1818 1256 1812 1825 1697 1810 1817 1824 1819 1691 1812 1819 1812 1836 1816 1693 1823 1827 1693 1589 1801 1812 1828 1680 1823 1830 1817 1818 1824 1700 1811 1820 1822 1371 1804 1806 1811 1818 1822 1815 1804 1815 1817 1811 1589 1802 1798 1820 1826 1820 1819 1470 1796 1253 1825 1821 1814 1815 1684 1812 1795 1824 1798 1808 1816 1814 1801 1826 1817 1832 1805 1677 1799 1812 1812 1828 1823 1830 1818 1791 1816 1820 1819 1794

Tree=0
num_leaves=15
num_cat=0
split_feature=92 68 92 93 52 52 93 93 68 73 92 52 74 78
split_gain=3143.98 7098.97 5534.79 2083.26 1248.17 596.172 228.481 197.249 103.524 101.924 100.409 65.7121 36.763 32.7199
threshold=0.58553693236927506 -0.31841067998477257 -1.8787134383408024 -0.01891269075982888 -0.34659685203449203 -0.33483565888667804 -0.012126150892824279 -0.01202374146992807 -0.32754717030309427 -0.57163643502431649 0.74163461974529865 -0.01917303242001522 0.34526636180211484 -0.23533755740143839
decision_type=2 2 2 2 2 2 2 2 2 2 2 2 2 2
left_child=1 2 8 5 -4 -3 9 -5 -1 13 12 -11 -8 -2
right_child=6 3 4 7 -6 -7 10 -9 -10 11 -12 -13 -14 -15
leaf_value=-2.5948666549957147 -2.5840577244874399 -2.3429170361331972 -2.489318067989128 -2.4749548852089029 -2.5365379646382613 -2.4520369015594374 -2.5833525858282753 -2.5418002405067979 -2.5127254637001806 -2.5251964789363099 -2.5962469151071423 -2.5665542817050957 -2.5670191656765113 -2.5505370394809073
leaf_weight=3917.1374433748424 285.62953015230596 557.04575208609458 2336.8632007301785 215.26741166121792 3484.7039088066667 197.45948688682984 1807.5703620278509 221.2925704770023 31.759362665936351 255.20092085603392 1813.6606412999099 141.7995559994597 470.00625350873452 97.540839182562195
leaf_count=58610 5351 24596 39750 11582 64428 11053 53921 11132 987 14022 81709 9774 11818 5987
internal_value=-2.54924 -2.53438 -2.54849 -2.41967 -2.51751 -2.36983 -2.58262 -2.50791 -2.59412 -2.5577 -2.58734 -2.54003 -2.58007 -2.57577
internal_weight=15832.9 10961.5 9770.46 1191.07 5821.57 754.505 4871.41 436.56 3948.9 780.171 4091.24 397 2277.58 383.17
internal_count=404720 222138 163775 58363 104178 35649 182582 22714 59597 35134 147448 23796 65739 11338
is_linear=0
shrinkage=1


Tree=1
num_leaves=15
num_cat=0
split_feature=92 52 53 93 93 104 93 104 79 52 73 52 74 93
split_gain=2828.06 5236.23 3331.78 2172.19 959.316 565.457 232.305 210.699 133.195 97.7013 94.3923 68.8468 51.0828 25.9304
threshold=0.58553693236927506 -0.37244897475502431 -0.056741866072523094 -0.016290489379495499 -0.021929842271712015 -0.44264194869784262 -0.01202374146992807 -0.3749984385998742 0.60577926452145447 0.032446967416133753 -0.57682026393255426 -0.01917303242001522 0.73297555141196968 -0.021236521479563935
decision_type=2 2 2 2 2 2 2 2 2 2 2 2 2 2
left_child=1 2 8 4 -3 -5 10 -4 -1 12 13 -12 -8 -2
right_child=6 3 7 5 -6 -7 9 -9 -10 -11 11 -13 -14 -15
leaf_value=-0.0437705182912674 -0.032836175154829846 0.053017595664969552 0.066320674738627905 0.032577139080102263 0.11619108863429845 -0.0040648937169297733 -0.033146407368537162 0.1883021033345792 0.047382711289671135 -0.046111635529442842 0.023879415111953337 -0.018057343666472211 -0.010979497132162635 -0.0025314052164859165
leaf_weight=3766.4324386389926 277.68407555541489 1868.3854073593393 65.172400867566466 2501.6710106111132 903.48123959617806 1809.3511156950844 1810.7121564748231 148.66686306911288 32.759937329683453 1807.9166008894681 264.45857910602354 143.20943262052606 318.10927879996598 95.878633356740465
leaf_count=59009 5400 32401 1895 42631 36996 42723 54742 5767 678 83947 14351 10083 7613 5899
internal_value=-0.000123917 0.0136635 -0.0319181 0.0394978 0.0739525 0.0172245 -0.0325101 0.155749 -0.0428622 -0.0374435 -0.007491 0.00906786 -0.0299008 -0.0253269
internal_weight=15813.9 11095.9 4013.03 7082.89 2771.87 4311.02 4717.97 213.839 3799.19 3936.74 781.231 407.668 2128.82 373.563
internal_count=404135 222100 67349 154751 69397 85354 182035 7662 59687 146302 35733 24434 62355 11299
is_linear=0
shrinkage=0.05


Tree=2
num_leaves=15
num_cat=0
split_feature=52 68 92 51 93 78 93 93 92 51 68 52 74 81
split_gain=2552.49 4937.17 4495.08 1152.42 1037.64 325.541 258.79 212.388 116.781 92.2808 87.5751 52.2767 46.8173 36.3912
threshold=-0.24065054486949941 -0.31977277357945816 -1.7644493701097368 0.23521550964930674 -0.020676920400358043 -0.40445459327224592 -0.013776501084049739 -0.012126150892824279 0.74163461974529865 -0.32543928750324441 -0.32754717030309427 -0.0037330783312511519 0.73297555141196968 -2.1474372499722332
decision_type=2 2 2 2 2 2 2 2 2 2 2 2 2 2
left_child=1 2 10 -4 5 -3 -6 9 12 -2 -1 -11 -9 -10
right_child=7 4 3 -5 6 -7 -8 8 13 11 -12 -13 -14 -15
leaf_value=-0.044164274932163544 -0.031411620787099019 0.016517390136236303 0.041034399873132024 -0.00636360342107899 0.076450924680172394 0.14827740207469398 0.011621741109201189 -0.031191172302043858 -0.007161552171775127 0.014377372729002476 0.031227602290045273 -0.018814533948325319 -0.010742753031955049 -0.047364981145065668
leaf_weight=3648.1683546695858 258.43741524918005 53.038674330338836 4198.4771847068332 1840.9902509981766 414.01377497799695 704.19282721460331 248.12111094163265 1905.0152638165746 62.35305808193516 381.11795995463035 32.310304968617857 160.62206680179224 343.97018376737833 1606.146439694392
leaf_count=58911 5778 1503 72214 29791 18620 24906 12175 59399 2637 19352 924 11361 8326 78836
internal_value=-0.000226247 0.0128286 6.92978e-05 0.0265996 0.0995937 0.139384 0.0526919 -0.0310132 -0.0357993 -0.00742921 -0.0434196 0.00437357 -0.0281251 -0.0459142
internal_weight=15857 11139.3 9719.95 6039.47 1419.37 757.232 662.135 4717.66 3917.48 800.177 3680.48 541.74 2248.99 1668.5
internal_count=404733 219044 161840 102005 57204 26409 30795 185689 149198 36491 59835 30713 67725 81473
is_linear=0
shrinkage=0.05


Tree=3
num_leaves=15
num_cat=0
split_feature=52 52 94 93 92 51 78 93 79 92 78 52 74 81
split_gain=2386.23 4177.19 2590.1 1580.53 853.288 640.154 369.164 222.69 116.882 105.802 94.8807 67.2363 40.6318 36.4256
threshold=-0.24065054486949941 -0.37244897475502431 0.047817358992047851 -0.016983246603331139 0.053641659829709566 0.23521550964930674 -0.40880026875930925 -0.012126150892824279 0.57848753497895744 0.73715143982844034 -0.24572033895436227 -0.0037330783312511519 0.73297555141196968 -1.8001221405589571
decision_type=2 2 2 2 2 2 2 2 2 2 2 2 2 2
left_child=1 2 6 4 -3 -5 -1 10 -4 12 -2 -12 -9 -11
right_child=7 3 8 5 -6 -7 -8 9 -10 13 11 -13 -14 -15
leaf_value=0.0021902112541648581 -0.026381282673443619 0.087587588242161063 -0.042805869556912506 0.029552428302271512 0.034253254573516995 -0.0098448658739024811 0.14572409453196025 -0.03080652539780275 0.038347966333885687 -0.01147692934797221 0.021224408649324848 -0.018436256340558708 -0.01116167440580889 -0.046685693839844784
leaf_weight=56.514615444932133 331.82010696223006 1552.628178895684 3491.8146945731714 2740.2154957404127 1482.1487670541974 1643.0877603497356 211.89924521255307 1783.9839662677259 37.657838363200426 84.981189851590898 312.84179915653658 150.67594755053869 326.28292467677966 1599.9317631772428
leaf_count=1533 6691 32638 58947 54737 34643 29102 6234 56609 729 3652 18601 11223 7850 81184
internal_value=-0.000190216 0.0122386 -0.0303551 0.0340571 0.0617378 0.0147955 0.116667 -0.030518 -0.0418341 -0.0355491 -0.00636725 0.00821482 -0.0278361 -0.0449881
internal_weight=15806.5 11216 3797.89 7418.08 3034.78 4383.3 268.414 4590.52 3529.47 3795.18 795.338 463.518 2110.27 1684.91
internal_count=404373 218563 67443 151120 67281 83839 7767 185810 59676 149295 36515 29824 64459 84836
is_linear=0
shrinkage=0.05


Tree=4
num_leaves=15
num_cat=0
split_feature=92 92 68 51 92 68 92 68 100 68 81 74 92 104
split_gain=2113.55 3521.29 2830.72 1204.14 1432.17 190.173 166.729 93.3804 89.364 53.9091 39.6808 37.1271 27.0128 18.3319
threshold=0.60568326168987408 -2.0030884045136608 -0.31377269333976715 0.23521550964930674 -0.011066212451110542 -0.32754717030309427 0.73715143982844034 -0.32754717030309427 -0.12783178287262734 -0.32753356226772218 -1.8001221405589571 0.73297555141196968 0.67626099544197349 -0.41059111546000288
decision_type=2 2 2 2 2 2 2 2 2 2 2 2 2 2
left_child=1 2 7 4 -3 -5 9 -1 -4 11 13 -2 -11 -8
right_child=6 3 8 5 -6 -7 10 -9 -10 12 -12 -13 -14 -15
leaf_value=-0.043676897204949439 -0.029441160673184232 0.069614696354241501 0.13092632558251843 -0.0076652573024716206 0.019395306646776078 0.043002130140180311 0.010934764734239995 0.02575501317311529 0.054553408751196811 0.0027996157305247692 -0.044206439299478671 -0.009138982962102556 -0.018224598786972732 -0.031118246244676174
leaf_weight=3351.4723970973864 1540.6077241556486 2506.6144909289433 229.03055453090928 1922.3716415767558 3282.7111844207975 194.86434790003113 49.594183760345913 43.024555344134569 70.75146663794294 268.74534533487167 1676.3849558693473 276.78941126959398 337.05380283936393 36.999149963608943
leaf_count=58362 34850 45713 5903 31319 75371 7417 1297 1133 2036 16905 91040 5779 24327 2409
internal_value=-0.000371941 0.0106195 -0.0296285 0.0294388 0.0412214 -0.00282175 -0.0307845 -0.0427238 0.115244 -0.0221179 -0.0425047 -0.0264161 -0.00900381 -0.00839481
internal_weight=15787 11600.8 3694.28 7906.56 5789.33 2117.24 4186.17 3394.5 299.782 2423.2 1762.98 1817.4 605.799 86.5933
internal_count=403861 227254 67434 159820 121084 38736 176607 59495 7939 81861 94746 40629 41232 3706
is_linear=0
shrinkage=0.05


Tree=5
num_leaves=15
num_cat=0
split_feature=92 92 68 93 68 92 93 68 92 73 50 68 74 74
split_gain=1995.85 3120.74 2463.7 1255.36 605.379 500.588 135.468 128.087 70.759 62.2326 59.695 33.4986 25.3454 20.6895
threshold=0.63651683569031159 -2.0030884045136608 -0.32753926710174303 -0.014216212921736504 -0.2762613299372107 0.1180592039383012 -0.012848657480538636 -0.24514739009533965 0.74163461974529865 -0.53245285151359945 0.52795382720489037 -0.31230056192711181 0.73297555141196968 2.284216946333848
decision_type=2 2 2 2 2 2 2 2 2 2 2 2 2 2
left_child=1 2 10 4 -3 -5 9 -4 12 -2 -1 -11 -8 -10
right_child=6 3 7 5 -6 -7 8 -9 13 11 -12 -13 -14 -15
leaf_value=-0.045640242226516921 -0.024426489950867991 0.035538215787150156 0.042481235086418365 0.025612468791131299 0.08129480984280793 -0.0063977255436861464 -0.031371865499245553 0.11302138920139282 -0.045649420455580875 0.036897783355457008 -0.024368430434422956 -0.0022850156943743402 -0.013820235456884856 -0.018510017664950151
leaf_weight=2832.6299649700522 298.34765165616409 2581.3324596770108 108.48413031641394 2443.8228395737242 1014.3361292621412 2425.345492712222 1403.6649266763125 250.40675917884801 1410.7036121928541 65.16475082654506 416.09312635567039 195.07678574044257 267.82021149492357 93.476347230258398
leaf_count=51262 10524 41188 2528 38538 37375 54708 48952 6283 79557 1422 7578 14329 6905 3626
internal_value=-0.000202941 0.00968145 -0.0292062 0.0262698 0.0486358 0.00968767 -0.0320987 0.0934284 -0.0360862 -0.009193 -0.0429989 0.0085287 -0.0286585 -0.0440962
internal_weight=15806.7 12072.5 3607.61 8464.84 3595.67 4869.17 3734.25 358.891 3175.67 558.589 3248.72 260.242 1671.49 1504.18
internal_count=404775 239460 67651 171809 78563 93246 165315 8811 139040 26275 58840 15751 55857 83183
is_linear=0
shrinkage=0.05


Tree=6
num_leaves=15
num_cat=0
split_feature=92 92 68 93 92 81 93 68 92 73 50 92 81 74
split_gain=1898.63 2934.04 2182.67 1050.06 529.904 417.452 155.305 100.532 82.7226 62.6693 55.1798 52.2222 36.4892 35.1557
threshold=0.60568326168987408 -2.0030884045136608 -0.32754717030309427 -0.01474858039861819 -0.11766328887695025 0.087976257927834173 -0.011397399728808872 -0.24514739009533965 0.74163461974529865 -0.57682026393255426 1.0000000180025095e-35 0.72603257246155173 -1.6781487076170658 0.34526636180211484
decision_type=2 2 2 2 2 2 2 2 2 2 2 2 2 2
left_child=1 2 10 4 -3 -5 9 -4 13 -2 -1 -11 -10 -8
right_child=6 3 7 5 -6 -7 8 -9 12 11 -12 -13 -14 -15
leaf_value=-0.045406116721764894 -0.025380194135015639 0.071452995790574056 0.038159022654266239 -0.0042185756315823789 0.031414470949139392 0.025620750074125433 -0.031431559225988205 0.098251890124134461 -0.011198583739812931 0.016776923086297506 -0.025821450712359674 -0.01933719071143487 -0.046336413446122604 -0.014241414320026999
leaf_weight=2657.5462251966819 328.94066265519359 1305.5442792142276 116.93987953476608 2429.6940348664066 2310.4166788815637 2250.2178641064093 1431.7286880177562 272.61166472733021 86.153096235997509 262.60813737034914 469.88917060289532 148.42895846016472 1314.7705635324237 406.75281712936703
leaf_count=50016 11163 24398 2660 49024 49650 37140 49630 6340 3920 13763 8756 11512 75498 11098
internal_value=-0.000455498 0.00960913 -0.0286089 0.0258264 0.0460276 0.010153 -0.0302817 0.0816191 -0.034995 -0.00945685 -0.0425553 0.00358627 -0.0442702 -0.027726
internal_weight=15792.2 11812.9 3516.99 8295.87 3615.96 4679.91 3979.38 389.552 3239.41 739.978 3127.44 411.037 1400.92 1838.48
internal_count=404568 227984 67772 160212 74048 86164 176584 9000 140146 36438 58772 25275 79418 60728
is_linear=0
shrinkage=0.05


Tree=7
num_leaves=15
num_cat=0
split_feature=92 92 68 92 68 68 93 68 92 93 68 50 81 81
split_gain=1717.67 2582.14 1958.33 959.372 645.332 244.412 148.921 85.9033 74.916 62.3498 85.8161 58.6979 36.0603 35.2666
threshold=0.62165176626191687 -2.0030884045136608 -0.32754717030309427 0.25958212718354096 -0.24554798099335243 -0.32744325271255076 -0.012126150892824279 -0.23484422490271203 0.7430024902230109 -0.021390251362358569 -0.32750417269480142 0.5279538272048877 -0.85317272061304072 -1.8001221405589571
decision_type=2 2 2 2 2 2 2 2 2 2 2 2 2 2
left_child=1 2 11 4 -3 -5 9 -4 12 -2 -11 -1 -8 -10
right_child=6 3 7 5 -6 -7 8 -9 13 10 -12 -13 -14 -15
leaf_value=-0.044826296839332272 -0.026282095354328117 0.028136349256028332 0.037290561187940115 -0.009425470077807566 0.077426179659722552 0.025847045249582187 -0.0080684610253543999 0.089611629559974329 -0.0093028446893549787 0.066391616768870051 -0.0039023640770095703 -0.023661098176992482 -0.030260848166456369 -0.045691579363337981
leaf_weight=2593.8673994708806 261.26600412954576 5163.9499343545176 139.21493601053953 2103.0927751674317 758.31211609591264 629.85222476464696 218.38439684605692 271.90940669411793 76.374763678526506 39.734132963465527 335.08096028841101 416.93897621426731 1495.9671266126097 1267.7081562440144
leaf_count=50830 5727 76714 3030 37117 22241 29800 5910 5923 3522 765 24565 7945 53462 76884
internal_value=-0.000385556 0.00874384 -0.0279717 0.0232753 0.0345675 -0.00123174 -0.030172 0.0732009 -0.0347404 -0.0080085 0.00508114 -0.0419834 -0.027497 -0.0437078
internal_weight=15771.7 12077.1 3421.93 8655.21 5922.26 2732.94 3694.52 411.124 3058.43 636.081 374.815 3010.81 1714.35 1344.08
internal_count=404435 233600 67728 165872 98955 66917 170835 8953 139778 31057 25330 58775 59372 80406
is_linear=0
shrinkage=0.05


Tree=8
num_leaves=15
num_cat=0
split_feature=52 52 53 51 52 78 78 52 78 80 74 51 74 100
split_gain=1613.87 2292.87 1392.19 909.627 925.37 188.858 142.566 129.2 90.1346 87.9527 36.9077 14.5284 13.8336 6.2882
threshold=-0.20441017190114 -0.37244897475502431 -0.044111287153858127 0.3928996713484591 -0.34148288206337657 -0.38707189132399239 -0.26653794607801912 0.11711829216256871 0.078045495836311277 0.71065781024769792 0.66553613766873509 0.3928996713484591 2.284216946333848 4.5948921618455776
decision_type=2 2 2 2 2 2 2 2 2 2 2 2 2 2
left_child=1 2 9 4 -3 -4 -5 8 10 -1 -2 -10 13 -9
right_child=7 3 5 6 -6 -7 -8 12 11 -11 -12 -13 -14 -15
leaf_value=-0.039315983140694448 -0.028708783636466614 0.052019028784116177 -0.0028052517584543375 -0.0088013496689276077 0.014290495036567775 0.081715831816645434 0.042668230591135343 -0.044423800291028548 0.000373661585104445 0.039112047219260461 -0.010488577135127547 0.029630233975116937 -0.018328071092042642 0.0040897091270170353
leaf_weight=2915.9804951809347 1757.7380959482398 2940.5041888639098 84.061793508473784 2120.6531259880867 3642.333618329023 288.38461207714863 133.74177492968738 1157.8791879028431 174.94119787553791 28.643384505063295 348.18234996311367 46.133805588469841 74.616652314201929 5.0945662219892247
leaf_count=59175 64898 46302 1864 36871 80022 5876 3581 76326 12844 527 9844 2126 3222 522
internal_value=-0.000158671 0.00852076 -0.0268727 0.0218211 0.0311969 0.0630647 -0.00557297 -0.0296943 -0.022582 -0.0384233 -0.0257602 0.00749697 -0.0427791 -0.0441782
internal_weight=15718.9 12154.3 3317.07 8837.23 6582.84 372.446 2254.39 3564.59 2327 2944.62 2105.92 221.075 1237.59 1162.97
internal_count=404000 234218 67442 166776 126324 7740 40452 169782 89712 59702 74742 14970 80070 76848
is_linear=0
shrinkage=0.05


Tree=9
num_leaves=15
num_cat=0
split_feature=92 92 68 51 92 93 92 72 68 44 50 92 81 81
split_gain=1435.17 2143.1 1700.06 711.434 680.432 186.195 91.7181 73.0781 70.6323 61.8327 49.5425 32.8618 29.4869 28.2508
threshold=0.58553693236927506 -2.0030884045136608 -0.32754717030309427 0.4629815209925307 -0.18642179662684166 -0.01202374146992807 0.73868815606836291 -0.79034486135617177 -0.32754717030309427 0.50197474943929843 1.0000000180025095e-35 0.74163461974529865 -1.8001221405589571 -0.785044894676452
decision_type=2 2 2 2 2 2 2 2 2 2 2 2 2 2
left_child=1 2 10 4 -3 7 13 -2 -5 -4 -1 -9 -8 -7
right_child=5 3 9 8 -6 6 12 11 -10 -11 -12 -13 -14 -15
leaf_value=-0.0437654390573885 -0.026921282150241244 0.050173782875546927 0.070178116285764411 -0.016250552247907401 0.017182203331586914 -0.0086204437272077699 -0.010850876680357191 0.013362840549480951 0.026625739202083682 0.013574290247715191 -0.024432686275137214 -0.016516100629903812 -0.044044241295560664 -0.027011468687134679
leaf_weight=2348.1722626006231 226.7762827500701 2266.5128735944163 389.15979078586679 1183.8614998469129 5046.4834258203628 255.19302782934392 78.810783164459281 394.63238939232542 95.51445778645575 61.106365763582289 437.0802058968693 109.93100565992063 1238.9656784194231 1537.6569697707309
leaf_count=49608 6043 34810 7710 18469 98210 6934 3595 20479 3073 1303 8828 9065 79797 55999
internal_value=-0.00023298 0.0083933 -0.0262369 0.0214489 0.0274618 -0.0267427 -0.0320654 -0.00397669 -0.0128679 0.0629581 -0.0408299 0.00665855 -0.0421558 -0.024456
internal_weight=15669.9 11827.9 3235.52 8592.37 7313 3841.97 3110.63 731.34 1279.38 450.266 2785.25 504.563 1317.78 1792.85
internal_count=403923 222011 67449 154562 133020 181912 146325 35587 21542 9013 58436 29544 83392 62933
is_linear=0
shrinkage=0.05


Tree=10
num_leaves=15
num_cat=0
split_feature=52 52 78 52 51 78 78 104 52 78 81 81 51 79
split_gain=1414.83 1854.6 935.719 825.223 690.69 263.664 103.68 103.136 101.33 59.3007 49.8719 14.8249 11.8155 8.37455
threshold=-0.17856185978349667 -0.37244897475502431 -0.23531153539253383 -0.31898342936343443 0.23521550964930674 -0.24832253984481936 -0.44348760662910253 -0.44261396930575009 0.18213348536696272 0.12985531556531235 -0.94357205269918076 -2.3766094066167587 0.37537920893744275 -3.6289359228876945
decision_type=2 2 2 2 2 2 2 2 2 2 2 2 2 2
left_child=1 2 6 4 -3 -5 -1 -4 9 10 -2 -10 -11 -13
right_child=8 3 7 5 -6 -7 -8 -9 11 12 -12 13 -14 -15
leaf_value=-0.041695164825193372 -0.0039229156647770779 0.037670283744391485 -0.030003582902516975 -0.0094772540825520113 -0.0020411812728272929 0.029442272476507877 -0.019856539449387183 0.055883359283606299 -0.0078631217637712345 -0.0047405762976788935 -0.029209362240460713 0.0079966012960437302 0.021901819702657893 -0.044786543136081408
leaf_weight=1986.4649173924699 223.63627754565096 4963.0917958737118 32.578232169151306 2510.6298599562142 1402.8090975889936 516.04528221991495 787.64758863672614 341.17977481987327 33.446328322403133 157.56234718306223 1715.9069707280141 4.7551632737158789 45.457306177471764 945.67558661315707
leaf_count=43248 6678 77618 681 55722 22053 21581 16986 6483 1788 12308 67817 1149 2144 67844
internal_value=8.8379e-05 0.00759491 -0.0255659 0.0187239 0.0289299 -0.00276641 -0.0355882 0.0478104 -0.0299492 -0.0236504 -0.0263288 -0.0432901 0.00197293 -0.0444419
internal_weight=15666.9 12540.4 3147.87 9392.58 6365.9 3026.68 2774.11 373.758 3126.44 2142.56 1939.54 983.877 203.02 950.431
internal_count=404100 244372 67398 176974 99671 77303 60234 7164 159728 88947 74495 70781 14452 68993
is_linear=0
shrinkage=0.05


Tree=11
num_leaves=15
num_cat=0
split_feature=52 52 68 93 51 51 78 93 52 51 50 75 74 68
split_gain=1258.14 1690.79 1486.37 723.385 370.758 319.192 156.615 107.902 63.5204 42.1653 42.1214 32.1083 31.1271 29.7319
threshold=-0.17856185978349667 -0.37244897475502431 -0.32754717030309427 -0.014430464742595342 -0.32543928750324441 0.74330891956880374 -0.41985962254375192 -0.01202374146992807 0.14695176587225203 0.3928996713484591 0.5279538272048877 0.26483158145010649 0.86785437889843842 -0.32744325271255076
decision_type=2 2 2 2 2 2 2 2 2 2 2 2 2 2
left_child=1 2 10 4 -3 -5 -4 9 12 11 -1 -2 -9 -11
right_child=7 3 6 5 -6 -7 -8 8 -10 13 -12 -13 -14 -15
leaf_value=-0.043090077768799875 -0.020911379666544591 0.0097790981272176808 -0.015311232628746035 0.010847863970723879 0.04208837573779152 -0.01939719437013452 0.066604864856221732 -0.030175731393908306 -0.043983755458473064 0.041808897354155994 -0.023886243895307774 0.01658738457021941 -0.010563089484655029 -0.0086040135886290836
leaf_weight=2230.9671152755618 368.5349315944477 1280.5161330346018 63.99565343465656 4209.7195153068751 2941.5605922539253 1090.0341380885802 406.14522636006586 1317.1007068559411 942.82392876435188 53.26008803746663 376.53309096675366 59.53213506238535 255.50771992548835 49.094702079659328
leaf_count=50520 18510 19210 1430 77583 60164 19833 7532 55874 68730 1070 7999 5441 7347 2856
internal_value=-0.000467166 0.00650875 -0.0256545 0.0169206 0.0323355 0.00460235 0.0553678 -0.0292506 -0.0335624 -0.00855988 -0.0404188 -0.0154367 -0.0270761 0.0190146
internal_weight=15645.3 12599.5 3077.64 9521.83 4222.08 5299.75 470.141 3045.85 2515.43 530.422 2607.5 428.067 1572.61 102.355
internal_count=404099 244271 67481 176790 79374 97416 8962 159828 131951 27877 58519 23951 63221 3926
is_linear=0
shrinkage=0.05


Tree=12
num_leaves=15
num_cat=0
split_feature=92 92 68 51 51 93 92 93 68 68 100 74 81 51
split_gain=1155.76 1644.61 1382.45 533.58 546.042 161.835 95.7156 72.0613 69.5785 60.7178 55.4926 38.1572 32.927 31.8626
threshold=0.57259095850534591 -2.0030884045136608 -0.32754717030309427 0.74330891956880374 -1.0087373215329134 -0.01202374146992807 0.74163461974529865 -0.020676920400358043 -0.32754717030309427 -0.32752580094373457 -0.14893363248515781 0.34526636180211484 -1.8001221405589571 1.0937181677891485
decision_type=2 2 2 2 2 2 2 2 2 2 2 2 2 2
left_child=1 2 13 4 -3 7 11 -2 -5 -9 -4 -7 -8 -1
right_child=5 3 10 8 -6 6 12 9 -10 -11 -12 -13 -14 -15
leaf_value=-0.041615212576747551 -0.023286643956060352 -0.0067428565676897383 0.062172232392428188 -0.016420692515337256 0.02874482986365437 -0.026630506952442796 -0.0073014384508730441 0.053347488883926625 0.026097795678083416 0.0010586569251267966 0.021691630917893744 -0.0090581253434332491 -0.043649876903350891 -0.021371337595028177
leaf_weight=2264.0191874569282 285.74922249009251 1299.501718799118 352.92643323144875 1113.5993179390207 6424.4961787106004 1391.6743888674828 70.858185528137255 54.322620508261025 96.314589803572744 408.80420272768242 129.58083331934176 413.92544096603524 1066.1963502202707 249.20188158750534
leaf_count=52733 6832 18606 6122 17703 112678 54724 3477 956 2959 28870 2786 12088 77501 5774
internal_value=-0.000375804 0.00719213 -0.0248132 0.0179399 0.0227733 -0.0247859 -0.0300521 -0.00396927 -0.0128498 0.00818981 0.051962 -0.0226742 -0.0414681 -0.0397006
internal_weight=15621.2 11929.6 2995.73 8933.91 7724 3691.53 2942.65 748.876 1209.91 463.127 482.507 1805.6 1137.05 2513.22
internal_count=403809 219361 67415 151946 131284 184448 147790 36658 20662 29826 8908 66812 80978 58507
is_linear=0
shrinkage=0.05


Tree=13
num_leaves=15
num_cat=0
split_feature=92 92 68 92 51 78 78 92 50 78 74 68 74 93
split_gain=1070.2 1369.35 1246.93 596.054 516.282 227.748 125.918 108.469 60.6569 51.2326 37.1561 27.8747 13.5584 12.552
threshold=0.64834300264741895 -2.0030884045136608 -0.32754717030309427 0.15020934907001618 0.23521550964930674 -0.24832253984481936 -0.42371087986162853 0.75743168365709079 0.5279538272048877 0.089495179754322571 0.73297555141196968 -0.32754717030309427 4.0035173603038645 -0.012629093022319108
decision_type=2 2 2 2 2 2 2 2 2 2 2 2 2 2
left_child=1 2 8 4 -3 -5 -4 9 -1 10 -2 -11 13 -9
right_child=7 3 6 5 -6 -7 -8 12 -10 11 -12 -13 -14 -15
leaf_value=-0.04184856535420111 -0.026600857982438882 0.033483618295715126 -0.017921741259286927 -0.0044663209854166105 -0.0034069240316167574 0.027663731733703012 0.056547182091545113 -0.017757642199120505 -0.018717970543277018 0.043264347103203565 -0.006683856562423561 -0.0049246231093560923 -0.00058456211619255043 -0.044036964355296346
leaf_weight=2073.9148100195453 1457.6805744086741 4463.6583439287497 60.201897122431546 3455.5672520467779 1201.3610489722341 645.9252019393025 440.77660207310691 67.491011726990109 355.68939877673984 25.489700404228643 288.21578241395764 185.49534520792076 20.166072714782786 851.22919682072825
leaf_count=50631 61807 63705 1311 70655 18302 24244 7678 5501 8000 497 8661 14367 1033 67851
internal_value=-8.13474e-05 0.00617863 -0.0237442 0.0151725 0.0256682 0.00064867 0.0474228 -0.0274563 -0.0385529 -0.0205717 -0.0233697 0.00259157 -0.0414376 -0.0423184
internal_weight=15592.9 12697.1 2930.58 9766.51 5665.02 4101.49 500.978 2895.77 2429.6 1956.88 1745.9 210.985 938.886 918.72
internal_count=404243 244526 67620 176906 82007 94899 8989 159717 58631 85332 70468 14864 74385 73352
is_linear=0
shrinkage=0.05


Tree=14
num_leaves=15
num_cat=0
split_feature=52 52 68 78 92 92 78 92 50 78 75 68 81 79
split_gain=965.04 1240.75 1155.2 565.712 436.83 136.127 135.921 120.421 58.0357 56.1844 35.664 17.6203 13.2481 6.67234
threshold=-0.19454759613149988 -0.37244897475502431 -0.32754717030309427 -0.24832253984481936 0.28125299504100226 0.19836231782945507 -0.36281937902493216 0.76107733282596202 1.0000000180025095e-35 0.10932395053960571 0.66936245617541978 -0.32754379645032605 -2.3766094066167587 -3.6289359228876945
decision_type=2 2 2 2 2 2 2 2 2 2 2 2 2 2
left_child=1 2 8 4 -3 -5 -4 9 -1 10 -2 -11 -9 -14
right_child=7 3 6 5 -6 -7 -8 12 -10 11 -12 -13 13 -15
leaf_value=-0.041502500654951091 -0.023863363917142204 0.016668796758265231 -0.00079831561472541886 0.058321274581974628 -0.0086352083077950361 0.025508568142537599 0.057991579708967671 -0.0071093329023431753 -0.019270309878058764 0.03077686375922167 0.0049981003023044229 -0.0029667184591877357 0.0062758087385129252 -0.043283132547923625
leaf_weight=1966.6138924248517 1793.4712699564989 5994.0548988564406 129.77421655738726 759.01212401338853 2375.0871435579611 581.21057510544779 392.13172704633325 31.158870445273351 375.64212084375322 37.241966552333906 110.44846164985211 206.3233544472605 4.4591539408429517 808.58485826532706
leaf_count=49938 72095 82158 2665 15983 51370 20903 6424 1804 8642 934 6932 15908 1175 67466
internal_value=-0.000263067 0.0058138 -0.0230527 0.0143441 0.00948601 0.0443858 0.043633 -0.0257373 -0.0380341 -0.0192922 -0.0221717 0.00320308 -0.0417147 -0.0429384
internal_weight=15565.2 12573.5 2864.16 9709.36 8369.14 1340.22 521.906 2991.69 2342.26 2147.49 1903.92 243.565 844.203 813.044
internal_count=404397 238083 67669 170414 133528 36886 9089 166314 58580 95869 79027 16842 70445 68641
is_linear=0
shrinkage=0.05


Tree=15
num_leaves=15
num_cat=0
split_feature=52 52 68 52 51 78 52 78 50 75 78 81 100 75
split_gain=904.321 1151.7 1049.88 475.387 450.611 149.98 100.565 92.1086 52.193 46.1641 35.1159 19.4743 7.77499 6.64031
threshold=-0.17856185978349667 -0.37244897475502431 -0.32754717030309427 -0.31110771590026859 0.23521550964930674 -0.24832253984481936 0.21964719688428513 -0.42110867897117138 1.0000000180025095e-35 0.66936245617541978 0.15186993509857949 -3.0309648624799945 4.5948921618455776 1.4087487906718861
decision_type=2 2 2 2 2 2 2 2 2 2 2 2 2 2
left_child=1 2 8 4 -3 -5 9 -4 -1 10 -2 -8 -13 -11
right_child=6 3 7 5 -6 -7 11 -9 -10 13 -12 12 -14 -15
leaf_value=-0.041200848656669314 -0.024538638381156903 0.026587304516943095 -0.014460286966440226 -0.0094198821514086348 -0.0042847950585068418 0.019743503074409367 0.0067763204446857602 0.04794779870891322 -0.019862976191038058 -0.0023344968535505108 -0.001509413571627941 -0.043506242827241727 0.0099862074179102537 0.019172529393579017
leaf_weight=1900.6904556080699 1693.1659345859953 5595.3823550782399 63.064569772221148 2349.8003827446373 1494.6079790559597 532.41881746676518 17.484370615158696 458.71798992785625 371.28370068967342 71.593946352251805 184.8586409354466 732.84559556984459 3.4455285204167003 58.306611978565343
leaf_count=50137 71407 80740 1392 52650 23380 20189 1092 7549 8698 5115 13003 64534 456 4030
internal_value=-0.000436297 0.00518061 -0.0231397 0.0131299 0.0200824 -0.00398303 -0.0263255 0.0402748 -0.0378162 -0.0203022 -0.0222918 -0.0418944 -0.0431255 0.00799947
internal_weight=15527.7 12766 2793.76 9972.21 7089.99 2882.22 2761.7 521.783 2271.97 2007.93 1878.02 753.775 736.291 129.901
internal_count=404372 244735 67776 176959 104120 72839 159637 8941 58835 93555 84410 66082 64990 9145
is_linear=0
shrinkage=0.05


Tree=16
num_leaves=15
num_cat=0
split_feature=92 92 68 50 51 92 93 73 68 50 74 103 74 93
split_gain=845.901 1211.07 934.292 443.095 375.025 175.752 95.9218 89.7227 78.3742 54.0186 48.023 44.0203 28.2577 22.8671
threshold=0.52413090161155906 -2.0030884045136608 -0.32754717030309427 1.0000000180025095e-35 0.3928996713484591 0.74163461974529865 -0.010550754435573106 -0.56345289248625596 -0.24554798099335243 0.5279538272048877 0.29691230214821568 -0.96014836522169655 1.9603728815388355 -0.011922388499415409
decision_type=2 2 2 2 2 2 2 2 2 2 2 2 2 2
left_child=1 2 9 4 -3 6 7 -2 -5 -1 -8 -4 13 -7
right_child=5 3 11 8 -6 12 10 -9 -10 -11 -12 -13 -14 -15
leaf_value=-0.040422210901313871 -0.016893053432873416 0.026248067871291969 0.0071346626544213131 -0.013059940074404086 -0.0011605047111396464 -0.016315575323322604 -0.024128245044626424 0.015697556704981942 0.029198406352345271 -0.017848228726238185 -0.0055585886075688248 0.043396412621801633 -0.009500713855786146 -0.042362951285596674
leaf_weight=1852.3118773298338 383.76898529822938 5839.4786319715204 109.16066197119653 1347.5850743553601 1585.4925002148375 111.57145231182221 1467.8322566844872 445.45316239746171 109.98688300792128 336.06127502117306 464.84572080778889 424.2650853455998 91.953364265733398 899.58543174891383
leaf_count=50682 12793 92213 1950 18290 26712 9803 56903 21861 2799 7958 13699 6987 4628 76239
internal_value=-0.000231569 0.00651778 -0.0226077 0.0154578 0.0204017 -0.0204604 -0.0136366 0.00059286 -0.00969394 -0.0370526 -0.0197135 0.0362436 -0.0372693 -0.0396768
internal_weight=15469.4 11604.3 2721.8 8882.54 7424.97 3865.01 2761.9 829.222 1457.57 2188.37 1932.68 533.426 1103.11 1011.16
internal_count=403517 207591 67577 140014 118925 195926 105256 34654 21089 58640 70602 8937 90670 86042
is_linear=0
shrinkage=0.05


Tree=17
num_leaves=15
num_cat=0
split_feature=68 93 78 81 83 103 78 58 93 78 78 93 81 78
split_gain=653.18 699.475 417.594 417.794 404.497 126.745 109.792 99.4862 80.0987 58.3915 57.1551 60.0389 30.8666 28.7208
threshold=-0.32754717030309427 -0.016774035562750558 -0.39144358881996033 0.080479461017542844 1.0000000180025095e-35 -1.2807048013226019 -0.40880026875930925 -0.042995110392451519 -0.010550754435573106 0.04312395988637685 -0.2769467496398475 -0.01252461259780501 -0.28779384705735017 -0.11450435905306254
decision_type=2 2 2 2 2 2 2 2 2 2 2 2 2 2
left_child=2 6 3 4 -1 -5 -2 -8 9 -3 12 -12 -4 -10
right_child=1 8 10 5 -6 -7 7 -9 13 -11 11 -13 -14 -15
leaf_value=-0.0099276929773700479 -0.010201930317886791 0.016881856851441376 0.00099649946996516062 -0.0070505109158199505 0.033647218749552045 0.026307547760150391 0.00028716850184304642 0.041805207442319588 -0.01321533034278469 -0.017373975663196296 -0.0028430999663203302 -0.028669230572876625 -0.016160903237823415 -0.034132670261108666
leaf_weight=5737.7722294972045 117.7009513778612 350.98392728861654 325.74121026834473 340.76494907494634 577.18513563228771 1615.4579696804285 156.18987924896646 1905.7915375020239 565.93335823665257 180.32865204040718 259.85084404388908 1790.7806068493664 1309.2389732657466 237.07087934142328
leaf_count=101552 2418 15656 6395 4273 8645 20067 3637 47895 41368 17672 5010 64644 24689 40444
internal_value=-0.000311224 0.018609 -0.00588261 0.000360307 -0.00589806 0.0204904 0.0360029 0.0386769 -0.00986153 0.00514918 -0.0198559 -0.0254263 -0.0127573 -0.0197346
internal_weight=15470.8 3514 11956.8 8271.18 6314.96 1956.22 2179.68 2061.98 1334.32 531.313 3685.61 2050.63 1634.98 803.004
internal_count=404365 169090 235275 134537 110197 24340 53950 51532 115140 33328 100738 69654 31084 81812
is_linear=0
shrinkage=0.05


Tree=18
num_leaves=15
num_cat=0
split_feature=52 52 94 92 50 78 78 79 52 75 74 81 79 59
split_gain=725.113 896.433 618.651 450.868 367.112 158.471 76.7843 70.7314 67.7927 39.1284 31.965 16.0071 10.3371 6.02701
threshold=-0.1397805320845755 -0.37244897475502431 0.047817358992047851 0.17666201055017708 1.0000000180025095e-35 -0.2092895264879627 -0.36021717813447501 0.5864772428914552 0.24542024442444599 1.0686361856561568 1.0027332063849075 -2.3766094066167587 -4.2002541275629888 1.0000000180025095e-35
decision_type=2 2 2 2 2 2 2 2 2 2 2 2 2 2
left_child=1 2 6 4 -3 -5 -1 -4 9 10 -2 13 -13 -10
right_child=8 3 7 5 -6 -7 -8 -9 11 -11 -12 12 -14 -15
leaf_value=-0.0061878484564048732 -0.026224009554388028 0.024527821269860497 -0.034723240940240249 -0.0056168840892586126 -0.0084160589567242785 0.020145470585445302 0.040391821501499517 0.024372470737184418 0.014700655530703214 0.014169412356302974 -0.004162418662802164 0.017885564065047471 -0.04326364944026103 -0.021769158262818101
leaf_weight=113.25587729318067 1210.8439695542038 5133.6083506679861 2130.7708887821063 3852.0752616674872 1006.8539526900277 696.10756600499735 358.36082580662332 45.199176396243274 15.515763263945702 67.228156372380909 194.54002762847813 1.9549550524970971 615.04621176376531 10.446697214909362
leaf_count=2199 66586 70407 59101 86145 12984 25860 5410 718 975 5187 6959 734 60935 678
internal_value=-0.000479112 0.00384098 -0.0221528 0.0102944 0.0191211 -0.00163836 0.0293098 -0.0333898 -0.0276022 -0.0214301 -0.0232211 -0.0411937 -0.0427877 -0.00194672
internal_weight=15451.8 13336.2 2647.59 10688.6 6140.46 4548.18 471.617 2175.97 2115.58 1472.61 1405.38 642.964 617.001 25.9625
internal_count=404878 262824 67428 195396 83391 112005 7609 59819 142054 78732 73545 63322 61669 1653
is_linear=0
shrinkage=0.05


Tree=19
num_leaves=15
num_cat=0
split_feature=92 92 53 93 104 84 92 93 79 74 80 37 74 79
split_gain=673.678 887.069 574.483 382.63 258.658 248.766 109.676 60.7595 59.191 41.3975 40.4564 28.6647 18.0302 8.67815
threshold=0.62475714477391175 -2.0030884045136608 -0.056741866072523094 -0.015035699067041301 -0.36784342144629317 1.0000000180025095e-35 0.76107733282596202 -0.010830459807114301 0.57848753497895744 0.73297555141196968 -0.080039799559763189 0.80931659662175648 4.0035173603038645 -4.2002541275629888
decision_type=2 2 2 2 2 2 2 2 2 2 2 2 2 2
left_child=1 2 8 4 -3 -5 7 10 -1 -9 -2 -4 13 -8
right_child=6 3 11 5 -6 -7 12 9 -10 -11 -12 -13 -14 -15
leaf_value=-0.033878560257073288 0.027892027961436989 0.0060035733076021329 0.030786260480898709 -1.0700888719549503e-05 0.030775315500043011 0.049526842377760123 0.014878002043121581 -0.025567401594198666 0.01988069506913958 -0.004392907750828662 -0.008048416776230952 -0.011202500325403143 0.0069644573104388693 -0.041020197584699797
leaf_weight=2058.1304759336635 83.950494565971894 1636.4702568980865 447.65257593477145 5147.5635757753626 2979.0964227735531 256.55569229414687 2.3645826695137648 1230.8450317503011 46.358646257780492 289.33476481842808 461.25073631334817 39.618077984079719 17.705562742834445 688.95174009491166
leaf_count=58919 4648 22924 7056 88491 52517 3401 852 61754 734 9521 23387 720 963 68480
internal_value=-0.00018813 0.00472294 -0.0212976 0.0114681 0.0220243 0.00242818 -0.0224489 -0.0164849 -0.0326059 -0.0215923 -0.00211158 0.0272157 -0.039351 -0.0406196
internal_weight=15385.8 12611.4 2591.76 10019.7 4615.57 5404.12 2774.4 2065.38 2104.49 1520.18 545.201 487.271 709.022 691.316
internal_count=404367 234762 67429 167333 75441 91892 169605 99310 59653 71275 28035 7776 70295 69332
is_linear=0
shrinkage=0.05


Tree=20
num_leaves=15
num_cat=0
split_feature=92 52 68 50 52 92 76 50 68 93 103 81 93 104
split_gain=634.093 896.574 783.521 338.974 301.857 145.891 74.0196 70.7762 58.3942 55.2099 35.4621 35.0465 22.7024 22.489
threshold=0.51054536540346707 -0.37244897475502431 -0.32754717030309427 1.0000000180025095e-35 -0.35905268784198824 0.74163461974529865 0.40042352663293507 1.0000000180025095e-35 -0.26010631804162671 -0.010830459807114301 -0.96014836522169655 -1.8001221405589571 -0.012126150892824279 -0.42451134887255754
decision_type=2 2 2 2 2 2 2 2 2 2 2 2 2 2
left_child=1 2 7 4 -3 6 9 -1 -5 -2 -4 13 -13 -7
right_child=5 3 10 8 -6 11 -8 -9 -10 -11 -12 12 -14 -15
leaf_value=-0.039724399970158003 -0.0032564934474093449 0.033265586584590119 0.0055368977152644673 -0.012555093109429379 0.011053683254698108 0.025818473758045763 0.015247850223409335 -0.014059423949127648 0.022212521286075631 -0.019271339473656994 0.036859757494069931 -0.012994602954103899 -0.039758880951311193 -0.026223970060552871
leaf_weight=1632.0030774660408 778.50000479526352 2109.3601799334865 117.04398608859628 1291.9524059118703 5564.4470084650675 33.807014811143745 221.24098211241653 338.61435403674841 123.996308112517 1767.6804703290982 454.89527875743806 101.41473451559432 810.35345700898324 29.474432126560714
leaf_count=49767 29813 25708 2007 17520 91514 1112 13679 8811 3001 64635 7069 9366 77778 2470
internal_value=-5.25017e-05 0.00570854 -0.0204852 0.0130498 0.0171946 -0.0179264 -0.0119896 -0.0354076 -0.00937603 -0.0144067 0.030655 -0.0344838 -0.0369552 0.00130802
internal_weight=15374.8 11632.3 2542.56 9089.76 7673.81 3742.47 2767.42 1970.62 1415.95 2546.18 571.939 975.05 911.768 63.2814
internal_count=404250 205397 67654 137743 117222 198853 108127 58578 20521 94448 9076 90726 87144 3582
is_linear=0
shrinkage=0.05


Tree=21
num_leaves=15
num_cat=0
split_feature=92 92 68 92 50 68 92 50 81 51 76 44 81 100
split_gain=571.617 711.564 729.261 341.614 303.011 110.236 85.4536 59.5421 44.9377 56.7648 32.6416 30.3607 17.1813 7.30352
threshold=0.64834300264741895 -2.0030884045136608 -0.32754717030309427 0.17666201055017708 1.0000000180025095e-35 -0.32754717030309427 0.7667002673711536 1.0000000180025095e-35 -0.85317272061304072 0.4629815209925307 0.43435149959831471 0.54608818236801493 -2.1474372499722332 4.5948921618455776
decision_type=2 2 2 2 2 2 2 2 2 2 2 2 2 2
left_child=1 2 7 4 -3 -5 8 -1 9 -2 -10 -4 -8 -14
right_child=6 3 11 5 -6 -7 12 -9 10 -11 -12 -13 13 -15
leaf_value=-0.03894705209562041 0.022911333555289348 0.021701679785658772 0.033248355916146104 -0.0061740805171789266 -0.0083348471012073527 0.012881224868175282 -0.0021204027100810356 -0.015032834896494242 -0.021999050926503609 -0.02511578021478993 0.0035405779885161084 -0.0013058151914497622 -0.041373320203988477 0.011541532151059766
leaf_weight=1573.3160218549892 140.48655337007949 5339.2318978931289 502.98494120850228 3100.8841474272776 990.49022734444588 994.02396922203479 31.236310321517522 332.29119046684355 1483.0921085799637 94.210376869188622 133.75260361746768 71.718058166559786 552.64949608326424 2.6762206566345403
leaf_count=49784 5943 70418 7688 53210 12914 40438 2063 8750 76273 2775 11447 1311 61149 415
internal_value=-0.000202842 0.00399636 -0.0200224 0.00972479 0.0169958 -0.00152836 -0.0223548 -0.0348772 -0.0169253 0.00339409 -0.0198775 0.0289877 -0.0389227 -0.0409187
internal_weight=15343 12904.9 2480.31 10424.6 6329.72 4094.91 2438.1 1905.61 1851.54 234.697 1616.84 574.703 586.562 555.326
internal_count=404578 244513 67533 176980 83332 93648 160065 58534 96438 8718 87720 8999 63627 61564
is_linear=0
shrinkage=0.05


Tree=22
num_leaves=15
num_cat=0
split_feature=92 92 53 93 104 51 93 78 78 81 58 92 51 104
split_gain=534.925 599.111 480.087 354.443 246.312 231.212 70.7231 57.3053 55.181 47.508 37.5207 35.4874 28.8754 64.3456
threshold=0.67360072365633394 -2.0030884045136608 -0.044111287153858127 -0.014430464742595342 -0.44264194869784262 -0.65832807331257148 -0.012427264944331577 -0.31337756210624707 -0.23531153539253383 -0.85317272061304072 1.0000000180025095e-35 0.73715143982844034 0.37537920893744275 -0.23026324575674817
decision_type=2 2 2 2 2 2 2 2 2 2 2 2 2 2
left_child=1 2 8 5 -5 -3 12 -4 -1 10 -8 -11 -2 -14
right_child=6 3 7 4 -6 -7 9 -9 -10 11 -12 -13 13 -15
leaf_value=-0.032612347084188149 -0.010944527715911964 -0.00036212231266198066 -0.0016553545724284345 0.0084741415494759328 -0.012245910523902025 0.024347539498418211 0.0041287990301668602 0.035086725874860294 0.0017566651982005932 -0.023000711393100875 -0.036658323205622789 -0.039920836043235937 -0.0039895821000423574 0.096339512657077769
leaf_weight=1799.3326936229132 259.58340313160443 1265.3293443424627 149.34665460139513 3524.9107137203682 2403.6797122685821 3746.2032318963029 179.67922025684675 349.42198508698493 123.78294998221099 625.86524315911811 71.065242815035162 750.97834856211557 56.379995432216674 11.906143257394431
leaf_count=56961 18203 18096 2669 49662 60243 66057 10609 5011 2787 32646 2945 75521 2639 220
internal_value=-0.000217386 0.00336267 -0.0190899 0.00834603 6.69566e-05 0.0181205 -0.0245732 0.0242687 -0.0304025 -0.0288185 -0.00839354 -0.0324508 -0.00327009 0.023575
internal_weight=15317.5 13362 2421.88 10940.1 5928.59 5011.53 1955.46 498.769 1923.12 1627.59 250.744 1376.84 327.87 68.2861
internal_count=404269 261486 67428 194058 109905 84153 142783 7680 59748 121721 13554 108167 21062 2859
is_linear=0
shrinkage=0.05


Tree=23
num_leaves=15
num_cat=0
split_feature=92 92 68 78 84 92 59 78 75 74 50 81 99 77
split_gain=475.857 690.105 623.084 338.168 240.196 135.302 72.5302 66.8711 63.4611 65.7985 51.4965 29.7099 15.3189 12.5195
threshold=0.51054536540346707 -2.0030884045136608 -0.32754717030309427 -0.33159296833944685 1.0000000180025095e-35 0.74163461974529865 -0.39788290474459531 -0.3784325843676748 0.43400947788843663 0.23412620795326447 0.5279538272048877 -1.6781487076170658 2.5582974637651552 0.44035379801341495
decision_type=2 2 2 2 2 2 2 2 2 2 2 2 2 2
left_child=1 2 10 4 -3 8 -5 -4 9 -2 -1 -7 -13 -10
right_child=5 3 7 6 -6 11 -8 -9 13 -11 -12 12 -14 -15
leaf_value=-0.037807057994730817 -0.01740192539728504 0.0040347184414728085 -0.0073625372535199886 0.0022244178672535179 0.039012736431410761 -0.0011705825259848526 0.036225594095969975 0.03364224144658419 0.0068477116475517651 0.0022984960655447178 -0.014178094721158297 -0.036442049786686047 0.014211185581316297 0.033854871283323699
leaf_weight=1502.1787854991853 1913.5613163256785 7255.371437407448 122.00270948139951 179.20131337456405 516.75560270762071 68.266837384115206 1328.4830422040541 461.03599765570834 195.2116715539596 540.85894076101249 291.32440833840519 817.07781043143768 10.307640564191386 48.045415313390549
leaf_count=50678 76913 99077 2368 3362 5913 3990 28967 6552 10498 17446 7940 85421 1383 3246
internal_value=-0.000430998 0.00447472 -0.0195129 0.0106323 0.00640749 -0.0163129 0.0322255 0.0250824 -0.0106502 -0.013069 -0.0340688 -0.0330628 -0.0356488 0.013308
internal_weight=15249.7 11656.4 2376.54 9279.81 7772.13 3593.33 1507.68 583.039 2697.68 2454.42 1793.5 895.652 827.385 243.257
internal_count=403754 204857 67538 137319 104990 198897 32329 8920 108103 94359 58618 90794 86804 13744
is_linear=0
shrinkage=0.05


Tree=24
num_leaves=15
num_cat=0
split_feature=92 68 92 52 78 92 50 52 74 59 93 78 81 79
split_gain=453.217 500.155 762.168 311.356 137.588 130.277 59.7526 52.1019 33.4686 34.106 30.3716 27.015 9.78247 8.95319
threshold=0.70214883985249266 -0.32754717030309427 -1.8787134383408024 -0.32073180713041788 -0.34460397279173238 0.38500314502730321 0.5279538272048877 0.286456641154824 1.2050760090490957 0.36774694546650288 -0.013159589993922872 -0.41561803509230688 -2.1474372499722332 -3.6289359228876945
decision_type=2 2 2 2 2 2 2 2 2 2 2 2 2 2
left_child=1 2 6 -4 11 -6 -1 8 10 -10 -2 -3 -9 -14
right_child=7 4 3 -5 5 -7 -8 12 9 -11 -12 -13 13 -15
leaf_value=-0.036957649194432694 -0.0016859345156227117 -0.012787367863859103 0.0097328386613815959 -0.010126091409792112 0.033366868856170635 0.0084996363453748811 -0.011598444870948103 -0.0078986561108025776 0.023687019285532154 -0.025219346677711696 -0.027875807818038469 0.0075787526719676979 0.014013617754321736 -0.043097897468935532
leaf_weight=1451.8842337527312 133.40502279959037 246.11749965662602 6020.6179050533101 2924.5394364027306 1671.9104321292834 779.26736865955172 290.04216713272035 26.810789563372964 76.054169263923541 51.011166434909683 681.07349848747253 437.03375397541095 2.6132956055516834 442.9266959430679
leaf_count=50678 9914 7347 69184 62718 30907 39305 7995 1880 3385 1811 48979 13989 1037 55167
internal_value=-0.000277281 0.00248805 -0.00266691 0.00323608 0.0200175 0.0255278 -0.0328255 -0.0271372 -0.0199742 0.00364574 -0.0236586 0.000162864 -0.0407052 -0.0424626
internal_weight=15235.3 13821.4 10687.1 8945.16 3134.33 2451.18 1741.93 1413.89 941.544 127.065 814.479 683.151 472.351 445.54
internal_count=404296 282123 190575 131902 91548 70212 58673 122173 64089 5196 58893 21336 58084 56204
is_linear=0
shrinkage=0.05


Tree=25
num_leaves=15
num_cat=0
split_feature=52 52 68 51 51 52 93 51 20 78 81 68 81 100
split_gain=438.742 538.082 524.323 280.875 271.943 129.82 73.078 62.2344 60.6608 60.2192 59.245 42.4183 7.13725 5.44114
threshold=-0.27678437219188451 -0.37244897475502431 -0.32754717030309427 0.4629815209925307 -0.65832807331257148 0.24542024442444599 -0.010550754435573106 -0.65832807331257148 -1.2736648429528779 -0.43307880306727409 -0.50580289005443368 -0.32754717030309427 -2.6834308684853956 4.5948921618455776
decision_type=2 2 2 2 2 2 2 2 2 2 2 2 2 2
left_child=1 2 8 4 -3 6 7 -2 -1 -4 -8 -5 -7 -14
right_child=5 3 9 11 -6 12 10 -9 -10 -11 -12 -13 13 -15
leaf_value=0.027310386059181058 -0.022726773688767458 -0.001909736923469066 -0.030638130072848588 -0.016649094243157799 0.018483755623300912 -0.0062525317267681044 -0.00058110870005194902 0.0067906743535216729 -0.032953845519186099 0.027050899400787327 -0.021077851647691496 0.017579006713645182 -0.040622586957178609 0.0084488466309020748
leaf_weight=35.700538954697549 224.42987216101028 2248.1657303911634 40.958278018981218 1026.1763017224148 5963.4219300783006 20.166646681085695 445.57985674252268 739.45636935773655 1651.9674777500331 556.71008196147159 1689.1538646367844 91.097801474388689 478.25744182078051 2.5389557907765257
leaf_count=1201 6118 28916 864 15593 87911 1361 15877 37181 57495 8116 79754 2353 61030 440
internal_value=-0.000352181 0.00437649 -0.0173183 0.00970403 0.0129049 -0.0155793 -0.0116829 -0.000244916 -0.0315257 0.0226583 -0.0168223 -0.0137271 -0.0389793 -0.0401966
internal_weight=15213.8 11614.2 2285.34 9328.86 8211.59 3599.58 3098.62 963.886 1687.67 597.668 2134.73 1117.27 500.963 480.796
internal_count=404210 202449 67676 134773 116827 201761 138930 43299 58696 8980 95631 17946 62831 61470
is_linear=0
shrinkage=0.05


Tree=26
num_leaves=15
num_cat=0
split_feature=92 92 68 51 51 93 50 68 78 92 74 51 104 30
split_gain=383.385 462.274 482.597 291.338 299.188 65.8467 62.8347 50.2154 48.0553 42.757 42.024 22.1329 53.9778 23.0271
threshold=0.67360072365633394 -2.0030884045136608 -0.32754717030309427 0.4629815209925307 -1.0087373215329134 -0.01202374146992807 0.5279538272048846 -0.32754717030309427 -0.43880364502627972 0.7667002673711536 1.0027332063849075 0.37537920893744275 -0.21337251360997025 -0.16247261361449719
decision_type=2 2 2 2 2 2 2 2 2 2 2 2 2 2
left_child=1 2 6 4 -3 11 -1 -5 -4 10 -7 13 -13 -2
right_child=5 3 8 7 -6 9 -8 -9 -10 -11 -12 12 -14 -15
leaf_value=-0.036693664179676108 -0.020785354260149949 -0.010211036541853466 -0.031578300278481776 -0.016826764213736935 0.013707815863742787 -0.025096822534035029 -0.010619258737199971 0.013950871459829288 0.023475523718508161 -0.039435777364741874 0.0016477329058476112 -0.0036549929980369609 0.085036483647477581 0.0087022236991066704
leaf_weight=1349.0064697088674 150.86511321511352 1551.1275953695877 34.04146574344486 1346.2730478702579 8098.1293215451296 842.27674795227358 290.63596337847412 139.36052655940875 567.88370729843155 449.72616198158357 176.03296430350747 60.900469343410805 13.476795112481339 105.02054600964766
leaf_count=50365 11711 23374 723 23617 142234 55117 8400 4667 8239 58720 6415 2947 252 7589
internal_value=-0.00041068 0.00250865 -0.0181581 0.00668163 0.00985625 -0.0220196 -0.0321642 -0.0138657 0.0198968 -0.0265302 -0.0205025 -0.00177939 0.020589 -0.00881094
internal_weight=15174.8 13376.5 2241.57 11134.9 9649.26 1798.3 1639.64 1485.63 601.925 1468.04 1018.31 330.263 74.3773 255.886
internal_count=404370 261619 67727 193892 165608 142751 58765 28284 8962 120252 61532 22499 3199 19300
is_linear=0
shrinkage=0.05


Tree=27
num_leaves=15
num_cat=0
split_feature=52 52 68 92 78 103 52 50 78 75 82 81 79 103
split_gain=367.927 410.717 491.779 244.585 138.027 135.931 80.5179 55.8677 51.0965 40.0092 31.2101 12.9296 7.1577 6.35328
threshold=-0.17974509592914181 -0.37244897475502431 -0.32754717030309427 -0.56398660305642301 -0.24832253984481936 -1.3164399125021826 0.21964719688428513 0.5279538272048846 -0.42685954293908163 0.66936245617541978 1.0000000180025095e-35 -3.0309648624799945 -4.2002541275629888 -1.0651296905538834
decision_type=2 2 2 2 2 2 2 2 2 2 2 2 2 2
left_child=1 2 7 5 -5 -3 9 -1 -4 10 -2 -8 -13 -11
right_child=6 3 8 4 -6 -7 11 -9 -10 13 -12 12 -14 -15
leaf_value=-0.035687666705923847 -0.017338860052172222 -0.0068708242714217854 -0.0201583793362199 -8.7160254493747486e-05 0.017685484430499374 0.024928737529223449 0.0045154073957009285 -0.010904453165199625 0.026185179194341782 -0.0059247006338817437 0.015085434436859413 0.014269996599607291 -0.038449101387616175 0.019389986102625746
leaf_weight=1295.5376170431264 1510.257737631182 390.26466603158042 59.235105027444661 6865.9903218249092 1289.1288796741283 2252.0936156287789 16.498779083020054 288.89602641202509 546.60392839182168 27.660050731035881 70.63820330624003 1.7984825357852958 483.19547301353305 90.770444780529942
leaf_count=50080 81953 4450 1281 113323 33516 25607 1104 8440 7682 2022 3143 799 64512 7070
internal_value=-0.000180382 0.00302711 -0.0166669 0.00703378 0.00274049 0.0202239 -0.0190369 -0.0312656 0.0214002 -0.0136968 -0.0158043 -0.0365106 -0.0379693 0.0134767
internal_weight=15188.6 12987.8 2190.27 10797.5 8155.12 2642.36 2200.82 1584.43 605.839 1699.33 1580.9 501.493 484.994 118.43
internal_count=404982 244379 67483 176896 146839 30057 160603 58520 8963 94188 85096 66415 65311 9092
is_linear=0
shrinkage=0.05


Tree=28
num_leaves=15
num_cat=0
split_feature=52 68 92 52 93 68 59 93 81 59 51 104 99 73
split_gain=336.487 410.017 508.381 247.886 105.156 62.7058 58.7921 45.0747 44.1099 37.8982 18.0483 27.8158 17.6175 12.9511
threshold=-0.081346950662021397 -0.27810938314352074 -1.8787134383408024 -0.32073180713041788 -0.0078891324257190382 -0.32754717030309427 -0.61525995858920879 -0.012740636792966173 -1.1036314027911664 0.017750052128118317 0.37537920893744275 -0.22463078137851009 2.5582974637651552 -0.32843432675481282
decision_type=2 2 2 2 2 2 2 2 2 2 2 2 2 2
left_child=1 2 5 -4 6 -1 -3 10 9 -9 -2 -12 -10 -6
right_child=7 4 3 -5 13 -7 -8 8 12 -11 11 -13 -14 -15
leaf_value=-0.030502763069086242 -0.010093639473606064 -0.0037278840921844804 0.0076704422801714871 -0.0095684547225644862 -0.018916593861611236 0.0055405626549037742 0.024977655597988535 0.01759027102539569 -0.033487503457550624 -0.030685948225784205 -0.0031367511942459216 0.073170130841851935 0.01682555002857376 0.0023451883502896764
leaf_weight=1542.9379264265299 126.82742140366463 191.27821329096332 6439.7110274871811 3072.0174582409672 151.64185611519497 127.78163823857903 2217.1631543320836 86.208282556166523 931.78373639952042 60.510439845427754 30.757147918804549 8.7574075255542976 12.078336571197722 125.04568271274911
leaf_count=58587 12044 4270 74461 69996 9320 2135 57420 5661 95833 3217 1724 151 1414 7817
internal_value=-0.000413615 0.00183854 -0.0023787 0.00209857 0.0193453 -0.0277295 0.0226919 -0.0250799 -0.0287465 -0.00300762 -0.000773779 0.0251368 -0.032674 -0.00956095
internal_weight=15124.5 13867.6 11182.4 9511.73 2685.13 1670.72 2408.44 1256.92 1090.58 146.719 166.342 39.5146 943.862 276.688
internal_count=404050 284006 205179 144457 78827 60722 61690 120044 106125 8878 13919 1875 97247 17137
is_linear=0
shrinkage=0.05


Tree=29
num_leaves=15
num_cat=0
split_feature=92 68 52 84 52 103 50 52 81 58 100 75 79 81
split_gain=313.213 351.815 537.887 249.79 81.7701 59.7773 54.3746 37.6287 33.1654 30.5086 27.5579 17.1567 8.25416 5.69302
threshold=0.71104538529728167 -0.32754717030309427 -0.36131976647705494 1.0000000180025095e-35 -0.30396479248907143 -0.96014836522169655 1.0000000180025095e-35 0.36575637177159664 -0.94357205269918076 0.083776390851131852 -0.096701634935557626 0.40800807362166219 -3.6289359228876945 -3.0309648624799945
decision_type=2 2 2 2 2 2 2 2 2 2 2 2 2 2
left_child=1 2 6 -4 5 -3 -1 8 9 -2 -6 -10 -9 -14
right_child=7 4 3 -5 10 -7 -8 12 11 -11 -12 -13 13 -15
leaf_value=-0.033360169952050885 0.019639676496874228 0.0044635698851150114 -0.00016778790404468929 0.033002771405105463 -0.0023477031071107144 0.024892187618878538 -0.010036508624969898 0.013387571244358541 -0.025966690233330227 -0.030410322000334805 0.014951026824462947 -0.001817715673932619 -0.003472124941014944 -0.041463833359280111
leaf_weight=1327.9922365415841 89.176370322529692 448.10873277299106 8401.7052283983212 598.66657243156806 643.34993208138621 1876.7174437331269 320.69629565626383 2.8970077910053069 630.63829773999169 34.096922892378643 346.63797843636712 84.862118094257312 12.143278877541887 317.49424473072577
leaf_count=51260 4657 8822 125656 7359 31758 34912 9175 1247 50954 1327 19527 9538 800 48347
internal_value=-0.000406407 0.0016838 -0.00274681 0.00207276 0.0158829 0.0209906 -0.0289112 -0.0251283 -0.0190874 0.00455298 0.00379828 -0.023167 -0.0393636 -0.0402077
internal_weight=15135.2 13963.9 10649.1 9000.37 3314.81 2324.83 1648.69 1171.31 838.774 123.273 989.988 715.5 332.535 329.638
internal_count=405339 288469 193450 133015 95019 43734 60435 116870 66476 5984 51285 60492 50394 49147
is_linear=0
shrinkage=0.05


Tree=30
num_leaves=15
num_cat=0
split_feature=59 51 83 51 19 68 73 51 58 93 57 48 58 39
split_gain=300.98 195.806 224.388 157.598 41.3045 40.3933 47.5179 28.8965 21.3512 18.8525 11.4018 8.66347 7.09699 2.91295
threshold=0.36774694546650288 -1.0087373215329134 1.0000000180025095e-35 0.4629815209925307 -0.43069726452904428 -0.32754379645032605 -0.59186383404894383 -2.5855789385244647 -0.46087021314575605 -0.0087031244830359754 0.924838659301632 -0.79005313109211406 1.0000000180025095e-35 -1.0181057797563049
decision_type=2 2 2 2 2 2 2 2 2 2 2 2 2 2
left_child=1 7 3 -3 -4 6 11 13 -9 10 -7 -2 -8 -1
right_child=5 2 4 -5 -6 9 12 8 -10 -11 -12 -13 -14 -15
leaf_value=-0.005031901311620437 -0.019031645408399165 0.0055030715040336221 0.006086947366624856 -0.012037005317528464 0.040810284310752107 0.013133511888705566 -0.022667978825259824 -0.024830842857818562 -0.0079053238312236877 -0.021814331981437129 -0.011165263383053374 -4.0547797713493511e-05 -0.032112312176776243 -0.030513855324836039
leaf_weight=16.412454457487911 72.378439288731897 9497.6061623663554 108.53212401014753 1470.4185984649812 479.19132696744055 142.28707204657258 526.9673310193175 210.10506260185502 1378.9700039294548 78.867657324371976 61.779494342306862 221.7414016633993 600.30826944010914 216.55539594718721
leaf_count=343 1325 269636 1803 40036 7194 4546 14133 4086 27054 8841 1933 4037 15128 4195
internal_value=-0.00015852 0.00236747 0.00477157 0.00314275 0.0346072 -0.0198839 -0.0232972 -0.0128226 -0.0102845 -0.00252603 0.00559932 -0.00518609 -0.0279355 -0.0289997
internal_weight=15082.1 13377.8 11555.7 10968 587.723 1704.33 1421.4 1822.04 1589.08 282.934 204.067 294.12 1127.28 232.968
internal_count=404290 354347 318669 309672 8997 49943 34623 35678 31140 15320 6479 5362 29261 4538
is_linear=0
shrinkage=0.05


Tree=31
num_leaves=15
num_cat=0
split_feature=92 52 68 50 51 92 73 59 27 78 81 83 79 61
split_gain=289.603 419.898 351.595 240.932 215.407 120.745 101.129 97.073 69.1078 40.4597 35.6847 35.0076 31.4189 19.9824
threshold=0.35370088223019375 -0.37244897475502431 -0.32754717030309427 0.86775957339212895 0.39289967134846193 0.74163461974529865 -0.3724348536947964 0.017750052128118317 -1.3247151350913804 -0.3784325843676748 -2.1474372499722332 1.0000000180025095e-35 -0.23317097425178018 -0.43874117256981388
decision_type=2 2 2 2 2 2 2 2 2 2 2 2 2 2
left_child=1 2 8 4 -3 6 11 -8 -1 -4 13 -2 -5 -7
right_child=5 3 9 12 -6 10 7 -9 -10 -11 -12 -13 -14 -15
leaf_value=0.034481517047648548 -0.015545785718218037 0.016435536242795024 -0.0087770323946817826 0.0038009965986322831 -0.0055347469810874579 -0.014622461719392002 0.008565107672237407 -0.017513130212107177 -0.030583276379380915 0.022326999323753503 -0.031477531837718148 0.0078871669259540991 -0.023493104266720716 0.041939365017159849
leaf_weight=34.081907937303185 2127.8041665565688 6039.5220926839393 126.15944305155426 126.40874546207488 1362.6987012862228 26.268969971191837 1378.2017349373491 470.40834358497523 1416.6846872251481 492.67494968976825 693.25085636216681 166.27703849459067 556.76375673757866 18.663509178499226
leaf_count=1269 68416 76444 2399 1865 20601 1503 52405 15336 57283 6533 88294 3470 6956 1139
internal_value=-0.000191626 0.00461865 -0.0154282 0.00976272 0.0123889 -0.0101887 -0.00683096 0.00187056 -0.0288292 0.0159472 -0.0286892 -0.0138205 -0.0184608 0.0122293
internal_weight=15035.9 10155 2069.6 8085.39 7402.22 4880.87 4142.69 1848.61 1450.77 618.834 738.183 2294.08 683.173 44.9325
internal_count=403913 173350 67484 105866 97045 230563 139627 67741 58552 8932 90936 71886 8821 2642
is_linear=0
shrinkage=0.05


Tree=32
num_leaves=15
num_cat=0
split_feature=52 68 52 52 93 58 34 52 81 93 51 73 79 81
split_gain=277.175 272.237 447.3 228.92 81.0128 70.6844 55.2008 45.8304 29.5882 35.1269 27.9485 9.71362 6.00352 5.93239
threshold=-0.089957823524203326 -0.32754717030309427 -0.36227225433093341 -0.35905268784198824 -0.0079819790487539073 -0.42885062762404419 -1.3889597394633411 0.36575637177159664 -0.85317272061304072 -0.0093959354902861478 0.4629815209925307 -0.28195071651714992 -4.2002541275629888 -3.0309648624799945
decision_type=2 2 2 2 2 2 2 2 2 2 2 2 2 2
left_child=1 2 6 -4 5 -3 -1 8 10 -10 -2 -6 -9 -14
right_child=7 4 3 -5 11 -7 -8 12 9 -11 -12 -13 13 -15
leaf_value=0.027205071400100801 0.019342731702288958 -0.013558618711717855 0.017038561177122859 -0.0021404268876595227 -0.017016502526018953 0.018681735699511128 -0.028518818729015294 0.011035984585510823 -0.0029584339234463653 -0.027230913622315202 -0.023475809631034208 0.00048253102421725664 -0.0029830041711179592 -0.04145591620201966
leaf_weight=38.264040148817003 92.648978764831554 173.88499495282304 1990.7647096300498 6989.3841538679553 178.14026126987301 2830.5387827425438 1500.7071851519868 1.9421632328594558 205.3095842403709 560.83473221567692 50.784737423295155 136.15814246534137 12.028172527556306 296.50011948960309
leaf_count=1272 5065 3798 18925 111502 10569 69108 58861 906 18977 46671 2022 7964 799 48673
internal_value=-0.000231155 0.00178944 -0.00215232 0.00212549 0.0142523 0.016777 -0.0269666 -0.0229771 -0.0169891 -0.0208484 0.00364027 -0.00965458 -0.0394425 -0.0400968
internal_weight=15057.9 13837.8 10519.1 8980.15 3318.72 3004.42 1538.97 1220.05 909.578 766.144 143.434 314.298 310.47 308.528
internal_count=405112 281999 190560 130427 91439 72906 60133 123113 72735 65648 7087 18533 50378 49472
is_linear=0
shrinkage=0.05


Tree=33
num_leaves=15
num_cat=0
split_feature=59 92 52 68 50 81 93 81 104 93 52 52 79 58
split_gain=259.464 216.811 245.444 313.08 232.341 53.6319 47.2827 36.226 34.2924 32.1786 21.5091 14.931 11.7915 9.77066
threshold=0.49490180257351457 0.70214883985249266 -0.37244897475502431 -0.32754717030309427 0.86775957339212895 -1.1036314027911664 -0.012740636792966173 0.052407513462948481 -0.41059111546000288 -0.010191467986345744 -0.35952291339475811 -0.28754875660662793 -0.41810875875634473 0.083776390851131852
decision_type=2 2 2 2 2 2 2 2 2 2 2 2 2 2
left_child=1 2 3 -1 -4 8 -7 9 -3 10 -2 12 -9 -11
right_child=7 5 4 -5 -6 6 -8 11 -10 13 -12 -13 -14 -15
leaf_value=-0.028122287113883877 -0.021962206834561938 0.037177585067995463 0.0089308733025184345 0.016343105794155533 -0.017937097822453906 0.0014316202488697434 -0.029213394949864309 0.02482197622162409 -0.016874443815745696 -0.022254013347382858 -0.0013622475361085194 -0.01692630199946649 -0.0024445065688134017 -0.035552024247444435
leaf_weight=1178.1577072148211 287.59810353070498 54.827540872793179 9818.7488126866228 585.6819161339663 867.12035859504249 149.94151752439211 745.55216131100315 45.079533568583429 45.507553842107882 335.63612131163245 223.11892589859781 116.00629991809546 136.19853146420792 401.97782265942078
leaf_count=49956 9651 1964 177989 8322 14626 13144 87248 787 4562 11229 4621 6035 1986 12442
internal_value=-0.000154444 0.00208079 0.00388194 -0.0133487 0.0067359 -0.0202518 -0.024123 -0.0194874 0.0133545 -0.0231989 -0.0131616 -0.00365466 0.00527922 -0.0298796
internal_weight=14991.2 13445.5 12449.7 1763.84 10685.9 995.829 895.494 1545.62 100.335 1248.33 510.717 297.284 181.278 737.614
internal_count=404562 357811 250893 58278 192615 106918 100392 46751 6526 37943 14272 8808 2773 23671
is_linear=0
shrinkage=0.05


Tree=34
num_leaves=15
num_cat=0
split_feature=92 92 68 51 51 93 80 92 34 80 59 78 59 51
split_gain=253.808 311.206 286.32 176.086 194.135 119.427 87.9953 71.778 65.8885 43.169 39.342 35.2959 30.4856 27.1203
threshold=0.33748832136052115 -2.0030884045136608 -0.32754717030309427 0.74330891956880374 -1.1839419456430866 -0.01063991024051973 -0.080039799559763189 0.7667002673711536 -0.61310484768138329 0.01074167550179521 -1.2615239796922735 -0.43307880306727409 1.7018035703237635 0.4629815209925307
decision_type=2 2 2 2 2 2 2 2 2 2 2 2 2 2
left_child=1 2 8 4 -3 6 13 9 -1 -7 -8 -4 -5 -2
right_child=5 3 11 12 -6 7 10 -9 -10 -11 -12 -13 -14 -15
leaf_value=-0.0098112616070696827 0.037521291768581794 -0.014408786407530261 -0.026488063843370574 -0.0089959160260683121 0.013496373590036574 -0.0053177127621241022 -0.026020975925146003 -0.03674346761872696 -0.034102568816082243 -0.018083539024130818 -0.0011169460675053337 0.016927154777610618 -0.036610183505179125 0.0019013762628494045
leaf_weight=411.74240021081641 176.57662695569161 680.1929368050769 41.893627268262208 768.95412297733128 6582.3675107292365 1122.9803851386823 170.23238738453074 353.06991140439641 931.0153443235904 1644.5037759026454 1329.0960470853024 595.33678269665688 107.44403206184506 76.440817938302644
leaf_count=17751 8497 8194 895 12059 82644 49496 4537 56144 40911 61690 50180 8169 1688 2044
internal_value=-0.000529322 0.00398505 -0.0137472 0.00831041 0.0108666 -0.00989272 0.000555755 -0.0157431 -0.0267815 -0.0129413 -0.00409819 0.0137077 -0.0127562 0.0272414
internal_weight=14991.8 10118.9 1979.99 8138.96 7262.56 4872.9 1752.35 3120.55 1342.76 2767.48 1499.33 637.23 876.398 253.017
internal_count=404899 172311 67726 104585 90838 232588 65258 167330 58662 111186 54717 9064 13747 10541
is_linear=0
shrinkage=0.05


Tree=35
num_leaves=15
num_cat=0
split_feature=92 52 50 51 53 52 81 61 51 76 103 103 81 99
split_gain=225.065 278.835 206.089 204.065 176.506 100.911 82.6474 71.6135 62.8173 49.7757 28.0445 19.1385 5.81552 6.36746
threshold=0.35370088223019375 -0.37244897475502431 0.86775957339212895 0.23521550964930674 -0.056741866072523094 0.36575637177159664 -0.3106125646602077 -0.39190561164491583 1.0937181677891485 0.31606754106708707 1.6668440520615577 0.30936099103342801 -3.5701323074223308 2.5582974637651552
decision_type=2 2 2 2 2 2 2 2 2 2 2 2 2 2
left_child=1 4 3 -3 8 6 7 -2 -1 -8 -4 -6 -7 -14
right_child=5 2 10 -5 11 12 9 -9 -10 -11 -12 -13 13 -15
leaf_value=-0.025742242413809992 -0.0057319724584678532 0.014529183784635481 -0.014072588047401453 -0.0061618657298329969 0.0026569895725481771 0.0026577505069269518 -0.011936810184354409 0.024707719506760633 0.0094526901523027257 0.0087095917773097609 -0.045029130485032952 0.021430125216626364 -0.039471442030141912 0.0082394030600945727
leaf_weight=1256.4805540721864 430.49221956895781 6118.1967487831134 589.18039588909596 1473.2586084734648 306.56632196391001 7.5508579509914844 3408.0629651285999 336.24961846548831 135.81060699559748 312.08783161541214 77.833387415856123 238.44600648595951 272.75739132752642 3.9498787726188302
leaf_count=53747 16043 75031 8039 22133 4413 626 130800 13558 5851 20077 799 3298 48648 1149
internal_value=-3.41894e-05 0.00415966 0.00816487 0.0105109 -0.0128683 -0.00898625 -0.00710832 0.00776339 -0.0222662 -0.0101861 -0.0182966 0.0111085 -0.0373796 -0.0385268
internal_weight=14966.9 10195.8 8258.47 7591.46 1937.3 4771.15 4486.89 766.742 1392.29 3720.15 667.014 545.012 284.258 276.707
internal_count=404212 173311 106002 97164 67309 230901 180478 29601 59598 150877 8838 7711 50423 49797
is_linear=0
shrinkage=0.05


Tree=36
num_leaves=15
num_cat=0
split_feature=52 68 52 103 34 52 52 51 99 58 44 79 76 99
split_gain=218.893 210.914 330.957 188.119 56.2394 52.1542 49.6982 33.9774 29.9978 29.6957 19.6697 6.26835 4.77276 4.40707
threshold=-0.1397805320845755 -0.2762613299372107 -0.37244897475502431 -1.3485434717826932 -0.62223255229058283 0.36575637177159664 -0.30071617338461293 0.7433089195688064 0.6493424067267729 -0.085657872487625727 -0.4243553702801392 -3.6289359228876945 -0.12396667797252336 2.5582974637651552
decision_type=2 2 2 2 2 2 2 2 2 2 2 2 2 2
left_child=1 2 4 -4 -1 7 9 8 -2 -3 -8 -7 -9 -13
right_child=5 6 3 -5 -6 11 10 12 -10 -11 -12 13 -14 -15
leaf_value=-0.0084870325559857126 -0.012232878080170078 -0.0073584831470878357 -0.016375731213680501 0.004668167869272319 -0.030495217896407169 0.010681448837506734 -0.0091896027076117017 -0.031397074765148962 0.015847103766179486 0.019635449788628891 0.0084212443621844747 -0.039291307055674622 -0.0038232024919884373 0.0051611665544656791
leaf_weight=423.456022081431 905.60842910036445 102.78067409340292 1211.9205580868293 8108.8945664614439 986.65048380196095 2.6775916889600913 226.88658162596403 241.44614048261428 97.513415159774013 1872.606666355161 471.5382156696287 268.04547620662197 19.925033094419632 3.4643815919698673
leaf_count=17963 70974 1751 17679 114963 42692 1234 10556 11331 7044 34528 22694 48393 1843 576
internal_value=-0.000427515 0.00162753 -0.00150651 0.00191736 -0.0239924 -0.0182256 0.0141643 -0.0137355 -0.00937375 0.0182009 0.00265132 -0.0377211 -0.0295134 -0.0385609
internal_weight=14943.4 13404.7 10730.9 9320.82 1410.11 1538.68 2673.81 1264.49 1003.12 1975.39 698.425 274.187 261.371 271.51
internal_count=404221 262826 193297 132642 60655 141395 69529 91192 78018 36279 33250 50203 13174 48969
is_linear=0
shrinkage=0.05


Tree=37
num_leaves=15
num_cat=0
split_feature=82 92 68 92 21 92 93 72 103 92 79 30 1 43
split_gain=212.736 185.997 193.2 271.933 62.5006 58.5439 47.2895 46.5275 42.5645 38.0224 6.33139 5.8167 6.91885 3.24899
threshold=1.0000000180025095e-35 0.57259095850534591 -0.28291603609917843 -1.8787134383408024 -0.81180779383139401 0.77670488547758276 -0.0078433679615872894 -0.40700300215133628 1.6429510714925157 -2.0030884045136608 -4.2002541275629888 0.50498861940006845 -0.013269088428142709 -0.21274851993123256
decision_type=2 2 2 2 2 2 2 2 2 2 2 2 2 2
left_child=1 2 3 -1 11 7 -4 -3 9 -6 -7 12 -2 -13
right_child=4 5 6 -5 8 10 -8 -9 -10 -11 -12 13 -14 -15
leaf_value=-0.023452693740122432 0.011011408400952329 -0.020665836235621314 0.016048320755993085 0.0012022550161024249 -0.00088255284288006489 0.012635339873974728 -0.011411598194456522 -0.0058036609076884734 -0.019277803080874949 0.031614116107896599 -0.03764294167959463 -0.023062206441999369 -0.0080530545223367628 0.0038471114831019611
leaf_weight=1297.5316112381406 79.831901497789659 849.89487270086829 2076.4454719122732 7725.7680628302041 100.49957191105932 1.9435206702037238 162.55936334712896 1389.1369681776268 43.331142396200448 810.73340708191972 247.2360641579653 37.468715510913171 91.317642948706634 11.331874121911822
leaf_count=57254 1535 45476 41518 99189 2961 912 6732 84557 575 13887 47449 714 1671 236
internal_value=-8.64448e-05 -0.00183662 0.000900437 -0.00236511 0.020246 -0.0141793 0.0140128 -0.0115119 0.025733 0.0280594 -0.0367784 -0.00365039 0.000956443 -0.0172221
internal_weight=14925 13750.5 11262.3 9023.3 1174.51 2488.21 2239 2239.03 954.564 911.233 249.18 219.95 171.15 48.8006
internal_count=404666 383087 204693 156443 21579 178394 48250 130033 17423 16848 48361 4156 3206 950
is_linear=0
shrinkage=0.05


Tree=38
num_leaves=15
num_cat=0
split_feature=103 52 59 59 27 68 78 52 81 84 92 44 93 81
split_gain=198.246 201.747 172.755 183.699 78.9155 27.633 26.6788 26.3465 23.1032 18.9958 10.2183 7.93962 6.92432 6.50293
threshold=-1.3382983511892534 -0.050633368579046427 0.67033228515757004 -1.6142976953294401 -1.0388574545955003 -0.27417120279480178 -0.11147279501568 0.36575637177159664 -0.94357205269918076 1.0000000180025095e-35 0.23540931281467006 0.46348257793281761 -0.013159589993922872 -3.0309648624799945
decision_type=2 2 2 2 2 2 2 2 2 2 2 2 2 2
left_child=4 2 3 -2 10 9 -4 8 -3 -6 -1 -12 -7 -9
right_child=1 7 6 -5 5 12 -8 13 -10 -11 11 -13 -14 -15
leaf_value=0.028247099828657897 -0.016825699164025276 0.0060506862212972362 -0.017313248835235301 0.0074285774514384895 -0.022070013123209144 0.0058742166353317748 0.011747120109812065 0.0022224250977641549 -0.019600962792903062 0.0086682363187672185 -0.013014880340204208 0.021661200184816869 -0.014171697605467524 -0.037135778367692926
leaf_weight=91.940051309298724 835.04829360602889 100.26894672360504 1015.3130325869424 10330.860413977527 1410.1249233141134 129.4099857948604 78.73291594570037 9.8430569513584469 522.1916854463052 47.116703085019253 32.648649433627725 16.935750370816095 52.349474891787395 223.24902171127906
leaf_count=1599 14474 5108 24559 215010 30011 3373 1988 724 52103 723 2243 1255 6813 44189
internal_value=-3.32539e-05 0.00209578 0.00374005 0.00560128 -0.01564 -0.0187457 -0.0151345 -0.0212374 -0.0154385 -0.0210239 0.019191 0.000476528 -0.000337263 -0.0354507
internal_weight=14896 13115.5 12260 11165.9 1780.53 1639 1094.05 855.553 622.461 1457.24 141.524 49.5844 181.759 233.092
internal_count=404172 358155 256031 229484 46017 40920 26547 102124 57211 30734 5097 3498 10186 44913
is_linear=0
shrinkage=0.05


Tree=39
num_leaves=15
num_cat=0
split_feature=59 58 103 92 27 81 93 59 84 92 92 92 73 36
split_gain=193.525 185.494 173.198 159.786 52.2806 33.9703 29.8399 21.2606 16.1482 15.7049 13.5205 11.8311 10.0091 9.71091
threshold=0.49490180257351457 -0.60253406358405781 -1.3485434717826932 0.72231365374185297 -1.0608465069413373 0.041463284396828524 -0.010099419332273539 -1.7855333541330178 1.0000000180025095e-35 -1.7644493701097368 0.64185209818624023 0.30137713672297678 0.79004074821710735 -0.534115687234757
decision_type=2 2 2 2 2 2 2 2 2 2 2 2 2 2
left_child=1 7 4 -4 -3 6 9 13 -8 -2 12 -9 -7 -1
right_child=5 2 3 -5 -6 10 8 11 -10 -11 -12 -13 -14 -15
leaf_value=-0.0044515019741571222 -0.021893430364139915 0.018866767913541155 0.0069780821597317261 -0.019093223842684706 -0.015684968808772636 -0.0014693709495150525 -0.028934342914085334 -0.0066759401652521384 0.016874414736827076 -0.00377289931187446 -0.020881915873037699 -0.021800561412545688 0.023562895443800143 -0.027838950544619958
leaf_weight=53.832777311195969 198.65850632684305 110.8733136519586 10228.057516246015 613.98553056261881 1329.5100808327115 188.34987686621025 684.01473052716756 442.59958811756223 13.652626290917395 292.3055631442694 62.803780939473654 182.08205977146281 40.337052177637815 447.00184029004595
leaf_count=1185 8975 3987 214894 81283 33481 3151 23399 6719 197 5418 4744 6855 879 9027
internal_value=-0.000364705 0.00153398 0.00331899 0.00548543 -0.0129136 -0.0174591 -0.021183 -0.017803 -0.0278121 -0.0113957 -0.00207517 -0.0113585 0.00374816 -0.0254615
internal_weight=14888.1 13407.9 12282.4 10842 1440.38 1480.12 1188.63 1125.52 697.667 490.964 291.491 624.682 228.687 500.835
internal_count=404194 357431 333645 296177 37468 46763 37989 23786 23596 14393 8774 13574 4030 10212
is_linear=0
shrinkage=0.05


Tree=40
num_leaves=15
num_cat=0
split_feature=92 52 68 50 51 52 51 81 59 76 103 78 81 79
split_gain=163.371 223.843 225.105 169.527 136.877 81.231 77.1148 73.9173 105.55 50.93 46.4193 34.0694 7.25075 6.21251
threshold=0.35370088223019375 -0.37244897475502431 -0.32754717030309427 1.0000000180025095e-35 0.23521550964930674 0.36575637177159664 0.7433089195688064 -0.3106125646602077 0.017750052128118317 0.16914395462371204 1.6429510714925157 -0.43880364502627972 -3.0309648624799945 -3.6289359228876945
decision_type=2 2 2 2 2 2 2 2 2 2 2 2 2 2
left_child=1 2 6 4 -3 7 -1 8 -2 -9 -5 -4 -7 -14
right_child=5 3 11 10 -6 12 -8 9 -10 -11 -12 -13 13 -15
leaf_value=-0.030203022319019959 0.02009759209856575 0.012866463056738801 -0.031998758543182119 -0.0068397551621440207 -0.0047795375491213044 0.0024793851801421423 0.0050062522158690432 -0.011566088981382859 -0.019119497272366212 0.0073047356003815636 -0.036309326918017061 0.014201931457855869 0.011474567489187923 -0.038604129536228153
leaf_weight=1043.2825457178988 520.47531967029499 5796.8933692914434 33.335941465571523 1072.1269194087945 1349.9017966333777 10.548375828104325 179.39321483159438 3280.6431828872446 244.37922879413236 394.33294244106219 144.12385558336973 608.23299694573507 2.2200893562549018 228.09656356478808
leaf_count=50069 20775 69593 740 14623 20273 942 8409 125285 8853 26022 1599 8262 1059 48267
internal_value=-0.000439932 0.00310103 -0.0125228 0.0065946 0.00953143 -0.00816702 -0.0250383 -0.00658646 0.00748227 -0.00952688 -0.0105995 0.0113471 -0.0358772 -0.037664
internal_weight=14908 10227.3 1864.24 8363.05 7146.8 4680.7 1222.68 4439.83 764.855 3674.98 1216.25 641.569 240.865 230.317
internal_count=404771 173568 67480 106088 89866 231203 58478 180935 29628 151307 16222 9002 50268 49326
is_linear=0
shrinkage=0.05


Tree=41
num_leaves=15
num_cat=0
split_feature=59 51 83 51 58 103 28 82 58 59 51 44 33 59
split_gain=173.617 151.538 161.563 131.85 42.1526 39.7869 33.2111 20.1818 20.3826 12.8046 12.0586 11.6964 11.4719 8.46986
threshold=0.36774694546650288 -0.65832807331257148 1.0000000180025095e-35 0.74330891956880596 -0.21556644432940739 -1.3485434717826932 -1.115242610203653 1.0000000180025095e-35 0.21301403289020987 -1.1836121852352093 0.39289967134846193 -0.3010756263921664 -0.71251632697571832 1.2768984398242365
decision_type=2 2 2 2 2 2 2 2 2 2 2 2 2 2
left_child=1 4 3 -3 9 -6 -4 8 13 -1 -10 -9 -13 -2
right_child=7 2 6 -5 5 -7 -8 11 10 -11 -12 12 -14 -15
leaf_value=-0.02818683738583368 -0.006375346414243404 0.0052789678140385231 -0.005872396655523548 -0.012166944418891469 -0.01980365044549854 -0.0030291572412899561 0.036662520762749701 -0.013071822784618596 -0.01562790933823514 -0.0086357594886101712 -0.029293918676795896 -0.0037963235601871296 0.041478986929539954 -0.017495040838234634
leaf_weight=298.77247144270223 425.70752720758901 8591.4804779084152 48.317128564231098 1229.4231205584802 413.26765009120572 2178.5052374630468 436.02348573226482 30.671009563317057 347.40144742529083 130.93369009392336 394.91473314681207 21.727992043131962 22.77409313240787 300.11088018663577
leaf_count=5888 14647 254253 789 35117 8652 41436 5997 578 11218 2486 12463 485 516 10010
internal_value=-0.000237765 0.00160496 0.00449207 0.00308486 -0.00822436 -0.00576975 0.0323863 -0.0160579 -0.0173531 -0.0225614 -0.023191 0.00830476 0.0227328 -0.0111484
internal_weight=14870 13326.7 10305.2 9820.9 3021.48 2591.77 484.341 1543.31 1468.13 429.706 742.316 75.1731 44.5021 725.818
internal_count=404535 354618 296156 289370 58462 50088 6786 49917 48338 8374 23681 1579 1001 24657
is_linear=0
shrinkage=0.05


Tree=42
num_leaves=15
num_cat=0
split_feature=59 59 103 103 13 57 93 82 52 20 73 104 59 48
split_gain=180.931 151.479 140.743 153.142 53.5521 31.6251 31.4306 19.2433 13.6128 12.9522 12.7391 9.54667 8.95067 7.29393
threshold=0.49490180257351457 -1.4368190233725582 -1.3164399125021826 1.6537468726684661 -0.76422295957847053 -0.066496592717823558 -0.0086387911219054439 1.0000000180025095e-35 -0.36605625667826652 -0.69769137262312331 -0.59186383404894383 -0.33947421404745087 1.7018035703237635 -0.68709278154748388
decision_type=2 2 2 2 2 2 2 2 2 2 2 2 2 2
left_child=1 5 4 -4 -3 -1 8 -7 9 -2 13 -10 -12 -8
right_child=6 2 3 -5 -6 7 10 -9 11 -11 12 -13 -14 -15
leaf_value=-0.026728156334792093 0.0053239967869790818 0.0069433602272031521 0.0060639633449047735 -0.032378948107095275 -0.015642550709210858 -0.012380863509990719 -0.024138520270924148 0.013103742737218572 -0.0093632042434913278 -0.023492725607661961 -0.020135461746639643 0.0063540422841562279 -0.032823418832017233 0.00030915583856039764
leaf_weight=437.56961213047907 45.296421899460256 326.36880423386174 10514.567669896525 255.78473842027597 1233.7142667605076 542.66328692696698 35.732401907793246 77.197727558203042 195.86761045371532 174.86892488412559 416.91881517454749 172.62596938517527 300.8809696205717 90.906240124430042
leaf_count=9006 2018 10138 290289 3717 31369 11540 872 1219 3832 7593 15999 4669 10008 1807
internal_value=-0.000286971 0.00152509 0.00308704 0.0051218 -0.0109035 -0.0165468 -0.0171083 -0.00904935 -0.00804439 -0.0175903 -0.0232587 -0.0020269 -0.0258318 -0.00785076
internal_weight=14821 13387.9 12330.4 10770.4 1560.08 1057.43 1433.1 619.861 588.659 220.165 844.438 368.494 717.8 126.639
internal_count=404076 357278 335513 294006 41507 21765 46798 12759 18112 9611 28686 8501 26007 2679
is_linear=0
shrinkage=0.05


Tree=43
num_leaves=15
num_cat=0
split_feature=52 52 68 50 51 93 80 41 81 58 52 93 78 103
split_gain=150.841 213.974 210.16 148.701 130.809 80.1112 77.2363 70.9452 57.5778 68.7043 58.166 39.2286 28.7893 25.317
threshold=-0.31110771590026859 -0.37244897475502431 -0.32754717030309427 0.86775957339212895 0.37537920893744275 -0.010550754435573106 -0.080039799559763189 -0.76758805030033828 -0.47149273193215224 0.21301403289020987 0.032446967416133753 -0.020506502848974661 -0.44348760662910253 1.6537468726684661
decision_type=2 2 2 2 2 2 2 2 2 2 2 2 2 2
left_child=1 2 7 4 -3 6 -2 -1 9 -7 -10 -8 -4 -5
right_child=5 3 12 13 -6 8 11 -9 10 -11 -12 -13 -14 -15
leaf_value=-0.0024776088787184115 0.025769921418422173 0.011855416223196765 -0.031302632017167743 -0.011317859074927272 -0.0049142306280964398 0.010082789321701884 -0.011376627512497871 -0.03120548594158103 -0.012265389332944139 -0.031880631348681542 -0.033176797903974063 0.0048030527188932326 0.013422992763341787 -0.03758001795454316
leaf_weight=283.26863726275042 257.99493306285876 6225.9776648115367 28.863555740565062 536.81758451834321 1423.5094285854138 471.40302647327189 747.36891174822813 904.95282255858183 1980.1715392078622 112.34751073675579 397.56313070842589 733.02872927267163 609.67187881004065 105.69560179207474
leaf_count=13184 10626 73757 656 7505 21624 23622 15357 45245 73482 5078 64417 39902 8327 1202
internal_value=-6.39137e-05 0.00337376 -0.0120739 0.00678738 0.00873238 -0.00745662 0.0010631 -0.0244347 -0.0124444 0.00160567 -0.0158861 -0.00338668 0.0109498 -0.0161478
internal_weight=14818.6 10118.8 1826.76 8292 7649.49 4699.88 1738.39 1188.22 2961.49 583.751 2377.73 1480.4 638.535 642.513
internal_count=403984 171500 67412 104088 95381 232484 65885 58429 166599 28700 137899 55259 8983 8707
is_linear=0
shrinkage=0.05


Tree=44
num_leaves=15
num_cat=0
split_feature=82 52 78 52 51 52 73 68 35 42 51 86 13 80
split_gain=146.416 131.337 161.583 181.632 69.5116 55.0894 63.6255 53.5585 45.4263 25.3948 15.166 16.0701 5.10491 3.98119
threshold=1.0000000180025095e-35 -0.27678437219188451 -0.32899076744898975 -0.37244897475502431 -0.65832807331257148 0.33242782033071094 -0.34616044283393471 -0.32754717030309427 -1.7677626928444166 -0.16983794933784788 -1.1839419456430866 -0.1834559635227985 2.0237858405571911 -1.6146885848371233
decision_type=2 2 2 2 2 2 2 2 2 2 2 2 2 2
left_child=1 2 3 -1 10 6 -3 -4 -6 -10 12 -12 -2 -7
right_child=4 5 7 -5 8 13 -8 -9 9 -11 11 -13 -14 -15
leaf_value=-0.020709733146094225 -0.015866407281230371 -0.017297565691263055 -0.011924475445265573 0.00050962093560867898 -0.014512169639567224 -0.0057051317807680704 -0.0020007992905176019 0.015623433961341063 0.023886500003756379 0.052983332843268616 -0.0098538885174560206 0.016850831501891286 0.010563745722192749 -0.035561524622997519
leaf_weight=1157.8724491097964 141.08928112196736 1264.5931716042251 187.15352532221004 7385.9084046036005 62.834361330489628 16.171991175826406 1463.0836065611074 1898.0882987715304 661.42643785459222 86.087364305276424 82.650743179256096 137.90628780098632 13.7927116563078 221.96007472794008
leaf_count=53698 2612 65805 5357 95828 1312 3821 76691 33587 12308 1133 1344 2360 270 47649
internal_value=-0.000462767 -0.00193682 0.000661971 -0.00238692 0.0163119 -0.0112214 -0.0091299 0.0131059 0.0244677 0.0278926 -0.00146983 0.00685025 -0.0130148 -0.0338456
internal_weight=14780.6 13594.8 10629 8543.78 1185.79 2965.81 2727.68 2085.24 810.348 747.514 375.439 220.557 154.882 238.132
internal_count=403775 382436 188470 149526 21339 193966 142496 38944 14753 13441 6586 3704 2882 51470
is_linear=0
shrinkage=0.05


Tree=45
num_leaves=15
num_cat=0
split_feature=82 103 92 103 27 21 103 92 52 99 104 8 100 42
split_gain=136.779 133.062 111.268 115.154 45.566 43.6316 31.7243 32.2564 27.8699 22.6193 12.7433 8.80488 7.77349 3.41386
threshold=1.0000000180025095e-35 -1.0922301378962145 0.73999755102013098 1.6537468726684661 -0.31321872718288252 -0.81180779383139401 1.6429510714925157 -1.7644493701097368 -0.33367079067422589 0.59497350658886849 -0.37672056430604756 -0.1458543054861923 0.094850350863725799 -0.92119294155589471
decision_type=2 2 2 2 2 2 2 2 2 2 2 2 2 2
left_child=1 4 3 -3 8 11 7 -7 -1 -4 -6 12 -2 -13
right_child=5 2 9 -5 10 6 -8 -9 -10 -11 -12 13 -14 -15
leaf_value=0.0026361057130016266 0.013975922140552953 0.0031219983154390915 -0.025244326736237249 -0.030041767701277557 -0.019506860567454706 -0.0038505611631670317 -0.017844169368497996 0.025813646590175321 -0.013741373463464391 0.01175318414278935 -0.0090185690782596979 -0.019710286855440656 -0.016498404006421993 -0.0028999907219580665
leaf_weight=696.51925886468962 76.704917426453903 10169.43959936293 443.65337724838173 258.70953058288433 1138.4374509475892 100.00217456463724 43.823317819507793 841.15295446233358 401.891418978601 39.69257099571405 423.88759597628086 62.600690999766812 18.44164536963217 58.614816577057354
leaf_count=12278 1428 231418 68186 4013 25021 2948 585 13743 20686 6433 14807 1199 425 1044
internal_value=0.000164138 -0.00127176 0.00117562 0.00227125 -0.0112752 0.0162629 0.0206913 0.0226543 -0.00342607 -0.0220294 -0.0167367 -0.00392037 0.00706195 -0.012422
internal_weight=14773.6 13572.2 10911.5 10428.1 2660.74 1201.34 984.978 941.155 1098.41 483.346 1562.33 216.362 95.1466 121.216
internal_count=404214 382842 310050 235431 72792 21372 17276 16691 32964 74619 39828 4096 1853 2243
is_linear=0
shrinkage=0.05


Tree=46
num_leaves=15
num_cat=0
split_feature=58 59 103 103 81 73 59 1 92 83 68 46 99 84
split_gain=145.499 155.727 112.18 129.464 32.6045 20.3089 14.395 9.02098 8.54677 8.20974 8.08469 7.33482 5.87158 5.6768
threshold=-1.1596105586908632 0.36774694546650288 1.6537468726684661 -1.0062687450439463 0.052407513462948481 -0.59186383404894383 -1.8008419552832766 0.046009490411855272 0.57259095850534591 1.0000000180025095e-35 -0.32753926710174303 0.16308421464622633 0.42631576604150839 1.0000000180025095e-35
decision_type=2 2 2 2 2 2 2 2 2 2 2 2 2 2
left_child=6 2 3 -2 5 -3 7 9 -6 -1 -4 -8 -9 -13
right_child=1 4 10 -5 8 -7 11 12 -10 -11 -12 13 -14 -15
leaf_value=-0.032137917225193033 -0.0059863032891932589 -0.0032031547941737885 -0.033276272629252028 0.0063617569044059786 0.0054715685049410191 -0.020952163751133217 -0.017539597838974161 -0.016998670383146262 -0.012985515411359528 -0.0057061573349473952 -0.0027312716302301324 -0.007222536833986954 0.010919368151071449 0.019983252472398239
leaf_weight=316.06746824458241 2726.955676422338 197.68935298162978 214.46108845632989 9465.3068075430201 222.03424247261137 969.81977908076806 312.60197289053758 43.337606394896284 75.969522343191784 37.618752226000652 26.059425158193335 145.37881616056256 20.748717018519528 12.147168000694363
leaf_count=6699 72496 4712 3116 259494 3658 35207 6885 1014 5610 564 617 3720 540 165
internal_value=-0.00016041 0.00109908 0.00291957 0.00359731 -0.0142604 -0.0179995 -0.0196678 -0.0264668 0.000497503 -0.0295608 -0.030208 -0.0132006 -0.00770604 -0.00405702
internal_weight=14786.2 13898.3 12432.8 12192.3 1465.51 1167.51 887.901 417.773 298.004 353.686 240.521 470.128 64.0863 157.526
internal_count=404497 384910 335723 331990 49187 39919 19587 8817 9268 7263 3733 10770 1554 3885
is_linear=0
shrinkage=0.05


Tree=47
num_leaves=15
num_cat=0
split_feature=92 52 78 50 59 81 59 93 80 50 52 104 78 97
split_gain=150.661 161.877 153.87 138.457 106.915 66.6064 79.7845 73.4373 53.4293 51.1759 43.9256 35.8453 24.9253 23.1013
threshold=0.35370088223019375 -0.37244897475502431 -0.44348760662910253 0.86775957339212895 0.91356391989859487 -0.3106125646602077 1.0000000180025095e-35 -0.010550754435573106 0.05412397331882305 0.5279538272048877 0.01533378897374091 -0.40799382619863972 -0.23531153539253383 0.97257512572712923
decision_type=2 2 2 2 2 2 2 2 2 2 2 2 2 2
left_child=1 2 9 4 -3 6 11 8 -7 -1 -9 -2 -4 -5
right_child=5 3 12 13 -6 7 -8 10 -10 -11 -12 -13 -14 -15
leaf_value=-0.031442864400299947 0.028012745131090994 0.009477941388825956 -0.0041639771029620583 -0.021006007972956955 -0.015573828443856115 0.01865655221936972 -0.018048260158925754 -0.01290350633436204 -0.006154078109667613 -0.00050179001193315597 -0.03159217562976472 0.0028759461232242879 0.012012942115714074 0.0025131413342533277
leaf_weight=688.27515119919553 280.32541335604037 7371.1700341708492 482.3468675413169 498.41449212376028 443.13008536724374 249.57924759053276 243.4316235412989 1804.2822353771189 1315.2732518496196 165.6748619293794 381.45171528938226 282.26109499936865 453.10251803230494 128.88367361668497
leaf_count=36988 8400 90441 17053 6834 6656 11231 11792 67580 48336 6390 64207 19723 7226 1906
internal_value=-4.40121e-05 0.00332387 -0.0102983 0.0062202 0.00803923 -0.00759668 0.00539123 -0.0103948 -0.00210368 -0.0255153 -0.0162941 0.0156716 0.0037158 -0.0162102
internal_weight=14787.6 10231 1789.4 8441.6 7814.3 4556.6 806.018 3750.59 1564.85 853.95 2185.73 562.587 935.449 627.298
internal_count=404763 173494 67657 105837 97097 231269 39915 191354 59567 43378 131787 28123 24279 8740
is_linear=0
shrinkage=0.05


Tree=48
num_leaves=15
num_cat=0
split_feature=59 58 82 79 50 60 59 61 73 68 58 52 29 51
split_gain=134.612 129.256 111.802 113.105 37.1762 25.0331 20.319 15.3711 13.5804 15.9142 8.95556 7.59159 6.72326 5.9206
threshold=0.91356391989859487 -0.59613266893544326 1.0000000180025095e-35 -0.28509634869277095 1.0000000180025095e-35 -1.5574238801106062 -2.2964237850761275 -0.3798661322025893 -0.59186383404894383 -0.32754717030309427 -1.8443122348946934 -0.23512387419648564 -0.15762289926990511 -0.65832807331257148
decision_type=2 2 2 2 2 2 2 2 2 2 2 2 2 2
left_child=1 5 3 -3 -4 10 -7 8 13 -10 -1 12 -9 -2
right_child=7 2 4 -5 -6 6 -8 11 9 -11 -12 -13 -14 -15
leaf_value=-0.03239197402378332 -0.017885469535017837 0.011221848072970353 0.022192114972853567 -0.001101848453829334 -0.0040263309047377472 -0.021935965734759543 -0.0032685257629637057 0.019108264276525965 -0.027022143474338914 -0.0062459313956479412 -0.016080679472770153 -0.019990727005712094 -0.0042729754312629585 0.00065040176987345871
leaf_weight=202.95159939907899 62.972146145766601 2317.6771132431313 896.66078088065842 9295.983907398273 155.61817593162414 201.88155884885055 481.68521105685795 32.098486383445561 546.94445844330767 118.98793868735083 203.94077603833284 43.260148611145269 105.08215712453239 103.53198129954399
leaf_count=4411 1353 81441 15597 245549 2805 4467 10850 787 17516 7186 4228 3015 2445 2363
internal_value=6.0151e-05 0.0013604 0.00278646 0.00136507 0.0183134 -0.0150784 -0.00901847 -0.0174398 -0.0202826 -0.0234572 -0.0247983 -0.00394886 0.0021245 -0.00697604
internal_weight=14769.3 13756.4 12665.9 11613.7 1052.28 1090.46 683.567 1012.88 832.437 665.932 406.892 180.441 137.181 166.504
internal_count=404013 369348 345392 326990 18402 23956 15317 34665 28418 24702 8639 6247 3232 3716
is_linear=0
shrinkage=0.05


Tree=49
num_leaves=15
num_cat=0
split_feature=58 58 103 103 20 60 80 52 58 38 58 60 83 97
split_gain=121.388 117.767 115.769 117.497 55.9733 20.7252 16.9165 11.4803 6.4571 5.85819 5.84475 9.11461 4.93768 3.14047
threshold=1.0000000180025095e-35 -0.58919559996233539 -1.2468957532697618 1.6537468726684661 -0.59838560187661383 -1.1111983139487231 1.0000000180025095e-35 -0.31298489799088869 -1.8194812726704492 1.7050674757695992 2.3576984202727047 0.13446381719022224 1.0000000180025095e-35 -0.97624522871820474
decision_type=2 2 2 2 2 2 2 2 2 2 2 2 2 2
left_child=1 5 4 -4 -3 8 10 -7 -1 12 11 -2 -8 -11
right_child=6 2 3 -5 -6 7 9 -9 -10 13 -12 -13 -14 -15
leaf_value=-0.025340746516338976 0.0039920032337653422 0.0040121521543159911 0.0054348861789069655 -0.029701884478987129 -0.014597306124258254 -0.00084564491951112392 -0.013026869830609571 -0.017833384601988998 -0.014283462305701676 -0.0046188088159221513 -0.032902579432768683 -0.02183920447956884 0.0042882374628133955 0.024449960099971465
leaf_weight=318.1076380473387 35.290580920598586 582.2757400796545 10616.400354829384 233.55993869539816 1283.8534551043267 326.99647443532012 409.51140028508962 133.60455501810065 320.19618625176372 12.829692993385835 141.75631210576103 294.5491970248695 40.924115076777525 9.3341430544533051
leaf_count=7116 1412 17900 293595 3790 33341 5427 11420 5336 6855 264 5393 11382 668 372
internal_value=0.000121136 0.00131153 0.00267235 0.00465187 -0.00880029 -0.0143175 -0.0171273 -0.00604745 -0.0200999 -0.0101104 -0.0238031 -0.0190393 -0.0113947 0.0114188
internal_weight=14759.2 13815 12716.1 10850 1866.13 1098.9 944.195 460.601 638.304 472.599 471.596 329.84 450.436 22.1638
internal_count=404271 373360 348626 297385 51241 24734 30911 10763 13971 12724 18187 12794 12088 636
is_linear=0
shrinkage=0.05


Tree=50
num_leaves=15
num_cat=0
split_feature=92 52 68 50 51 51 81 59 93 72 81 79 51 53
split_gain=120.181 166.996 169.003 119.061 94.9236 78.9196 70.484 67.2304 64.8452 50.4884 39.376 27.3996 26.3972 23.909
threshold=0.33748832136052115 -0.37244897475502431 -0.32754717030309427 0.52795382720489037 0.91851354367897697 0.91851354367897697 -0.3106125646602077 0.017750052128118317 -0.010550754435573106 -0.79034486135617177 0.041463284396828524 -0.28509634869277095 1.0937181677891501 0.3337494787036544
decision_type=2 2 2 2 2 2 2 2 2 2 2 2 2 2
left_child=1 2 5 4 -3 -1 7 12 9 -8 -10 -5 -2 -4
right_child=6 3 13 11 -6 -7 8 -9 10 -11 -12 -13 -14 -15
leaf_value=-0.027465601105107963 0.018981629255689525 0.0092445854631831807 0.028775633297101744 0.0063129918339874932 -0.014186488970763184 0.014360621693057962 -0.014136597898459509 -0.016057647560510386 -0.021658916367794132 0.0043787661498083759 -0.0080809968816847287 -0.014467338451151472 -0.013554737034327528 0.0043307863760790252
leaf_weight=1002.4603106970899 518.0288685176929 6982.217946073506 114.66741393599659 190.51733039272949 451.98447542823851 120.68634730624035 561.31620619483874 232.02596367770457 1181.5453831904451 1026.6701590235971 1000.9550772511284 810.8523431927897 63.478225891070906 532.56665788497776
leaf_count=52632 26463 83594 1583 2891 7335 6074 12943 11593 87192 47013 45058 10905 1971 7460
internal_value=-0.000330485 0.00269016 -0.0112302 0.00562147 0.00780288 -0.0228841 -0.00704693 0.00624201 -0.00992312 -0.00221349 -0.015497 -0.0104904 0.0152608 0.0090335
internal_weight=14790 10206 1770.38 8435.57 7434.2 1123.15 4584.02 813.533 3770.49 1587.99 2182.5 1001.37 581.507 647.234
internal_count=404707 172474 67749 104725 90929 58706 232233 40027 192206 59956 132250 13796 28434 9043
is_linear=0
shrinkage=0.05


Tree=51
num_leaves=15
num_cat=0
split_feature=103 103 58 58 27 93 50 50 68 40 68 60 51 72
split_gain=111.639 111.677 97.6452 107.761 43.4427 20.5882 19.9734 15.5563 12.8475 7.82874 6.8858 5.96594 4.78768 3.44944
threshold=-1.3382983511892534 1.6537468726684661 1.0000000180025095e-35 -1.1596105586908632 -1.049851980768419 -0.0093959354902861478 -0.22717005321119652 -0.22717005321119701 -0.24860356779613549 0.39957975488508374 -0.32753926710174303 0.34057500080723135 0.7433089195688064 -0.65137580086486058
decision_type=2 2 2 2 2 2 2 2 2 2 2 2 2 2
left_child=4 2 3 -2 9 -4 7 -6 -8 11 12 -1 -3 -11
right_child=1 10 5 -5 6 -7 8 -9 -10 13 -12 -13 -14 -15
leaf_value=0.02630664772469379 -0.015231243969604652 -0.034862738419129978 -0.0053856296904873811 0.0042369370386342465 -0.0082611636323004257 -0.021768209230347928 -0.019592235216233874 0.021269167174567873 -0.0015549556756521783 -0.01929127908229181 -0.0054195379422953402 0.0009802009315569959 -0.0090414963938045632 0.0084252246824447537
leaf_weight=76.060671308921883 749.06463256226561 218.16082149581052 339.02546611052821 11229.910475079661 277.17690892772225 458.45633825816913 1086.8440960346052 43.018451323921909 110.47278737484885 15.257545707456304 31.141808403132018 32.952351636078674 28.642424895777367 12.401489679279619
leaf_count=2537 17122 3244 10391 309277 7627 16450 25187 2073 6191 407 824 1439 667 468
internal_value=-0.000370736 0.00118317 0.00187574 0.00300787 -0.0125672 -0.0149566 -0.0150059 -0.00376976 -0.0179547 0.0136874 -0.0296121 0.0193766 -0.0323349 -0.00792672
internal_weight=14708.6 13054.4 12776.5 11979 1654.18 797.482 1517.51 320.195 1197.32 136.672 277.945 109.013 246.803 27.659
internal_count=403904 357975 353240 326399 45929 26841 41078 9700 31378 4851 4735 3976 3911 875
is_linear=0
shrinkage=0.05


Tree=52
num_leaves=15
num_cat=0
split_feature=51 52 52 68 50 50 80 52 16 72 53 71 104 15
split_gain=124.869 124.358 179.017 163.422 109.291 91.2933 78.557 36.0796 24.4689 22.2226 15.5923 11.8536 9.82688 7.76169
threshold=1.0937181677891508 -0.37244897475502431 -0.34525179969710224 -0.32754717030309427 0.5279538272048846 1.0000000180025095e-35 -0.13233454860656232 -0.37099147214683098 -0.31933043170189046 -0.26496711827552244 0.3337494787036544 1.0000000180025095e-35 -0.4289627153285292 -0.0161087691145495
decision_type=2 2 2 2 2 2 2 2 2 2 2 2 2 2
left_child=1 3 4 5 -3 -1 -4 8 12 -9 -5 -11 -2 -10
right_child=7 2 6 10 -6 -7 -8 9 13 11 -12 -13 -14 -15
leaf_value=-0.031830287090346618 0.05118315450658098 0.013054610297017289 0.0083456840599618227 0.024118496767471406 -0.0092341319931838264 0.0065130457023860819 -0.0047595181412820355 -0.034001306133402846 -0.021793193201588436 -0.017330481016340136 0.0040267587082754687 0.011447095331676095 0.0026898938110864034 0.0062334069446256845
leaf_weight=802.97121540829539 22.736429809592664 4208.3174391975626 1407.6702047900835 110.53485366050154 625.18922688532621 188.12222668481991 5910.6097384003951 242.81014175037853 40.882515911478549 559.33763520402135 516.55614608107135 31.505615638248855 17.055439475923777 41.299130863975734
leaf_count=45654 1072 45217 70127 1487 7721 7664 190803 5790 1953 15672 7209 1257 683 1834
internal_value=-0.000253298 0.000964875 0.00270151 -0.0120129 0.0101586 -0.0245599 -0.00223079 -0.0176346 0.00726817 -0.0213211 0.00789123 -0.015631 0.0351128 -0.00856053
internal_weight=14725.6 13770 12151.8 1618.18 4833.51 991.093 7318.28 955.627 121.974 833.653 627.091 590.843 39.7919 82.1816
internal_count=404143 375882 313868 62014 52938 53318 260930 28261 5542 22719 8696 16929 1755 3787
is_linear=0
shrinkage=0.05


Tree=53
num_leaves=15
num_cat=0
split_feature=92 52 68 103 103 50 52 74 59 76 78 80 103 99
split_gain=105.703 119.949 133.226 113.088 95.157 86.4249 67.5655 66.7113 51.1703 46.2391 23.4411 5.73197 4.32031 3.63847
threshold=0.35370088223019375 -0.37244897475502431 -0.32754717030309427 1.6537468726684661 -1.0062687450439463 1.0000000180025095e-35 0.36575637177159664 1.0027332063849075 0.82780018784961074 -0.0060070818223745557 -0.43880364502627972 -1.6877204739284049 1.6668440520615577 4.2365383379432489
decision_type=2 2 2 2 2 2 2 2 2 2 2 2 2 2
left_child=1 2 5 4 -3 -1 7 9 -9 -2 -4 -8 -5 -13
right_child=6 3 10 12 -6 -7 11 8 -10 -11 -12 13 -14 -15
leaf_value=-0.027177303525583951 -0.0096666784577774459 -0.0040070606573301979 -0.027849460828335046 -0.02117138161612335 0.0088686885033893385 0.0075661924501765707 -0.0010873463967014981 0.022836518150928433 -0.016250702814682709 0.0052613138146663163 0.010707429528016767 -0.036162065254337059 -0.039390228321580553 0.008649282712820722
leaf_weight=858.48657557182014 3222.9956994331733 1838.4488775834907 32.579269965179265 140.91793370759115 6448.2625949818175 220.72679694369435 13.514135072357019 326.8395852271351 103.43991245649522 611.2431216842233 620.72367721120827 197.93249331039988 82.462626869790256 1.0855886602948874
leaf_count=49933 124206 23941 776 1834 79042 8864 3534 10629 3927 41786 8304 46564 1030 212
internal_value=-0.000192913 0.00260835 -0.00934842 0.00505067 0.00601075 -0.0200671 -0.00659319 -0.00517836 0.0132842 -0.00727941 0.00839378 -0.0334736 -0.0292966 -0.0355155
internal_weight=14719.7 10242.6 1732.52 8510.09 8286.71 1079.21 4477.05 4264.52 430.279 3834.24 653.303 212.532 223.381 199.018
internal_count=404582 173724 67877 105847 102983 58797 230858 180548 14556 165992 9080 50310 2864 46776
is_linear=0
shrinkage=0.05


Tree=54
num_leaves=15
num_cat=0
split_feature=52 58 103 103 34 93 74 60 104 100 88 52 98 43
split_gain=103.317 105.828 94.6949 92.9224 44.8263 18.9935 25.1306 17.8677 15.7403 11.5642 10.8211 8.31979 8.13328 5.57275
threshold=0.051398925913451486 -0.72289674669349824 -1.3485434717826932 1.6537468726684661 -0.5857217338537849 -0.011301870479189234 1.7114540054125571 -1.1465283963761335 -0.41059111546000288 1.8546286992693914 0.10291067392082097 -0.34400593032113597 0.87647851128944454 0.58829178612541699
decision_type=2 2 2 2 2 2 2 2 2 2 2 2 2 2
left_child=1 7 4 -4 -3 10 9 12 -8 -7 13 -9 -1 -2
right_child=5 2 3 -5 -6 6 8 11 -10 -11 -12 -13 -14 -15
leaf_value=-0.023958801060862057 -0.014425305472354778 0.0026891963884142171 0.0037796323870351416 -0.02693523501208241 -0.016248715554248887 -0.031603119353552749 0.020098743013634863 -0.00043202601671908777 -0.022614071266766927 0.012582422510043049 0.027951308276512377 -0.014041449073101037 -0.0075876600717050885 0.018028349111745272
leaf_weight=453.2665298312786 60.946687648975058 449.1676321211271 11473.338089898141 241.74644077580888 997.95669008907862 383.98058895505528 41.024302423902554 220.2663461768534 27.439981767180143 10.354619713674763 16.365089835926483 220.49882250244264 105.01459605130367 7.3219361983065019
leaf_count=8272 8504 10288 255480 4126 23887 71919 2028 4018 3137 2320 2037 4873 2586 1207
internal_value=-0.000395384 0.000435439 0.00163061 0.00312338 -0.0103925 -0.0215098 -0.0254147 -0.0151708 0.00227943 -0.0301604 0.000272599 -0.00740079 -0.021067 -0.00908591
internal_weight=14708.7 14161.3 13162.2 11715.1 1447.12 547.433 462.799 999.046 68.4643 394.335 84.6337 440.765 558.281 68.2686
internal_count=404682 313530 293781 259606 34175 91152 79404 19749 5165 74239 11748 8891 10858 9711
is_linear=0
shrinkage=0.05


Tree=55
num_leaves=15
num_cat=0
split_feature=51 92 68 92 93 41 51 72 93 53 103 81 92 33
split_gain=110.361 104.642 158.891 156.539 91.6112 69.5235 54.635 29.2367 28.9759 21.5547 20.8475 20.4296 3.07069 4.83806
threshold=1.0937181677891508 -2.0030884045136608 -0.32754717030309427 -0.56398660305642301 -0.010830459807114301 -0.67216817762174286 -1.0087373215329134 -0.17707856097534178 -0.020245844483090466 1.4648983495931807 -0.81100415830080852 0.041463284396828524 -1.7644493701097368 -2.8069050393552581
decision_type=2 2 2 2 2 2 2 2 2 2 2 2 2 2
left_child=1 2 5 6 -5 -1 -3 12 10 -4 -9 -10 -2 -14
right_child=7 3 9 4 -6 -7 -8 8 11 -11 -12 -13 13 -15
leaf_value=-0.0028220185207563663 -0.011367283691722591 -0.0080027245505292482 0.022922505665671028 0.0047066360198270247 -0.0051486773860911338 -0.032561732928636976 0.015382433118208484 -0.011409462947675831 -0.02148968612852983 0.0024571275986683874 0.02433087714994276 0.0032731677371125646 -0.00060597883341367148 -0.032649541483291335
leaf_weight=279.01666844449937 37.394285302609205 271.76194302737713 170.03367786575109 4413.295341301935 5040.4292618553445 671.34855862008408 2454.9229732914828 65.474022817332298 374.38778541444481 461.11329314485192 81.495542561635375 103.24561580322916 12.723554575815795 256.74631464903359
leaf_count=14507 1699 2839 2242 99133 187198 38908 24986 2150 11143 6478 2699 3835 308 6428
internal_value=-0.000205799 0.00092655 -0.0111322 0.00250012 -0.000547796 -0.0239508 0.013031 -0.0167678 -0.0102815 0.00824212 0.00869626 -0.0161796 -0.0292291 -0.0312124
internal_weight=14693.4 13761.9 1581.51 12180.4 9453.72 950.365 2726.68 931.467 624.603 631.147 146.97 477.633 306.864 269.47
internal_count=404553 376291 62135 314156 286331 53415 27825 28262 19827 8720 4849 14978 8435 6736
is_linear=0
shrinkage=0.05


Tree=56
num_leaves=15
num_cat=0
split_feature=92 78 92 51 78 59 93 74 99 68 78 92 58 99
split_gain=104.124 106.888 109.842 111.816 76.0163 50.3146 26.8324 29.4103 21.7749 19.3102 33.8742 19.0252 14.2085 9.97495
threshold=0.71488715490418708 -0.13088521365849001 -2.0030884045136608 1.0937181677891485 -0.44348760662910253 -0.49619213937677825 -0.012740636792966173 1.4434497751969437 0.73937917689159571 -0.27018665976092793 0.15186993509857949 -0.51735186473912298 0.083776390851131852 0.31061910443139357
decision_type=2 2 2 2 2 2 2 2 2 2 2 2 2 2
left_child=1 2 4 -4 -1 -3 9 8 -8 10 -2 -7 -9 -11
right_child=6 5 3 -5 -6 11 7 12 -10 13 -12 -13 -14 -15
leaf_value=-0.024455238700425649 -0.012318875902283213 -0.010068277118337816 0.0023885137905195857 -0.017004675898733588 -0.00015171943167284019 0.021482094833855575 -0.028232976730214444 0.011561799913094192 0.0039319697262226189 -0.015716617653850851 0.06954494547795563 0.010491090266263398 -0.025591261638624119 0.020759615178705591
leaf_weight=764.57811751170084 20.140633620496374 226.96782512555365 9755.1511763883755 794.53020284848753 550.55679199565202 639.62857603072189 539.20568412644934 90.406015831467812 55.673804095953528 78.269953006471042 15.403169838129541 1111.0041411398561 24.660032144805882 14.602540014137046
leaf_count=43197 874 4730 164461 18116 18711 9180 84150 6113 9297 9465 556 32384 1785 1714
internal_value=-3.46369e-05 0.00100675 -0.000790254 0.00091323 -0.0143589 0.0117378 -0.0170385 -0.0207982 -0.0252075 0.0037481 0.0306378 0.0146061 0.00218989 -0.0085209
internal_weight=14680.8 13842.4 11864.8 10549.7 1315.13 1977.6 838.362 709.946 594.879 128.416 35.5438 1750.63 115.066 92.8725
internal_count=404733 290779 244485 182577 61908 46294 113954 101345 93447 12609 1430 41564 7898 11179
is_linear=0
shrinkage=0.05


Tree=57
num_leaves=15
num_cat=0
split_feature=57 58 19 83 80 103 59 50 50 82 52 93 29 82
split_gain=100.835 103.153 92.9268 85.0935 21.7694 15.4152 14.0981 9.0226 12.8703 7.5274 7.08387 6.12989 5.48485 4.44437
threshold=-0.067094722231471102 0.21301403289020987 -1.0436760465152217 1.0000000180025095e-35 1.0000000180025095e-35 0.86519241697035631 -2.3823205858884315 -0.22717005321119652 -0.22717005321119785 1.0000000180025095e-35 -0.3336880275770498 -0.0093959354902861478 0.60544700348214009 1.0000000180025095e-35
decision_type=2 2 2 2 2 2 2 2 2 2 2 2 2 2
left_child=6 2 5 -4 11 -2 12 8 -8 -6 -9 -3 13 -1
right_child=1 4 3 -5 9 -7 7 10 -10 -11 -12 -13 -14 -15
leaf_value=-0.033819409801731308 -0.0155901599267366 -0.013405236291583938 0.002107099442827325 0.01992695962165951 -0.010454651225637454 0.0014930964465473303 -0.011832028715032219 -0.0094585465163682554 0.024815886393679633 0.0095522632090746656 -0.022253945737689303 -0.028927736861528781 -0.00026749251888654683 -0.0077911510899883853
leaf_weight=166.76152657596685 813.30668702608091 118.15314149412734 11422.906667676682 701.97986787371337 367.21639866634359 155.30630035181821 54.61991437539109 256.13279497809708 28.136676010341034 45.788234746432863 218.31982106389478 274.04336599256203 15.958629801840287 25.864968128385954
leaf_count=3965 18258 4895 327210 10057 10452 3300 1327 4412 948 828 6660 11261 417 440
internal_value=-9.11101e-05 0.000887486 0.00196048 0.00315437 -0.0163707 -0.0128638 -0.0176345 -0.0130753 0.00196008 -0.00806318 -0.0156842 -0.024701 -0.0286586 -0.0308814
internal_weight=14664.5 13898.7 13093.5 12124.9 805.201 968.613 765.794 557.209 82.7566 413.005 474.453 392.197 208.585 192.626
internal_count=404430 386261 358825 337267 27436 21558 18169 13347 2275 11280 11072 16156 4822 4405
is_linear=0
shrinkage=0.05


Tree=58
num_leaves=15
num_cat=0
split_feature=82 103 81 93 80 40 37 34 35 68 103 96 100 92
split_gain=99.886 86.3847 86.5998 213.362 109.641 33.9287 32.9281 22.4553 21.1858 16.6195 9.39989 8.67521 3.57741 4.11245
threshold=1.0000000180025095e-35 -1.3485434717826932 0.073201548688573981 -0.012629093022319108 0.22986244827206095 -2.6508529397235434 -0.54275632254470618 -1.0147238504861613 -0.61236042268702484 -0.2447714580631031 0.13636009147245248 0.61828234568668383 -0.26358369408092958 0.30137713672297678
decision_type=2 2 2 2 2 2 2 2 2 2 2 2 2 2
left_child=1 7 3 -3 -4 12 10 11 -8 -9 -7 -1 -2 -14
right_child=5 2 4 -5 -6 6 8 9 -10 -11 -12 -13 13 -15
leaf_value=-0.0031089169961744318 0.0010016886129032949 0.0031833157524481315 0.015868059640753437 -0.013909553288679931 -0.00083292767418299016 0.011344469509989493 0.0078158874139735209 -0.016657903620650148 0.023229625483023153 0.0027524482875696719 -0.017837961375838065 0.021196847036919094 -0.029594477376450976 -0.00053066708356113703
leaf_weight=99.203652052514371 20.108599117957056 5091.6167907555937 1660.1882376321228 2833.8661797702371 2385.1834078660686 31.576148683438078 342.78282566269627 1181.0468280336208 711.71100941443001 118.65121748673846 81.17712885333458 46.402501702614245 40.828883179463446 16.490172242745757
leaf_count=3111 375 118230 33246 130792 58058 496 6603 29124 11699 7851 1193 2358 633 539
internal_value=-3.81659e-05 -0.00129891 9.93903e-05 -0.0029383 0.00604325 0.0134533 0.0156022 -0.0128016 0.0183396 -0.0148784 -0.00940712 0.00550139 -0.0170215 -0.022554
internal_weight=14660.8 13416.2 11970.9 7925.48 4045.37 1244.67 1167.25 1445.3 1054.49 1299.7 112.753 145.606 77.4277 57.3191
internal_count=404308 382770 340326 249022 91304 21538 19991 42444 18302 36975 1689 5469 1547 1172
is_linear=0
shrinkage=0.05


Tree=59
num_leaves=15
num_cat=0
split_feature=21 52 103 83 103 26 93 79 68 52 6 96 88 10
split_gain=90.9733 90.2995 86.8309 88.5119 16.9758 11.1673 10.349 9.555 9.26932 8.7339 8.23186 7.31803 5.69394 3.0294
threshold=-1.0476932615523236 0.24542024442444599 1.6537468726684661 1.0000000180025095e-35 0.42776110811993223 -0.78978109806226715 -0.012126150892824279 -0.54399688381477063 -0.17661969358157106 -0.36318172037478652 0.2562549194145059 -1.0617900749940747 0.10291067392082097 1.056430056779792
decision_type=2 2 2 2 2 2 2 2 2 2 2 2 2 2
left_child=4 2 3 -2 8 10 12 -8 11 -4 -6 -1 -3 -10
right_child=1 6 9 -5 5 -7 7 -9 13 -11 -12 -13 -14 -15
leaf_value=-0.010688426632356094 0.0010993515529482622 -0.011197156768037895 0.0023631391132974207 0.018168508022017048 -0.0079293068016898349 -0.021975879241709309 -0.0076178585875860926 -0.035076112717668674 0.01162076034822996 -0.03100929276394675 0.011439760661556705 -0.022242506001103925 0.025513586423416747 -0.0081558052339451414
leaf_weight=224.45368113723816 12258.733973561553 21.457416671255491 20.023206240031868 799.78081203089096 90.23164555960102 47.811896575265564 45.203605698101455 194.74896105986409 27.266403955640271 210.8835339860525 112.17622438175022 532.9490292659757 5.929805934050818 30.530230178832426
leaf_count=5017 303208 3695 543 10867 1915 940 15627 41851 859 3544 2589 12219 798 774
internal_value=-8.70697e-05 0.00102261 0.00161072 0.00215787 -0.0140853 -0.0025654 -0.0272162 -0.0304151 -0.0175473 -0.0281374 0.0028384 -0.0190024 0.0014495 0.00151198
internal_weight=14622.2 13556.8 13289.4 13058.5 1065.42 250.22 267.34 239.953 815.199 230.907 202.408 757.403 27.3872 57.7966
internal_count=404446 380133 318162 314075 24313 5444 61971 57478 18869 4087 4504 17236 4493 1633
is_linear=0
shrinkage=0.05


Tree=60
num_leaves=15
num_cat=0
split_feature=59 19 59 92 103 41 73 58 81 68 68 26 23 103
split_gain=90.4925 92.6867 86.2505 81.8223 24.8135 22.6236 19.1416 18.0084 14.648 14.4498 8.5548 5.5868 7.84468 3.69524
threshold=1.0901820934443369 -0.54307670789317364 -0.99836662478350602 0.77670488547758276 0.6042415292037745 -0.596108858819964 -0.43133872539592449 -0.21387949906916906 0.15085085391268599 -0.20137632701992939 -0.32268520956446817 -1.2753826625118747 -0.053896360011836661 0.77255190098957793
decision_type=2 2 2 2 2 2 2 2 2 2 2 2 2 2
left_child=1 4 7 -4 9 -6 11 -3 10 -1 -8 -2 -13 -10
right_child=6 2 3 -5 5 -7 8 -9 13 -11 -12 12 -14 -15
leaf_value=-0.014457939599580513 -0.024923535625088269 -0.015440368027893307 0.0043197486716135356 -0.031806408986095956 -0.014693748105094405 0.0079922541421526255 -0.025780226393351421 -0.0034734192407862834 -0.005720773032582907 0.0015678665328140659 -0.0054424321418677785 -0.0080414652413043023 0.011235415665130697 0.017151206873685116
leaf_weight=1291.3586872408923 16.972717331373133 680.66482081235154 10470.914508600603 149.22821538095013 155.00348762974318 319.09335360382101 474.42896603966801 590.56865093362285 42.381656489247689 155.62928286455281 64.801533719575673 127.43744891165989 75.707112195290392 16.84627316557453
leaf_count=28581 407 15582 262465 42011 2955 6835 16232 12075 1978 4050 4869 3488 2005 883
internal_value=-0.000303176 0.000659122 0.00230732 0.00378268 -0.00950223 0.00042487 -0.0163528 -0.00995146 -0.02093 -0.0127354 -0.0234797 -0.00353949 -0.000667357 0.00232251
internal_weight=14631 13812.5 11891.4 10620.1 1921.08 474.097 818.576 1271.23 598.458 1446.99 539.23 220.117 203.145 59.2279
internal_count=404416 374554 332133 304476 42421 9790 29862 27657 23962 32631 21101 5900 5493 2861
is_linear=0
shrinkage=0.05


Tree=61
num_leaves=15
num_cat=0
split_feature=51 82 81 93 79 19 85 51 6 104 47 48 46 13
split_gain=101.866 118.711 97.4927 205.922 92.448 25.2864 30.5396 10.934 9.62066 4.99335 4.53301 4.48216 4.41785 4.01515
threshold=-1.1839419456430866 1.0000000180025095e-35 0.073201548688573981 -0.010550754435573106 0.27813942418709542 -0.83934978585316211 -0.12948006670716258 -2.4103743144142942 -1.1356436861546642 -0.37605310091111549 -0.98269025321783754 0.66792554129170123 -0.64390922478655588 1.8667149222396888
decision_type=2 2 2 2 2 2 2 2 2 2 2 2 2 2
left_child=7 2 3 -2 -4 10 -7 9 12 13 -3 -10 -9 -1
right_child=1 5 4 -5 -6 6 -8 8 11 -11 -12 -13 -14 -15
leaf_value=-0.028585209534757357 0.0025220914203374933 -0.0087484791870853507 0.014165101742378564 -0.013936158716634693 -0.00078393151306966875 0.0099932322897255867 0.028229592883389151 -0.0080997071968697525 -0.01567021138930964 -0.00038100151450123725 0.0071156312924427825 -0.0072069016780109702 0.016410577094455137 -0.00580652994931474
leaf_weight=192.75519922973763 5280.8744409134815 87.215036137960851 1879.3784501885748 2956.9641852226123 2282.7945264821465 446.43957761989441 501.88924208318349 22.995293509156909 549.71962192561477 20.907964282901958 74.164693079306744 255.60325697646476 35.300012094900012 27.874725146917626
leaf_count=4259 128574 1740 42510 137784 52576 6451 9236 487 11761 569 1309 5785 838 639
internal_value=-3.5179e-05 0.00116289 -0.000244816 -0.00339532 0.00598389 0.0167545 0.0198384 -0.0145598 -0.0116858 -0.0239626 -0.00146808 -0.0131054 0.00697189 -0.0260839
internal_weight=14614.9 13509.7 12400 8237.84 4162.17 1109.71 948.329 1105.16 863.618 241.538 161.38 805.323 58.2953 220.63
internal_count=404518 380180 361444 266358 95086 18736 15687 24338 18871 5467 3049 17546 1325 4898
is_linear=0
shrinkage=0.05


Tree=62
num_leaves=15
num_cat=0
split_feature=92 92 92 68 51 51 59 94 99 93 51 92 44 51
split_gain=77.8471 85.5751 124.8 113.983 69.3267 67.3739 52.0628 23.5416 10.2214 9.72167 4.96906 3.32763 3.12705 2.7322
threshold=0.76560988608685865 -2.0030884045136608 -0.56398660305642301 -0.32754717030309427 1.0937181677891508 1.0937181677891485 0.36774694546650288 0.064574653776015081 0.59497350658886849 -0.013063988617152926 0.37537920893744275 0.79019349223787183 1.4534578056779053 0.37537920893744275
decision_type=2 2 2 2 2 2 2 2 2 2 2 2 2 2
left_child=1 3 6 5 -4 -1 -3 -5 9 10 -2 13 -11 -10
right_child=8 2 4 7 -6 -7 -8 -9 11 12 -12 -13 -14 -15
leaf_value=-0.025157024018406762 -0.010649199650490267 0.012761602237999884 0.00011147896557641897 0.0020299867283241576 -0.017090637090371903 0.014770340776166303 -0.012250100242452057 0.02853308932535005 0.022973464073476921 -0.033019612980818173 0.026566082417712675 -0.013839090196883182 0.0032484816391984621 -0.0056127311917917146
leaf_weight=907.57070558192208 16.342907510857916 2663.9489363732282 9135.877620281186 558.71543708187528 615.81512208539061 112.79625753685832 217.81166440388188 88.972095355391502 9.5613975981687016 220.39422647251195 3.6964782008435568 12.215069601501453 4.3493126997636855 9.0679202850442362
leaf_count=52873 2832 26956 223617 7845 18157 5790 2883 1134 2052 52071 294 5359 948 1274
internal_value=-0.000210915 0.00030507 0.00171291 -0.0103043 -0.000991222 -0.0206427 0.0108353 0.00604917 -0.0260572 -0.0293488 0.00277405 0.000855285 -0.0322093 0.0119587
internal_weight=14577.1 14301.5 12633.5 1668.05 9751.69 1020.37 2881.76 647.688 275.627 244.783 20.0394 30.8444 224.744 18.6293
internal_count=404085 339255 271613 67642 241774 58663 29839 8979 64830 56145 3126 8685 53019 3326
is_linear=0
shrinkage=0.05


Tree=63
num_leaves=15
num_cat=0
split_feature=58 58 83 79 51 60 93 51 46 52 41 41 98 27
split_gain=80.465 79.4768 68.1127 89.6831 34.9216 23.2752 15.4626 17.0705 9.51714 12.2991 8.25813 7.23991 6.49415 8.38864
threshold=-1.1596105586908632 0.083776390851131852 1.0000000180025095e-35 -0.14783409399488989 -0.65832807331257148 -1.3384248293111003 -0.0086387911219054439 -0.30791882509222429 1.1314763419655651 -0.33367079067422589 1.2680359001763637 -1.3802112908310304 0.22706088528209892 0.35195010627868412
decision_type=2 2 2 2 2 2 2 2 2 2 2 2 2 2
left_child=5 2 3 -2 -4 12 11 -8 9 -7 -10 -3 -1 -14
right_child=1 6 4 -5 -6 8 7 -9 10 -11 -12 -13 13 -15
leaf_value=-0.02758772210329935 0.0084202706996080578 0.022356389652486108 0.0023159189123689618 -0.0016424708048505864 0.023467307313464861 -0.0021976016289482728 -0.0032033444020463232 -0.025699977766882043 0.026118807231182286 -0.020049302036156735 -0.010229154804359705 -0.0078188263648866548 0.0055455610950696657 -0.023901647702618933
leaf_weight=300.16027457247401 2901.352639066492 11.491409993293926 315.74393276555929 9237.7606696341318 511.21960478456458 231.90404086606577 114.88988621014869 343.01350524028385 28.335594627729733 158.75268861289078 19.234354100597557 357.71780380855489 41.261178186745383 39.593370093105477
leaf_count=6251 102424 313 5335 241546 6392 4038 2115 15333 820 5329 522 11544 1447 1237
internal_value=-0.000152259 0.000756641 0.00171941 0.000767562 0.0155156 -0.0152796 -0.0141763 -0.0202446 -0.00716768 -0.00977141 0.012198 -0.00631486 -0.0241876 -0.00991795
internal_weight=14612.4 13793.2 12966.1 12139.1 826.964 819.242 827.113 457.903 438.227 390.657 47.5699 369.209 381.015 80.8545
internal_count=404646 385002 355697 343970 11727 19644 29305 17448 10709 9367 1342 11857 8935 2684
is_linear=0
shrinkage=0.05


Tree=64
num_leaves=15
num_cat=0
split_feature=51 51 52 68 52 79 93 51 103 65 58 28 52 54
split_gain=80.7446 85.3187 102.693 160.402 105.085 50.3435 45.3318 18.6035 16.4658 15.0453 14.2897 10.0422 6.7722 6.80413
threshold=-1.0087373215329134 0.7433089195688064 -0.37244897475502431 -0.32754717030309427 -0.34659685203449203 0.0079729372890593193 -0.019081888654587997 -2.4103743144142942 1.3869191317049456 1.0000000180025095e-35 -1.5771226766333963 0.24116378672027125 -0.36405270424136393 -0.047227852771678742
decision_type=2 2 2 2 2 2 2 2 2 2 2 2 2 2
left_child=7 2 3 -2 -4 6 -3 12 -7 10 -9 -11 13 -1
right_child=1 5 4 -5 -6 8 -8 9 -10 11 -12 -13 -14 -15
leaf_value=-0.019554471271759633 -0.027015221169883349 0.015122881794675566 0.010545456569896489 0.0084210591679502785 0.00015042953485379788 -0.02460201936977735 -0.0090900443245412656 -0.024706719060352208 0.004737560821764162 -0.025194773693421657 -0.0044991734199739536 0.0026579136291169751 -0.026360813820486918 0.016520985152207443
leaf_weight=15.562902357429264 677.16715438384563 248.41009368561208 4153.8290920527652 589.68066434306093 5843.6301771308426 490.90464526959113 759.74690989684314 85.043458892730996 49.620122507156339 169.5508078924031 1244.7319806893938 37.289600565331057 199.87815004166623 16.792970693670213
leaf_count=696 40563 8193 43268 7922 223995 15738 25073 2084 1630 3628 26290 754 3904 780
internal_value=-0.000125771 0.00125915 0.0027741 -0.0105839 0.00447567 -0.00970688 -0.00303404 -0.0101084 -0.0218715 -0.00801202 -0.00596628 -0.0202824 -0.023076 -0.001351
internal_weight=14581.8 12813 11264.3 1266.85 9997.46 1548.68 1008.16 1768.85 540.525 1536.62 1329.78 206.84 232.234 32.3559
internal_count=404518 366382 315748 48485 267263 50634 33266 38136 17368 32756 28374 4382 5380 1476
is_linear=0
shrinkage=0.05


Tree=65
num_leaves=13
num_cat=0
split_feature=103 52 52 52 34 81 93 100 52 42 6 6
split_gain=71.9201 68.9235 70.0711 106.692 57.605 16.8813 12.8805 6.23771 5.02686 2.54989 0.824019 0.388472
threshold=1.660889095458427 0.24542024442444599 -0.37244897475502431 -0.35905268784198824 -0.61310484768138329 -2.3766094066167587 -0.012126150892824279 -0.27761367309501145 0.75630842134921594 -0.16983794933784788 0.06203650933508674 -0.42350951586346092
decision_type=2 2 2 2 2 2 2 2 2 2 2 2
left_child=1 2 4 -4 -1 8 -7 10 -3 -9 -2 -11
right_child=7 5 3 -5 -6 6 -8 9 -10 11 -12 -13
leaf_value=0.0050418442673475002 -0.038512873849713275 0.028669010411883591 0.010612970237402521 -0.00034691687831054524 -0.015140111064179763 0.0033100701918983358 -0.03244130484445925 0.0022774654180628042 -0.010938925107898276 -0.022709591838626322 -0.011329332081439535 -0.0058906305337076068
leaf_weight=509.20918068708852 111.87442484602798 11.230725196888672 2873.0757535528392 9660.5120263492572 1117.1855636094697 26.486471630661981 209.15095408771595 17.171887797187082 6.1510567460936718 23.654821019736119 13.504131898982449 13.962356436590197
leaf_count=20123 1834 699 29288 241855 47090 4500 56725 349 959 497 230 277
internal_value=2.97765e-05 0.000432532 0.000902979 0.00217188 -0.00882913 -0.0249289 -0.0284516 -0.0305182 0.0157765 -0.0130201 -0.0366382 -0.019015
internal_weight=14593.2 14413 14160 12533.6 1626.39 253.019 235.637 180.168 17.3818 54.7891 125.379 37.6172
internal_count=404426 401239 338356 271143 67213 62883 61225 3187 1658 1123 2064 774
is_linear=0
shrinkage=0.05


Tree=66
num_leaves=15
num_cat=0
split_feature=58 92 78 52 74 104 93 74 46 27 36 92 93 48
split_gain=87.2125 69.273 86.2967 88.7653 33.3612 34.2367 34.0263 22.998 14.0463 8.82686 7.95259 7.11849 6.54113 4.96497
threshold=-0.6363546577294078 0.69993074486536566 -0.1702565131311061 -0.37244897475502431 1.356385492054428 -0.41059111546000288 -0.012740636792966173 -0.34594583686134078 0.48588159041933926 0.56634336665059404 -0.73239575117316835 -0.011066212451110542 -0.0084651389068389916 1.2375893730787799
decision_type=2 2 2 2 2 2 2 2 2 2 2 2 2 2
left_child=8 2 3 -2 6 -6 -3 -4 10 12 13 -12 -10 -1
right_child=1 4 7 -5 5 -7 -8 -9 9 -11 11 -13 -14 -15
leaf_value=0.012921461708707194 -0.012974993462417509 0.0052172687284193124 0.0063054322404074358 0.0016624281807898025 0.029469725851958437 -0.019254371942540927 -0.021482538831320043 0.017128947189277606 -0.0045847572954861391 -0.013453538918690078 -0.012922275533902709 -0.023475200460402135 0.016560742646143715 -0.018259029363291331
leaf_weight=30.603730770148104 1152.1962330783717 143.0562374516303 1074.7103817318857 9509.6553740545642 79.23491888512217 51.664349685212073 618.4506961561201 923.65821275458438 72.803521192239714 105.67432815182838 362.60385348182172 379.0096884484592 57.375095508963568 8.8651045283768308
leaf_count=853 56692 13217 25031 160076 3594 5396 96453 19716 1959 2748 6606 10496 1508 236
internal_value=-0.000155574 0.000908279 0.00186093 6.99274e-05 -0.0124775 0.0102372 -0.0164641 0.0113685 -0.0142043 -0.00333566 -0.0174024 -0.018556 0.0052515 0.00364272
internal_weight=14569.6 13552.6 12660.2 10661.9 892.406 130.899 761.507 1998.37 1016.94 235.853 781.082 741.614 130.179 39.4688
internal_count=404581 380175 261515 216768 118660 8990 109670 44747 24406 6215 18191 17102 3467 1089
is_linear=0
shrinkage=0.05


Tree=67
num_leaves=15
num_cat=0
split_feature=103 65 92 34 92 37 92 83 103 49 51 72 47 74
split_gain=94.0874 83.7434 58.3552 53.5523 44.2889 30.9818 29.7336 25.6058 21.2922 18.5932 11.9995 10.91 7.79001 4.47664
threshold=-1.0922301378962145 1.0000000180025095e-35 0.77176753000270637 -0.91431909978496695 -2.0030884045136608 0.1766075717922303 0.1180592039383012 1.0000000180025095e-35 -1.5966829838425856 -1.5902829869518105 1.0937181677891508 -0.2029378143545246 0.46706136289517525 2.6329461548001114
decision_type=2 2 2 2 2 2 2 2 2 2 2 2 2 2
left_child=3 2 4 10 -2 6 -3 8 -5 -9 11 -1 -7 -4
right_child=1 5 13 7 -6 12 -8 9 -10 -11 -12 -13 -14 -15
leaf_value=0.0069944099000967628 -0.0052331620937844199 -0.0032478836384353046 -0.029051604615772754 -0.022505906110042093 0.0056195043288690761 0.020897018209766079 -0.014782457039195063 -0.0088089577959863854 -0.01009206462370851 0.031071689980226903 -0.020685831624073989 0.031179458267142347 -0.0078865549930483541 0.0013560873972968844
leaf_weight=312.65852150275896 1053.3579934705049 1426.2297133649699 132.82602157696965 434.84674385373364 8221.1347963781445 114.85819926018303 916.70302158960112 49.777570532634854 1765.8344799510305 50.616486822837032 23.509488496434642 47.243210253174766 23.379654809396015 12.275210881241945
leaf_count=9791 41016 23454 38426 12546 189037 2871 31247 904 49294 735 679 2615 581 1221
internal_value=-0.00018327 0.00172561 0.00387833 -0.00862064 0.0043826 -0.0064298 -0.00780458 -0.0114997 -0.0126357 0.0122912 0.00851131 0.0109262 0.0158253 -0.0265576
internal_weight=14585.3 11900.8 9419.59 2684.49 9274.49 2481.17 2342.93 2301.08 2200.68 100.394 383.411 359.902 138.238 145.101
internal_count=404417 327853 269700 76564 230053 58153 54701 63479 61840 1639 13085 12406 3452 39647
is_linear=0
shrinkage=0.05


Tree=68
num_leaves=15
num_cat=0
split_feature=59 59 21 28 103 81 82 75 87 57 44 52 104 49
split_gain=78.2574 69.0515 69.1754 62.2601 18.286 17.2718 13.9155 13.6316 11.7392 10.0414 8.61001 7.38173 6.70094 4.1522
threshold=-1.5779823421987709 1.0901820934443369 -0.81180779383139401 0.51244506610505669 -0.012524675882296112 0.080479461017542844 1.0000000180025095e-35 0.40800807362166219 0.15952286126607629 -0.00057645075531009913 -0.16209840438720635 -0.18209283447970268 -0.44264198389549758 -0.98376907252743717
decision_type=2 2 2 2 2 2 2 2 2 2 2 2 2 2
left_child=6 2 4 -4 -2 8 7 9 -3 -1 -8 -7 -9 -12
right_child=1 5 3 -5 -6 11 10 12 -10 -11 13 -13 -14 -15
leaf_value=-0.026270417850614555 -0.013013182670287544 -0.019012226859962608 0.0047256492130063202 -0.0050019925563112126 -0.0014278486443680366 0.0068610775227555603 -0.009342083634983676 0.02810492386870744 0.0056822120653272513 -0.013395071336562231 -0.0020489555406317029 -0.01791746351975855 -0.0050935653751923021 0.025662403204817604
leaf_weight=280.13316320942977 880.75826182158198 582.49110444372491 9441.5292042303336 1982.8866250327992 555.85023233576067 125.92576052714139 69.590526131913066 13.349670640658585 48.004367882014776 416.18606847111369 18.812634553061798 28.644507390912622 36.782455264066812 28.08267478866037
leaf_count=6840 20791 23069 267189 54956 11716 2353 1023 224 1690 9033 332 2723 1452 443
internal_value=-7.82547e-05 0.000849574 0.00173231 0.00303437 -0.00857146 -0.0134515 -0.0145922 -0.0170702 -0.0170727 -0.0188735 0.00138131 0.00145947 0.00695055 0.0161394
internal_weight=14509 13646.1 12861 11424.4 1436.61 785.066 862.937 746.451 630.495 696.319 116.486 154.57 50.1321 46.8953
internal_count=403834 384487 354652 322145 32507 29835 19347 17549 24759 15873 1798 5076 1676 775
is_linear=0
shrinkage=0.05


Tree=69
num_leaves=15
num_cat=0
split_feature=103 65 52 57 34 52 74 103 82 103 81 99 68 79
split_gain=68.1134 85.2221 56.2439 52.3043 39.4411 29.9248 43.4693 26.9619 18.0243 16.6743 15.6922 11.7412 9.22663 8.88056
threshold=-1.3485434717826932 1.0000000180025095e-35 0.14695176587225203 -0.066380306875710726 -0.27537977714100181 -0.31443496165076923 0.025805858900413672 1.6429510714925157 1.0000000180025095e-35 -1.5493747465591574 -1.8001221405589571 -0.067457980806705523 -0.24860356779613549 -0.20739373479714548
decision_type=2 2 2 2 2 2 2 2 2 2 2 2 2 2
left_child=4 2 3 -2 8 7 -7 -3 9 -1 -4 13 -13 -6
right_child=1 5 10 -5 11 6 -8 -9 -10 -11 -12 12 -14 -15
leaf_value=-0.0099138416473170399 -0.010828843532581399 -0.0015209113777228517 0.014247691581648105 0.0050977060009858282 0.018166827586296033 -0.021184730202990117 0.0070487295762379819 -0.02813796828165209 0.0255238440006548 0.0062997024588056019 -0.022967397891057797 -0.022336689249971869 8.5294692787976211e-05 -0.010168080297686347
leaf_weight=367.27491091849515 535.37154996325262 1751.6619888867717 25.290075375669403 9646.6285116014333 22.786671314795967 583.62824276202446 171.54916026286082 90.712190442718565 50.014000322902575 264.64534216064203 233.43313898432098 551.16349998344231 49.883872021731804 188.86449375248048
leaf_count=11032 11655 28331 2224 227604 663 23913 7439 1289 964 8930 57000 14676 3564 4652
internal_value=0.000480593 0.00164185 0.00365838 0.00425048 -0.00959313 -0.0064464 -0.0147628 -0.00297627 -0.00069121 -0.00313132 -0.0189348 -0.0169635 -0.0205048 -0.00643552
internal_weight=14532.9 13038.3 10440.7 10182 1494.63 2597.55 755.177 1842.37 681.934 631.92 258.723 812.699 601.047 211.651
internal_count=403936 359455 298483 239259 44481 60972 31352 29620 20926 19962 59224 23555 18240 5315
is_linear=0
shrinkage=0.05


Tree=70
num_leaves=15
num_cat=0
split_feature=51 103 103 84 93 60 86 79 72 81 12 52 45 100
split_gain=65.9107 71.7409 85.5906 66.23 37.4295 33.49 26.7143 25.702 24.0301 27.861 6.517 6.23208 6.18178 4.07857
threshold=0.91851354367897697 1.6537468726684661 0.9559226629968961 1.0000000180025095e-35 -0.020382474044583258 -1.6187919162085314 -0.20121573184360605 -0.089928029104892115 -0.16994595686375721 0.041463284396828524 -2.9279945433562236 -0.36318172037478652 -0.36636100634195479 -0.25324463329430874
decision_type=2 2 2 2 2 2 2 2 2 2 2 2 2 2
left_child=1 2 3 -1 6 -4 7 -2 10 -10 -6 -3 -8 -13
right_child=4 11 5 -5 8 -7 12 -9 9 -11 -12 13 -14 -15
leaf_value=-0.0018398478737351024 0.03211726175956358 0.00024501677591819919 -0.0094413274447385197 0.016238990647609711 0.007588226839594917 0.010360005976880374 -0.021242287918660917 -0.013792608815774446 -0.017518623107569065 0.0089976008036055499 -0.03173283821748956 -0.033264282851305157 0.00039107910157343381 -0.013922579538891727
leaf_weight=9872.4738112732666 94.421428357250988 20.064801087137312 224.36058536390192 523.98614884528797 7.385263920761644 2667.8697374618787 66.684847878757864 36.410716555546969 408.17624996761151 122.91115197993349 241.64126747151022 152.11577424581628 57.372597253415734 58.947972338472027
leaf_count=278675 3226 556 4655 6955 222 76068 2186 1069 13381 4673 7126 2475 1864 1201
internal_value=-0.000219596 0.000715012 0.00120457 -0.000913937 -0.012318 0.00879671 0.00419417 0.0192684 -0.0176979 -0.011329 -0.0303188 -0.0263147 -0.0119547 -0.0287365
internal_weight=14554.8 13519.8 13288.7 10396.5 1035 2892.23 254.89 130.832 780.114 531.087 249.027 231.129 124.057 211.064
internal_count=404332 370585 366353 285630 33747 80723 8345 4295 25402 18054 7348 4232 4050 3676
is_linear=0
shrinkage=0.05


Tree=71
num_leaves=15
num_cat=0
split_feature=103 52 52 73 27 59 52 44 34 52 27 72 54 54
split_gain=66.6266 67.9966 76.9474 64.9455 58.7813 56.5551 37.2074 33.4828 7.42916 7.71557 5.35349 2.61685 0.698253 0.0824603
threshold=1.6537468726684661 -0.31443496165076923 -0.37244897475502431 -0.3680549110047337 -1.2862342934861657 1.7018035703237635 -0.15475547499372241 -0.3875094377795581 -1.3433212164173436 -0.35090984956517568 -0.79697787879129456 -0.45487455499581336 -0.048137353561951056 -0.055802583156096174
decision_type=2 2 2 2 2 2 2 2 2 2 2 2 2 2
left_child=1 2 4 7 -1 -4 -5 -3 12 10 -10 -11 13 -2
right_child=8 3 5 6 -6 -7 -8 -9 9 11 -12 -13 -14 -15
leaf_value=0.043036621675288378 -0.019951575137797006 -0.018138164449021926 0.0052839111816672928 0.0069096503270189213 -0.0091172535438602577 -0.02030009683229048 -0.0065904327006178461 -0.0057707814131372527 0.020750842370302669 -0.026827592809026177 -0.0098168441290780329 -0.0032444980786820962 -0.037446078973577983 -0.0061071431474776826
leaf_weight=46.17403812892735 14.558776467951249 883.70191692970548 8052.8204329346772 1278.6923077540705 1551.911551540019 212.29805315891281 835.43996239252738 1450.7231435257199 14.012722491286693 65.141125365917105 25.964476935565472 17.514964133966714 94.040890653384849 14.409128762898034
leaf_count=1694 281 41034 96131 37697 65577 3445 87916 65958 246 1359 484 424 1692 268
internal_value=-0.000105314 0.000346377 0.00266051 -0.00477891 -0.0073521 0.00460302 0.00156892 -0.0105099 -0.0254061 -0.0147768 0.00290586 -0.0227198 -0.0340953 -0.0163996
internal_weight=14557.4 14311.8 9863.2 4448.56 1598.09 8265.12 2114.13 2334.43 245.642 122.633 39.9772 82.6561 123.009 28.9679
internal_count=404206 399452 166847 232605 67271 99576 125613 106992 4754 2513 730 1783 2241 549
is_linear=0
shrinkage=0.05


Tree=72
num_leaves=15
num_cat=0
split_feature=58 58 21 19 44 73 68 38 48 25 100 54 59 39
split_gain=65.9272 67.4582 58.4106 64.7301 18.0355 13.192 8.97832 8.64573 6.65491 10.7977 9.13587 5.13624 2.73446 4.27938
threshold=-1.8194812726704492 1.0000000180025095e-35 -0.81180779383139401 0.79526029944331456 0.42570760570417848 -0.59186383404894383 -0.32754717030309427 0.95692048484025505 0.78892274039159527 -0.25252635087863823 -0.25437448174716087 -0.059522048977826356 -2.5594994504946986 0.68076786345863338
decision_type=2 2 2 2 2 2 2 2 2 2 2 2 2 2
left_child=8 2 4 -4 -2 7 -7 -3 9 10 -1 -11 -10 -14
right_child=1 5 3 -5 -6 6 -8 -9 12 11 -12 -13 13 -15
leaf_value=-0.026103401212059726 -0.0044532431676877204 -0.0075537755907464869 0.0040769816345652549 -0.0078308183689356006 -0.017147770193038057 -0.020117069183162251 -0.0056168908558364063 0.014180278903667435 -0.03267421942676247 -0.016791216017257856 -0.0010061135390586468 0.0037936596414773018 -0.021972250696019994 -0.00073065596479867441
leaf_weight=133.07984143573412 1066.1610399840938 201.04370940972876 10465.131801812116 1271.4844482879125 375.0640373530041 459.0150099718594 150.85440438631485 48.71062038654054 74.543234078795649 30.412836375311599 49.674176799700945 111.85387566942518 100.55168365241843 31.081200147862546
leaf_count=2835 23394 4348 293600 33932 9491 16891 8662 1079 1891 804 1538 3128 2413 831
internal_value=6.47118e-05 0.000724408 0.00161334 0.00278138 -0.00785226 -0.0127645 -0.0166789 -0.00293217 -0.0170598 -0.011973 -0.0196878 -0.00142059 -0.0241538 -0.0173624
internal_weight=14568.7 14037.5 13177.8 11736.6 1441.23 859.624 609.869 249.754 531.197 325.021 182.754 142.267 206.176 131.633
internal_count=404837 391397 360417 327532 32885 30980 25553 5427 13440 8305 4373 3932 5135 3244
is_linear=0
shrinkage=0.05


Tree=73
num_leaves=15
num_cat=0
split_feature=58 58 21 103 103 93 61 46 51 51 75 13 75 82
split_gain=69.6714 63.4335 64.1744 53.1307 16.3516 15.1206 12.1489 13.9524 12.0046 10.8018 8.02458 8.01946 6.57255 6.45141
threshold=-0.60253406358405781 1.0000000180025095e-35 -0.81180779383139401 1.6537468726684661 -0.012524675882296112 -0.015339491315841577 -0.49927820478070412 0.9700776540790087 0.7433089195688064 0.37537920893744275 0.048127044771045201 0.29600573906466815 -0.12180556353601692 1.0000000180025095e-35
decision_type=2 2 2 2 2 2 2 2 2 2 2 2 2 2
left_child=6 2 4 -4 -2 8 7 10 -3 -7 -1 -9 13 -8
right_child=1 5 3 -5 -6 9 12 11 -10 -11 -12 -13 -14 -15
leaf_value=-0.020254300212976785 -0.012737178850025371 -0.0078968535112047596 0.0033808141864940565 -0.024410858572681354 -0.0015582538740627964 -0.008289021629507563 -0.009810911778778816 0.013132599706096357 0.017078899473728093 -0.023653403635891398 -0.0022566968999405248 -0.012648428938809809 0.014213939263881439 0.014527009981699025
leaf_weight=594.33200295602728 842.43261315667769 289.69381014630198 11177.665201262949 164.77270956808934 535.84922588976042 205.11383456748445 174.37119288016402 55.576969135479885 47.66248847101815 302.78201863509457 71.999720540974522 45.945837599050719 37.642332955088932 22.865756383864209
leaf_count=13603 20124 8149 314767 3159 11434 8153 3928 1546 1924 12626 2613 1285 1270 368
internal_value=-0.000112519 0.000831295 0.00171624 0.00295593 -0.00843356 -0.0123511 -0.0127635 -0.0157765 -0.00397812 -0.0177284 -0.0183717 0.00137702 -0.00267161 -0.00642457
internal_weight=14568.7 13566 12720.7 11342.4 1378.28 845.252 1002.73 767.855 337.356 507.896 666.332 101.523 234.879 197.237
internal_count=404949 380336 349484 317926 31558 30852 24613 19047 10073 20779 16216 2831 5566 4296
is_linear=0
shrinkage=0.05


Tree=74
num_leaves=15
num_cat=0
split_feature=84 81 93 81 80 78 103 58 44 52 52 34 40 33
split_gain=57.4982 64.9759 162.329 104.567 104.431 82.8827 36.9656 31.4603 25.5277 14.7068 14.3954 10.3976 7.68824 4.6287
threshold=1.0000000180025095e-35 0.080479461017542844 -0.011825126769246712 -0.070222573222911214 0.22986244827206095 -0.32899076744898975 -1.2807048013226019 -0.50289400076971391 -0.59374837128976843 -0.35952644091690339 -0.35693755505821162 -0.13846420800300926 -0.10358440092664908 -1.7840640402861794
decision_type=2 2 2 2 2 2 2 2 2 2 2 2 2 2
left_child=1 2 5 -4 6 -1 -3 -6 11 13 -11 12 -2 -10
right_child=8 4 3 -5 7 -7 -8 -9 9 10 -12 -13 -14 -15
leaf_value=-0.0023604562325513917 -0.024498872197905964 -0.0032468758357826312 -0.0029257639185557038 -0.021255413119352612 -0.019319592447466654 0.010769135410468693 0.015047762729376 -0.00099782997710955276 0.016459756625775455 0.030289018128287982 0.013144626180583534 0.020377585651195618 0.0048846896876041292 -0.014474248269093659
leaf_weight=4187.0754506055091 63.472573062870651 324.23970166109211 1465.1914393026746 1658.1167871908474 249.21687473950442 1674.5998490696365 1735.1992662095654 2451.7852660139615 6.6290075685828915 174.88617546856403 470.54275397636229 15.402992288116364 27.769221991649829 44.219180677551776
leaf_count=93007 833 5896 62264 85645 6586 45725 34015 60620 286 1148 5833 201 361 1876
internal_value=-0.000241686 -0.00100515 -0.00350617 -0.0126935 0.0037128 0.00140244 0.0121657 -0.00275338 0.0126798 0.0161488 0.0181813 -0.00941193 -0.0159569 -0.00839914
internal_weight=14548.3 13745.4 8984.98 3123.31 4760.44 5861.68 2059.44 2701 802.922 696.277 645.429 106.645 91.2418 50.8482
internal_count=404296 393758 286641 147909 107117 138732 39911 67206 10538 9143 6981 1395 1194 2162
is_linear=0
shrinkage=0.05


Tree=75
num_leaves=15
num_cat=0
split_feature=51 83 52 51 103 103 48 59 74 99 59 48 72 60
split_gain=73.8155 74.0722 55.0754 51.2881 37.7606 28.3876 57.3293 18.2395 13.7256 13.2434 12.3036 12.0956 11.1878 9.94016
threshold=-0.65832807331257148 1.0000000180025095e-35 0.24542024442444599 0.91851354367897697 0.13636009147245248 0.66084272415276035 -0.60216928155811722 -1.4368190233725582 2.6329461548001114 -0.38330118061226892 -1.6142976953294401 0.63560951917185382 0.022486602293936963 -1.0438253081011049
decision_type=2 2 2 2 2 2 2 2 2 2 2 2 2 2
left_child=5 2 3 -2 11 10 -7 -8 -4 -6 13 -3 -12 -1
right_child=1 4 8 -5 9 6 7 -9 -10 -11 12 -13 -14 -15
leaf_value=-0.031094499239766805 0.0024983199721733454 0.037438320652283898 -0.027349801098870953 -0.0093866041845908129 -0.0013571101920497809 -0.014995175592225851 -0.0074119653830375214 0.015843392755415638 0.01067965292831095 0.018003563697956089 -0.0096431222506778054 0.0058716801193294497 0.0046567132867405435 -0.0093084608173409633
leaf_weight=110.52502251160331 9690.8445339002355 216.68936678417958 198.61107218303368 991.62041842075996 189.78182115941308 334.89707817203453 98.989177170733456 412.16731553847785 21.457999268372077 153.15068079176126 1817.3849950311414 39.81952206173446 142.04756062127126 114.23448346671648
leaf_count=2686 243236 2692 59062 30712 2072 6088 2223 7865 1995 1916 37253 535 3147 2685
internal_value=-1.36675e-05 0.00181637 0.000867304 0.00138733 0.0187804 -0.00694313 0.000828157 0.011284 -0.0233387 0.00755433 -0.00994341 0.0329422 -0.00858809 -0.0208899
internal_weight=14532.2 11502 10902.5 10682.5 599.441 3030.25 846.054 511.156 220.069 342.933 2184.19 256.509 1959.43 224.76
internal_count=404167 342220 335005 273948 7215 61947 16176 10088 61057 3988 45771 3227 40400 5371
is_linear=0
shrinkage=0.05


Tree=76
num_leaves=15
num_cat=0
split_feature=51 51 84 81 93 23 57 86 51 99 97 99 59 60
split_gain=66.6605 71.4743 54.1528 63.7949 30.7758 34.8559 23.5941 22.286 23.8037 20.9332 17.5641 10.2467 5.8057 4.36551
threshold=-0.65832807331257148 1.0937181677891508 1.0000000180025095e-35 0.052407513462948481 -0.020245844483090466 -0.39801726907901364 -0.00057645075531009913 -0.23964386403323951 -2.5855789385244647 -0.36799767765317815 0.98601228736875479 -0.38834111592124415 -1.2835600596916168 -1.3925410386526282
decision_type=2 2 2 2 2 2 2 2 2 2 2 2 2 2
left_child=6 2 3 -2 5 -3 12 11 -9 -4 -6 -8 -1 -14
right_child=1 4 9 -5 10 -7 7 8 -10 -11 -12 -13 13 -15
leaf_value=-0.028106096932096515 -0.00074812552153455869 0.041333608885761673 0.0099721291712473129 0.0076448261039959945 -0.02455499470093403 -0.0060293676909688532 -0.020128986880926732 -0.020358439685443337 -0.0010225360663038694 0.031228349154207205 -0.0071695356098631577 -0.0077067106360283709 -0.0176159851168032 0.0038883120839856818
leaf_weight=138.24706201511435 6795.4420959793642 38.880975004285574 299.2714148692321 3384.2221890384026 373.11957490148779 180.67237644060515 284.39696879572875 163.84918127620767 1901.268709456228 195.65202852536459 251.90970614293474 431.14711310807616 54.78586251399247 32.286096468160395
leaf_count=3565 229482 1196 3134 79689 11966 6054 5602 3888 38325 2156 8942 8477 1187 705
internal_value=-9.72278e-07 0.00173028 0.00284177 0.00204687 -0.0121866 0.00379342 -0.00661902 -0.00531033 -0.00264739 0.0188271 -0.0177713 -0.0128534 -0.0218575 -0.0100631
internal_weight=14525.2 11519.2 10674.6 10179.7 844.583 219.553 3005.98 2780.66 2065.12 494.923 625.029 715.544 225.319 87.072
internal_count=404368 342619 314461 309171 28158 7250 61749 56292 42213 5290 20908 14079 5457 1892
is_linear=0
shrinkage=0.05


Tree=77
num_leaves=15
num_cat=0
split_feature=59 52 81 78 79 81 75 22 48 61 59 44 52 80
split_gain=58.5933 59.9781 58.2737 73.5472 66.6416 15.4819 13.0734 12.8496 12.5069 9.36668 7.92482 9.70902 9.30584 4.32995
threshold=-1.6142976953294401 0.032446967416133753 0.073201548688573981 -0.029893797099849646 -0.40185117128255826 -0.94357205269918076 1.1444619617256324 0.28692572382209097 -0.15500571966720492 -0.54629904651642869 -2.1845377067895102 -0.041380197500079909 -0.34659685203449203 0.16913225242750596
decision_type=2 2 2 2 2 2 2 2 2 2 2 2 2 2
left_child=7 2 3 -2 -4 8 -7 10 -3 13 11 -1 -12 -9
right_child=1 5 4 -5 -6 6 -8 9 -10 -11 12 -13 -14 -15
leaf_value=-0.025959020333052443 -0.0027003799949430027 0.023666850204901287 0.021519644947925833 0.012311094475207531 0.003407671527569843 -0.022915752797594256 0.012248166495458294 0.013163126577796908 -0.01149241509054507 0.017701075825032001 0.00014225923941468119 -0.0087564877393559344 -0.016986009958344473 -0.015514965388427915
leaf_weight=259.40152971545467 8049.9885223385645 31.279970153256727 579.70066270744428 897.92302873387234 3705.700314873684 375.86117957681563 22.309007785363065 8.686911347016574 55.573190599374357 46.506734247130225 145.19852358731441 138.33890700266056 164.28711543869576 49.162045250908704
leaf_count=5723 193934 3893 12119 22741 64687 75251 7563 337 5245 1147 2648 3592 4132 1290
internal_value=-0.000299937 0.000476484 0.00111487 -0.00118192 0.00590213 -0.0166117 -0.0206938 -0.01327 0.0023063 0.00287096 -0.0156585 -0.0203373 -0.00919717 -0.00990316
internal_weight=14529.9 13718.3 13233.3 8947.91 4285.4 485.023 398.17 811.582 86.8532 104.356 707.226 397.74 309.486 57.849
internal_count=404302 385433 293481 216675 76806 91952 82814 18869 9138 2774 16095 9315 6780 1627
is_linear=0
shrinkage=0.05


Tree=78
num_leaves=15
num_cat=0
split_feature=28 51 65 28 52 68 83 20 16 51 78 52 99 54
split_gain=52.6845 58.1538 61.1965 71.2638 25.1219 19.2266 24.1054 14.4158 9.55609 7.05941 5.9155 5.25628 5.12849 5.02221
threshold=-0.57268005143408318 -1.1839419456430866 1.0000000180025095e-35 0.51244506610505669 -0.3336880275770498 -0.23109106966260151 1.0000000180025095e-35 1.0898125008140467 -0.24282368440804444 -2.760783562634638 -0.30528471733692547 -0.37244897475502431 -0.40970178357210657 -0.012350571482922883
decision_type=2 2 2 2 2 2 2 2 2 2 2 2 2 2
left_child=5 9 3 -3 -4 6 7 -1 -8 11 -7 -2 -12 -11
right_child=1 2 4 -5 -6 10 8 -9 -10 13 12 -13 -14 -15
leaf_value=-0.013059870572004421 0.0039799108346481697 0.0065318567828999159 -0.00042965079615498553 -0.0043431165361076923 -0.010922496149409142 -0.0081669163394030627 -0.006961166198643353 -0.0033327224066219581 0.012533366330993412 -0.011895185126527198 -0.0048264149969535477 -0.028092162603899525 0.0094356961757557228 0.00025703938537602707
leaf_weight=1351.8645689614787 12.04898691177368 6988.0594323707628 1339.3751363018528 1912.0971735963249 984.71813399776875 81.084362036199309 88.959506213897839 540.59421125442168 168.90686216478935 520.93182099267142 75.232347766112071 88.218481944924861 261.53734418591921 100.73378305972437
leaf_count=30590 659 216414 22572 56123 33520 2380 1320 13440 2852 11821 1270 1754 7553 2260
internal_value=2.05831e-05 0.00141846 0.00230704 0.00419324 -0.00490322 -0.00646209 -0.00836324 -0.0103134 0.00579928 -0.0122395 0.00328827 -0.0242267 0.00620232 -0.00995316
internal_weight=14514.4 11946.2 11224.2 8900.16 2324.09 2568.18 2150.33 1892.46 257.866 721.933 417.854 100.267 336.77 621.666
internal_count=404528 345123 328629 272537 56092 59405 48202 44030 4172 16494 11203 2413 8823 14081
is_linear=0
shrinkage=0.05


Tree=79
num_leaves=15
num_cat=0
split_feature=92 52 78 26 81 48 48 99 72 60 45 74 16 52
split_gain=60.2937 68.4391 72.9549 65.0337 56.7214 50.5442 42.4985 37.5014 27.7014 27.3746 20.8247 20.4338 18.2757 18.1276
threshold=0.3200733116681187 -0.37244897475502431 -0.44348760662910253 0.94451020354348458 -0.28779384705735017 -1.4919871929511259 -0.62095766651151696 -0.21432010545447333 -0.2897271486731558 0.94388608100498417 -0.68037343543925288 1.8120061713037199 -0.093913346291806268 -0.27678437219188451
decision_type=2 2 2 2 2 2 2 2 2 2 2 2 2 2
left_child=1 2 6 5 9 -3 -1 13 -5 11 -9 -2 -4 -6
right_child=4 3 12 8 7 -7 -8 10 -10 -11 -12 -13 -14 -15
leaf_value=-0.00070296212091213882 0.0070414356199207705 -0.01421283946383003 0.007054123327590151 -0.024514608113249969 -0.0059423696732113377 0.0061886045933182829 -0.027373123703603119 -0.0094318223228459265 -0.0029857410222950409 -0.0066036737080875166 0.00226568862392272 0.028143458058357381 -0.0081266604838575156 -0.015890929044173056
leaf_weight=216.17093139793724 400.77526267434587 306.99713651929051 618.94140435103327 232.8957750890404 775.40913264080882 7578.1294250371866 477.28402539063245 570.56382754689548 396.78977857809514 238.65011865796987 1095.9255638549294 156.87043799659295 279.99800936179236 1174.9208107509912
leaf_count=12207 22640 4193 16319 2992 15226 90637 31062 30084 5566 12973 64217 5817 7729 83131
internal_value=0.000230405 0.00235914 -0.00712531 0.00413915 -0.00463927 0.0053773 -0.0191874 -0.00729752 -0.0112072 0.0073754 -0.00177161 0.0133688 0.00228829 -0.0119861
internal_weight=14520.3 10107.2 1592.39 8514.81 4413.12 7885.13 693.455 3616.82 629.686 796.296 1666.49 557.646 898.939 1950.33
internal_count=404793 170705 67317 103388 234088 94830 43269 192658 8558 41430 94301 28457 24048 98357
is_linear=0
shrinkage=0.05


Tree=80
num_leaves=15
num_cat=0
split_feature=51 65 83 103 37 19 13 88 51 104 20 44 13 86
split_gain=52.0097 53.9832 57.9911 68.0594 26.2484 21.5003 18.2534 18.0957 14.1639 7.13664 6.14613 5.72601 5.54507 2.80063
threshold=-1.1839419456430866 1.0000000180025095e-35 1.0000000180025095e-35 0.2081063985829846 -0.31637157690635426 -0.43069726452904428 -0.62678590605065632 -0.15310014906220581 -2.4103743144142942 -0.32653052935785859 1.7849528960396128 -0.44304287089823424 1.8274471926603133 0.26535414803003965
decision_type=2 2 2 2 2 2 2 2 2 2 2 2 2 2
left_child=8 2 3 -2 7 -4 -6 -3 12 10 -10 -11 -1 -14
right_child=1 4 5 -5 6 -7 -8 -9 9 11 -12 -13 13 -15
leaf_value=-0.024582680305260021 -0.0019594835065990571 -0.011935513402144644 -0.00091848094707013776 0.0062503754590785589 0.010196112021925424 0.021200702330984405 -0.0043433557398817081 0.002132537662308739 -0.010182538004099198 -0.012440167208849183 0.0033796934613107873 0.019280340203781721 0.014131388821197428 -0.01047904773348729
leaf_weight=190.69302519110352 5902.6156350167366 1313.5510647011542 137.10376888036262 4396.2663990747242 336.65543211704062 526.97988418786554 562.59226150442555 272.97649297682074 683.93610921129584 12.826101321144959 90.111546914093196 34.362436436815187 9.5005878871306795 18.41597475646995
leaf_count=4771 177894 29050 2232 133838 8741 6598 13212 8586 15634 312 2049 902 243 455
internal_value=0.000134223 0.000970235 0.00247922 0.00154771 -0.00566807 0.0166882 0.00115212 -0.00951678 -0.0105845 -0.00740622 -0.00858071 0.00999085 -0.0216779 -0.000585548
internal_weight=14488.6 13448.7 10963 10298.9 2485.78 664.084 899.248 1586.53 1039.85 821.236 774.048 47.1885 218.61 27.9166
internal_count=404517 380151 320562 311732 59589 8830 21953 37636 24366 18897 17683 1214 5469 698
is_linear=0
shrinkage=0.05


Tree=81
num_leaves=15
num_cat=0
split_feature=58 93 104 52 78 51 80 79 60 35 36 46 60 3
split_gain=50.8845 57.1854 122.287 77.441 81.024 61.3406 56.2868 45.5678 23.5913 11.4394 7.99928 6.27093 5.6451 4.46389
threshold=-0.72289674669349824 -0.013464422836827685 -0.44264194869784262 -0.37244897475502431 -0.44348760662910253 0.74330891956880374 -0.20544175418710922 0.040549928158585651 -0.95498088476421261 0.63932536998348255 0.47693384529957056 -0.32111184901344303 -1.6069231590973494 0.78707015341253184
decision_type=2 2 2 2 2 2 2 2 2 2 2 2 2 2
left_child=8 3 5 4 -2 -3 -5 -4 11 10 -10 13 -13 -1
right_child=1 2 7 6 -6 -7 -8 -9 9 -11 -12 12 -14 -15
leaf_value=-0.027177034773073074 -0.019930616701010068 0.0056796637287027394 -0.0037837620811915825 0.021006356390635084 0.0034377468394996774 -0.013260400324658495 0.0045321666537248475 -0.016510892626907161 -0.0010071657444631957 -0.02379532094109113 0.02137879675298061 -0.018596262212381767 -0.0049643239533900896 -0.010389078351509949
leaf_weight=199.63947814887069 635.1449825251475 3146.1231180557152 1302.6606779857757 569.87658639285655 866.98918973142281 484.82557167994673 5018.7182343775494 1538.112594971346 277.52569571443746 38.830782966164406 36.460468795674387 157.69062154125277 156.95883213370689 70.613032549706986
leaf_count=4565 39570 45782 78388 11053 23230 13949 85357 83445 6852 1189 971 4128 4131 1677
internal_value=-0.00034286 0.000439525 -0.00295653 0.00353891 -0.00650952 0.0031212 0.00624658 -0.0107085 -0.0115439 -0.00126306 0.00217195 -0.0176199 -0.0121585 -0.0233178
internal_weight=14500.2 13562.5 6471.72 7090.73 1502.13 3630.95 5588.59 2840.77 937.719 352.817 313.986 584.902 314.649 270.253
internal_count=404287 380774 221564 159210 62800 59731 96410 161833 23513 9012 7823 14501 8259 6242
is_linear=0
shrinkage=0.05


Tree=82
num_leaves=15
num_cat=0
split_feature=59 52 59 72 60 93 59 52 2 50 80 38 72 100
split_gain=53.2935 53.2058 51.2155 53.6863 27.699 22.6115 8.26593 9.53747 8.06296 6.84557 6.53213 5.3764 5.11404 4.03514
threshold=-1.6142976953294401 0.36575637177159664 0.017750052128118317 -0.19038535332053794 -0.50025088655577599 -0.0085807920395973448 -2.5226267180943265 -0.34659685203449203 0.45994290206922234 -0.22717005321119652 -1.6877204739284049 -0.66074699436850104 0.86784652108918647 0.64867413984358302
decision_type=2 2 2 2 2 2 2 2 2 2 2 2 2 2
left_child=4 2 3 -2 8 -4 12 -8 9 -1 -3 -10 -6 -12
right_child=1 10 5 -5 6 -7 7 -9 11 -11 13 -13 -14 -15
leaf_value=-0.0063562420711597888 0.0002059471062999788 0.0051985770959677314 -0.00048651709693420307 0.0074439290232497088 -0.012684454943991761 -0.01281404873465361 0.019874071808523287 -0.0036983558305022121 -0.014865023638296405 -0.022902246920640582 -0.033014893922098484 0.017185182382698047 0.016722112247137367 -0.0011866759124093003
leaf_weight=84.459217151947087 8363.0182445355895 11.029965154652016 669.41207669544383 3683.747760811646 99.07548207436048 829.48876164546527 75.222053507342935 81.134650273881562 13.429765292385126 413.75333392425091 126.077610010645 20.272130423836643 8.3155462604481709 11.566216115956193
leaf_count=1968 178362 3531 21887 108230 2287 28081 1326 2274 361 9792 41238 543 293 4198
internal_value=0.00026688 0.00100142 0.00133764 0.00242357 -0.0122309 -0.00734826 0.00102055 0.00815513 -0.0186992 -0.0202776 -0.0277856 0.00393457 -0.00917692 -0.0306019
internal_weight=14490 13694.3 13545.7 12046.8 795.662 1498.9 263.748 156.357 531.914 498.213 148.674 33.7019 107.391 137.644
internal_count=404371 385527 336560 286592 18844 49968 6180 3600 12664 11760 48967 904 2580 45436
is_linear=0
shrinkage=0.05


Tree=83
num_leaves=15
num_cat=0
split_feature=65 37 92 81 92 17 37 92 68 61 60 92 81 49
split_gain=44.4973 49.8831 41.9634 43.7203 42.2001 33.2579 28.2554 25.9541 24.7884 19.7966 12.3074 10.3023 9.18115 11.8355
threshold=1.0000000180025095e-35 0.84225517739094424 0.48845483085300656 -0.56725473626068978 -2.0030884045136608 0.75166925154089181 -0.085199050022902276 -0.56398660305642301 -0.24514739009533965 -0.31428090582658103 1.1080479512927497 -0.42063204099403295 0.063515905965058891 0.32256858930967625
decision_type=2 2 2 2 2 2 2 2 2 2 2 2 2 2
left_child=1 2 4 -4 -1 8 7 10 -3 -9 -2 -7 13 -8
right_child=6 5 3 -5 -6 11 12 9 -10 -11 -12 -13 -14 -15
leaf_value=-0.0047531130186217185 0.0024496525723909481 -0.015743871811651825 0.012082766680675578 -0.0070304396505480593 0.0053323547732312872 -0.0065744524334999631 0.0067686363634858332 -0.01703013786718573 0.011499958750803754 -0.0053546660285811133 -0.0161456378474568 0.013388354107503339 0.017049749974926344 -0.016439821292043286
leaf_weight=1198.7976346509531 608.92768414085731 815.55373579906882 349.06033263360587 1799.4361676013577 7371.7614556140034 90.459257646929473 208.29699044591689 822.75261858942395 85.707462541147834 666.72551563426532 93.924538236111403 180.07447309834242 122.5346016237163 63.434132483263966
leaf_count=48391 12604 19824 20262 138599 100720 2062 5693 19815 5377 17470 2618 6744 2288 1822
internal_value=-1.48971e-05 0.00127902 0.00235192 -0.00388358 0.00391777 -0.00847225 -0.0059452 -0.00815831 -0.0130553 -0.0118745 -0.000226934 0.00671691 0.00625829 0.000959528
internal_weight=14477.4 11890.9 10719.1 2148.5 8570.56 1171.79 2586.6 2192.33 901.261 1489.48 702.852 270.534 394.266 271.731
internal_count=404289 341979 307972 158861 149111 34007 62310 52507 25201 37285 15222 8806 9803 7515
is_linear=0
shrinkage=0.05


Tree=84
num_leaves=15
num_cat=0
split_feature=50 50 52 52 61 79 26 56 100 93 68 44 30 34
split_gain=52.4932 139.479 39.392 37.7083 35.6274 40.4472 26.2455 19.16 18.6511 14.9363 10.8946 10.1173 10.3643 5.53421
threshold=-0.22717005321119652 -0.22717005321119785 -0.081346950662021397 -0.37244897475502431 -0.5144108351473079 -0.32762570299682059 0.38953698702964185 1.0000000180025095e-35 0.39254352591521108 -0.01202374146992807 -0.32754379645032605 1.3877200017133069 -0.34060623240986149 1.0907333460358573
decision_type=2 2 2 2 2 2 2 2 2 2 2 2 2 2
left_child=1 11 4 10 7 -6 -5 -2 9 -4 -3 12 -1 -10
right_child=2 3 8 6 5 -7 -8 -9 13 -11 -12 -13 -14 -15
leaf_value=-0.0058291254565008615 -0.015707986053103182 -0.021318852928394708 4.0701537972849999e-05 0.033388113225883899 0.0091549194988893162 -0.00022034035563491084 0.00010033912507492202 -0.003352709452381536 0.014391421876404098 -0.019933118720061347 0.011886313546084954 -0.020084207129253826 0.0027859608858107777 -0.010561219863408158
leaf_weight=538.41831057526724 338.24038980936166 41.978384206071496 116.29531186292297 544.93579234588105 1385.5681721381261 6547.0182178131654 66.354770648074918 3304.5117718165857 67.598931248918234 468.68318361222919 38.13413160154596 57.908854088498629 950.72885360803048 22.848479108695756
leaf_count=14568 7322 2828 11609 21564 33309 129804 2546 70677 10246 69516 549 1640 26014 2605
internal_value=0.000144692 0.00716748 -0.00114331 0.0256628 -0.000453264 0.00142668 0.0298345 -0.0045398 -0.0127901 -0.0160283 -0.00594792 -0.00121007 -0.000347028 0.0076641
internal_weight=14489.2 2238.46 12250.8 691.403 11575.3 7932.59 611.291 3642.75 675.426 584.978 80.1125 1547.06 1489.15 90.4474
internal_count=404797 69709 335088 27487 241112 163113 24110 77999 93976 81125 3377 42222 40582 12851
is_linear=0
shrinkage=0.05


Tree=85
num_leaves=15
num_cat=0
split_feature=103 103 92 92 27 82 104 103 27 43 93 31 100 61
split_gain=53.8843 55.8636 42.8788 41.8349 27.394 16.5862 16.3585 13.3473 8.96439 5.76947 4.91218 4.3357 3.103 2.84552
threshold=-1.3382983511892534 1.660889095458427 0.77574513571174908 -2.0030884045136608 -0.26924062249120867 1.0000000180025095e-35 -0.37564972715973677 -1.5816522224412661 -0.50012567212249615 0.81131383182416783 -0.012740636792966173 0.16771487541662863 -0.27543348720681249 -0.56586327934130176
decision_type=2 2 2 2 2 2 2 2 2 2 2 2 2 2
left_child=4 2 3 -2 5 7 11 -1 -7 -8 -4 -6 -3 -14
right_child=1 12 10 -5 6 8 9 -9 -10 -11 -12 -13 13 -15
leaf_value=-0.011645715729745508 -0.0067598987407356025 -0.032808372200002399 0.0040283224867484089 0.0024030303915190351 -0.021425897154569235 0.030210838544251328 -0.0055680235956667885 0.002393207779621031 -0.010685723886348608 0.018052422762192981 -0.028002191657590259 -0.0096502732111423527 0.0063923557022488135 -0.018375715441370847
leaf_weight=319.41523679172678 1390.279841182055 109.1338852205663 10.539626919169676 11292.420273662035 499.58828435849864 46.15225136175286 156.23375566187315 342.54976542539953 11.983228961064013 20.707377370767063 129.60033299963834 121.67429168034869 9.567618523957206 40.255065383564215
leaf_count=9764 58579 2082 2219 251533 13098 812 6131 11359 202 1259 43490 3416 225 861
internal_value=-0.000339793 0.000705134 0.00108066 0.00139405 -0.00922027 -0.00209704 -0.015541 -0.00445343 0.0214499 -0.00198592 -0.0254854 -0.019309 -0.0278591 -0.0133459
internal_weight=14500.1 12981.8 12822.8 12682.7 1518.3 720.1 798.204 661.965 58.1355 176.941 140.14 621.263 158.957 49.8227
internal_count=405030 358989 355821 310112 46041 22137 23904 21123 1014 7390 45709 16514 3168 1086
is_linear=0
shrinkage=0.05


Tree=86
num_leaves=15
num_cat=0
split_feature=59 59 28 51 27 81 93 83 92 92 59 23 73 92
split_gain=50.6978 54.6625 48.0168 42.1386 22.7321 15.93 15.3112 16.1495 11.115 9.88475 12.1799 10.2428 4.67346 4.41772
threshold=0.36774694546650288 -1.6142976953294401 -0.57268005143408318 -1.0087373215329134 1.0000000180025095e-35 0.080479461017542844 -0.0093959354902861478 1.0000000180025095e-35 0.053711828249923453 -0.4769429858865834 -2.2964237850761275 0.0066529754709276703 0.23105879737048043 0.51539917296757076
decision_type=2 2 2 2 2 2 2 2 2 2 2 2 2 2
left_child=1 9 4 -4 -3 6 8 -8 -2 10 -1 -11 -7 -14
right_child=5 2 3 -5 -6 12 7 -9 -10 11 -12 -13 13 -15
leaf_value=-0.014088998792465175 -0.010849455796310701 -0.011460136158606422 -0.0066973254466193219 0.0041040275134737849 -0.0010547791681439704 -0.0034323582661367489 -0.019750470726147874 0.020546367262957006 0.0054433383894765455 -0.020058515200357636 0.0071587155119875109 -0.0046112912900120309 0.018760014048731382 -0.002307869009430594
leaf_weight=124.49305720371194 308.81636795541272 845.46074705024512 992.16245850807172 9192.7034301484455 1364.2387006473145 195.69711506483145 530.68103063839226 18.239917509607039 148.38780156862049 379.20396761216398 126.36422772496007 158.17335493704741 47.575046105775982 40.358960209050565
leaf_count=3160 11385 18021 21211 264163 32178 5103 24664 289 4280 8716 2820 4254 900 3333
internal_value=-0.000147443 0.000780888 0.00159644 0.00304627 -0.0050697 -0.00956906 -0.0124938 -0.0180678 -0.00555822 -0.0119026 -0.00352177 -0.015679 0.000878179 0.00984221
internal_weight=14472.6 13182.8 12394.6 10184.9 2209.7 1289.76 1006.13 548.921 457.204 788.235 250.857 537.377 283.631 87.934
internal_count=404477 354523 335573 285374 50199 49954 40618 24953 15665 18950 5980 12970 9336 4233
is_linear=0
shrinkage=0.05


Tree=87
num_leaves=15
num_cat=0
split_feature=103 103 83 20 41 51 60 73 68 41 52 25 51 78
split_gain=55.1366 67.6327 56.3094 46.6012 32.6533 32.3542 26.4845 22.5682 8.37566 4.40748 5.52171 2.54301 1.23015 0.554797
threshold=1.6537468726684661 0.73083747829627599 1.0000000180025095e-35 -0.90623349119079311 -0.39835462993533871 -0.32543928750324441 -1.6296093974726642 -0.53494312479560391 -0.32754717030309427 -1.6360471813461051 -0.35176610030701472 -0.58597333795259499 0.39289967134846193 -0.36021717813447501
decision_type=2 2 2 2 2 2 2 2 2 2 2 2 2 2
left_child=1 2 3 -1 7 -4 -6 -3 9 12 -11 -10 -2 -13
right_child=8 4 5 -5 6 -7 -8 -9 11 10 -12 13 -14 -15
leaf_value=0.0054096587235522567 -0.037473175653354146 -0.0042896949229449836 -0.00013364986156734002 -0.0042103995146131291 -0.0086701067798067681 0.023976736446718987 0.011044374053257755 0.0075856870551234542 -0.010787230668043345 0.0021812153874289065 -0.023280708048100798 -0.00022747381429662401 -0.0099105031602104363 0.016671718315136804
leaf_weight=1480.017690521534 87.922691400628537 1001.8145933254855 245.87214340828359 8138.4691519582047 177.28917192557128 310.21457190182991 2205.8908950957702 651.75463692880294 13.214163603319323 26.481961021199822 72.960368088533869 6.2365064095938569 13.39485379331745 8.406023005518362
leaf_count=49810 1567 21641 4167 228440 3921 3726 64535 23018 376 542 1456 166 386 281
internal_value=-5.36958e-05 0.000346274 -0.00182672 -0.00272606 0.00581425 0.0135024 0.00954768 0.000408452 -0.0238893 -0.0272971 -0.0169203 0.00139342 -0.0350468 0.0123026
internal_weight=14439.9 14211.3 10174.6 9618.49 4036.75 556.087 2383.18 1653.57 228.617 200.76 99.4423 27.8567 101.318 14.6425
internal_count=404032 399258 286143 278250 113115 7893 68456 44659 4774 3951 1998 823 1953 447
is_linear=0
shrinkage=0.05


Tree=88
num_leaves=15
num_cat=0
split_feature=7 58 59 81 60 68 72 80 38 60 48 75 59 40
split_gain=47.8098 46.7039 53.5135 41.197 28.4227 19.0544 15.6821 14.298 11.9865 7.41553 7.24742 6.55129 4.81283 4.85565
threshold=-0.85556031488158202 0.21301403289020987 -0.97791665890312751 0.087976257927834173 -1.1284765828577568 -0.23109106966260151 -0.81191159148673975 -0.024682179949493201 0.94373674663224694 -0.36095324469688578 -0.36318102495087334 0.13788396216532542 -0.0042793212412192546 0.33668423540861842
decision_type=2 2 2 2 2 2 2 2 2 2 2 2 2 2
left_child=5 2 4 -4 -2 6 10 9 -8 -3 -1 -9 -7 -14
right_child=1 7 3 -5 -6 12 8 11 -10 -11 -12 -13 13 -15
leaf_value=-0.011041056363459922 -0.016471872261411002 0.0064374129406844409 0.00067281662990528398 0.0072367505406017926 -0.001243941206100195 -0.011913133831694263 -0.017591005384608848 -0.0073367193446147094 0.0010753452381221367 -0.0213827976401735 0.0001848147165008472 0.01136695706530565 0.010428539041315871 -0.0081504114437373244
leaf_weight=228.81230473221513 554.19003308693209 21.607962653979484 7472.0645499079401 3506.5670771717269 674.59518173433025 29.499651480538887 663.25870490042144 305.14710131261381 97.320938035831205 295.90063146090688 360.47124987881398 45.817510183689592 180.20348405787081 35.304466026340378
leaf_count=4146 13052 1115 234612 79685 15403 654 16869 8806 2446 14277 7008 1688 3993 970
internal_value=-5.73124e-05 0.000956279 0.00166465 0.00277401 -0.00818936 -0.00819532 -0.0105129 -0.0118136 -0.0152196 -0.0193508 -0.00428557 -0.00464774 0.00448508 0.00715848
internal_weight=14470.8 12875.9 12207.4 10978.6 1228.79 1594.87 1349.86 668.473 760.58 317.509 589.284 350.965 245.008 215.508
internal_count=404724 368638 342752 314297 28455 36086 30469 25886 19315 15392 11154 10494 5617 4963
is_linear=0
shrinkage=0.05


Tree=89
num_leaves=14
num_cat=0
split_feature=103 103 83 20 48 51 52 59 27 52 51 97 23
split_gain=48.7391 58.1532 62.8341 52.5785 47.8112 29.9121 28.7437 22.7715 5.0782 3.9538 3.07296 0.269081 0.261389
threshold=1.660889095458427 0.73083747829627599 1.0000000180025095e-35 -0.90623349119079311 -0.086615998436830072 -0.65832807331257148 -0.37244897475502431 -0.025627202032480211 -0.81896693113713137 -0.34679969425238805 0.4629815209925307 -0.93397103487658517 -0.34881624717346638
decision_type=2 2 2 2 2 2 2 2 2 2 2 2 2
left_child=1 2 3 -1 7 -4 -6 -3 10 -10 11 -2 -11
right_child=8 4 5 -5 6 -7 -8 -9 9 12 -12 -13 -14
leaf_value=0.0059417263781179966 -0.038038841032889334 -0.011968834813563029 -0.001303866414390586 -0.0042594560801080912 -0.0067278208547338139 0.02239262823839918 0.013442835046669791 0.002471039226127872 0.010224250513826361 -0.020956582955586743 -0.0031413326157773177 -0.016760531560119026 -0.0038878209194779297
leaf_weight=1486.791125025673 78.58761590719223 306.3170476382511 202.32867109845392 8109.5449832400263 191.66177373053506 373.78396114369389 1644.2506284046394 1985.5857618817463 12.340136803686617 14.345141287893055 10.588981331442481 26.439353518653661 8.4939468859229255
leaf_count=49769 1504 6419 3624 228552 7913 4432 45090 55182 224 309 348 556 225
internal_value=1.75083e-05 0.000325086 -0.00170629 -0.00267441 0.00532317 0.0141902 0.0113121 0.000497512 -0.027357 -0.0078284 -0.0322028 -0.034605 -0.0177256
internal_weight=14451.1 14300.3 10172.4 9596.34 4127.82 576.113 1835.91 2291.9 150.795 35.1792 115.616 105.027 22.8391
internal_count=404147 400981 286377 278321 114604 8056 53003 61601 3166 758 2408 2060 534
is_linear=0
shrinkage=0.05


Tree=90
num_leaves=15
num_cat=0
split_feature=21 65 28 79 52 88 52 93 13 103 61 21 52 85
split_gain=42.2268 44.5983 58.7966 44.9213 39.0788 23.0374 18.0395 14.0305 13.0811 16.869 8.99313 8.63072 8.39994 6.98512
threshold=-0.81180779383139401 1.0000000180025095e-35 0.51244506610505669 0.087746384570129107 -0.37244897475502431 -0.15310014906220581 -0.31751818792230463 -0.0094643994155356129 0.31563960385435591 0.073688905553286152 -0.55687502555400958 -1.5980926862344993 -0.353059881422019 0.48507272410648422
decision_type=2 2 2 2 2 2 2 2 2 2 2 2 2 2
left_child=8 2 4 -4 -2 6 -3 -7 12 11 -11 -10 -1 -14
right_child=1 5 3 -5 -6 7 -8 -9 9 10 -12 -13 13 -15
leaf_value=-0.0051982807643353272 -0.0058249413278086692 -0.0046500872284897781 -0.00053150803218374946 -0.01642175563632747 0.0050431742162720039 0.0091247248054728801 -0.015043118282369542 -0.012594580709648008 -0.016559730222921076 -0.0089226013112746819 0.010039252664380376 -0.0036553056213690692 -0.02026027040451614 -0.0041204673697105261
leaf_weight=227.61098546674475 921.39063951512799 1466.5842263211962 1395.4483341360319 643.32725084043341 7479.7986457102306 358.97392167297949 582.69941181260219 83.881842081260402 224.14407902075618 75.689629630302079 231.82137352437712 307.03190555525362 362.92806018362171 88.959444204927422
leaf_count=5144 37122 24173 41382 17957 210568 7874 22590 5949 6071 1712 5264 7765 8126 2298
internal_value=-0.000366401 0.000561993 0.00199726 -0.00560129 0.00384572 -0.00543451 -0.00766397 0.00482357 -0.00822651 -0.00397447 0.00523803 -0.00930605 -0.0133409 -0.017241
internal_weight=14450.3 12932.1 10440 2038.78 8401.19 2492.14 2049.28 442.856 1518.19 838.687 307.511 531.176 679.498 451.888
internal_count=403995 367615 307029 59339 247690 60586 46763 13823 36380 20812 6976 13836 15568 10424
is_linear=0
shrinkage=0.05


Tree=91
num_leaves=14
num_cat=0
split_feature=52 59 79 26 74 75 81 47 81 99 9 93 92
split_gain=42.9877 40.3262 59.0281 56.2535 33.0366 14.8779 13.3897 9.35905 7.91406 5.37147 4.06401 3.02685 1.93218
threshold=0.36575637177159664 0.86835888720996723 -0.11293900605210504 0.38953698702964185 1.0027332063849075 0.17053000942153637 0.073201548688573981 0.13969809474062378 -3.0309648624799945 0.59497350658886849 -0.23378561293360675 -0.012740636792966173 0.79397633411886959
decision_type=2 2 2 2 2 2 2 2 2 2 2 2 2
left_child=1 2 4 -4 -1 6 -3 -7 10 11 -2 -10 -11
right_child=8 5 3 -5 -6 7 -8 -9 9 12 -12 -13 -14
leaf_value=0.0052094087143603049 0.026195624412355928 -0.015346352197031749 0.00041829135401101901 -0.011342795310543483 0.021988699611022792 0.022376634755096714 0.00081942127924692579 -0.0074664250632161273 -0.0026257701622419147 0.010497988071966792 -0.012332390063795115 -0.034673754456415871 -0.012712106261171278
leaf_weight=2693.224566839519 4.4063706529559568 641.48308997254935 9277.5966956891498 1131.7516547227278 321.28575670786086 45.728222551901126 158.217268604727 42.536300971740275 9.6737251398008066 8.4910744570515799 4.8007372381543956 110.93103122954926 7.4671010113161165
leaf_count=79629 403 23449 206305 28472 8251 1806 4559 1689 2041 2293 539 40056 4485
internal_value=-5.4062e-05 0.000230118 0.000915672 -0.000870086 0.00706453 -0.0100286 -0.0121774 0.00869848 -0.0261787 -0.0291528 0.010145 -0.032501 -0.00107575
internal_weight=14457.6 14311.8 13423.9 10409.3 3014.51 887.965 799.7 88.2645 145.77 136.563 9.20711 120.605 15.9582
internal_count=403977 354160 322657 234777 87880 31503 28008 3495 49817 48875 942 42097 6778
is_linear=0
shrinkage=0.05


Tree=92
num_leaves=15
num_cat=0
split_feature=92 78 92 51 34 78 99 81 104 93 76 44 92 99
split_gain=39.7322 43.9658 53.5096 60.1763 56.3557 28.2877 25.5506 29.051 26.9082 20.0733 16.1271 16.0468 14.1724 6.8923
threshold=0.70663644358614153 -0.16693870699577326 -1.7644493701097368 1.2689227918993218 -0.61310484768138329 0.56425372121376993 0.22004452885119222 -0.94357205269918076 -0.41059111546000288 -0.013063988617152926 -0.0077471481772459711 -0.1669169078934164 -0.51735186473912298 2.5582974637651552
decision_type=2 2 2 2 2 2 2 2 2 2 2 2 2 2
left_child=1 2 4 -4 -1 11 7 8 -2 -9 13 -3 -7 -8
right_child=6 5 3 -5 -6 12 10 9 -10 -11 -12 -13 -14 -15
leaf_value=0.0042372836509630401 0.026341501874413642 0.00622179766700092 0.0011533632367471715 -0.017157874502102054 -0.018656363282970399 0.0070024877005192276 -0.0099119354659753175 -0.00053745034690176618 -0.019853743343019772 -0.025137857060519766 0.02449067025552331 0.016559216966532633 -0.0083235850331106597 0.024890229331203433
leaf_weight=402.99808974796906 64.792992116461392 978.20845441619167 9792.7945452322019 460.19708507065661 778.62450542207807 240.25622633262537 99.942031281054369 103.28371886261448 45.179184830383747 419.99062237215912 61.603855028108228 621.54632310720626 371.10253749176627 6.677401525041204
leaf_count=18818 3035 22739 161355 11541 43152 3129 11469 10037 5095 75982 13426 15572 8549 580
internal_value=-0.000238908 0.000400004 -0.000849681 0.000315561 -0.0108783 0.00683739 -0.0109878 -0.0155388 0.00729041 -0.0203834 0.00605416 0.0103161 -0.00228487 -0.00578492
internal_weight=14447.2 13645.7 11434.6 10253 1181.62 2211.11 801.47 633.247 109.972 523.274 168.223 1599.75 611.359 106.619
internal_count=404479 284855 234866 172896 61970 49989 119624 94149 8130 86019 25475 38311 11678 12049
is_linear=0
shrinkage=0.05


Tree=93
num_leaves=15
num_cat=0
split_feature=58 79 92 44 52 59 6 73 60 16 24 100 27 60
split_gain=44.6061 49.1533 58.0957 61.7521 52.9436 27.0814 26.6587 16.1677 10.9674 10.408 8.15175 7.84549 6.76174 6.05802
threshold=0.083776390851131852 -0.11293900605210504 -0.075854328318547937 -0.27791670730447771 -0.37244897475502431 0.42882435605640751 -0.42350951586346092 -0.18381156263208179 0.31467083775616994 -0.18460283326667468 0.5746769808392308 0.61413343859140024 -1.148802716324685 0.35384224197727637
decision_type=2 2 2 2 2 2 2 2 2 2 2 2 2 2
left_child=1 5 4 -4 -3 6 -1 9 -7 12 -11 13 -2 -9
right_child=7 2 3 -5 -6 8 -8 11 -10 10 -12 -13 -14 -15
leaf_value=0.014484984060420049 0.013338287531953345 -0.006785271529544167 -0.0099820165565863359 0.00068372788580653931 0.0055893807441912656 0.0052745231850410412 0.0042423393706141161 -0.0057457330075507363 -0.013033508997617778 -0.0026916886105421128 0.019482801830449786 0.0038579461575014903 -0.014562247592230172 -0.023474764492333402
leaf_weight=959.70050335456472 16.783736228637281 1095.7834810530767 2652.0514086253534 2765.9542384930028 3960.232875732705 117.11852276430727 1880.6494065042134 66.214821820278303 230.64771490558633 111.98436876502819 53.984807799919508 33.004456580769329 171.61238251320174 301.50870993692661
leaf_count=37534 532 44609 85601 92567 41221 5103 58616 3115 9757 3319 1596 1780 4990 13917
internal_value=4.5786e-05 0.000703206 -0.000952549 -0.0045458 0.00289934 0.00612888 0.00774181 -0.0117028 -0.00689275 -0.0037577 0.0052183 -0.0184662 -0.0115296 -0.020519
internal_weight=14417.2 13662.1 10474 5418.01 5056.02 3188.12 2840.35 755.093 347.766 354.365 165.969 400.728 188.396 367.724
internal_count=404257 375008 263998 178168 85830 111010 96150 29249 14860 10437 4915 18812 5522 17032
is_linear=0
shrinkage=0.05


Tree=94
num_leaves=15
num_cat=0
split_feature=59 81 93 84 79 104 33 19 99 58 30 59 88 13
split_gain=39.199 44.3308 115.357 94.2049 66.9952 49.5117 30.7332 27.8713 9.69791 7.83286 9.32389 7.44512 7.50985 6.92597
threshold=-1.8008419552832766 0.073201548688573981 -0.010550754435573106 1.0000000180025095e-35 0.040549928158585651 -0.3932901912466395 0.84609852874858771 0.79526029944331744 -0.10849886259178855 -1.0741909280067909 0.069126551137080203 -2.4460461822952402 0.039668503520686266 -0.80349068915784605
decision_type=2 2 2 2 2 2 2 2 2 2 2 2 2 2
left_child=8 2 5 -4 6 -2 -3 -6 11 -10 -11 12 -1 -13
right_child=1 4 3 -5 7 -7 -8 -9 9 10 -12 13 -14 -15
leaf_value=-0.025039735753062273 -0.0052341276992330958 0.02052394046920689 -0.011950889535555596 0.015500354453962429 0.0021432192910665351 0.0052432211489094292 0.0017143518442038132 -0.018823075536267914 -0.011242241120814464 0.023049834767395364 -0.005919252736953394 -0.024972161005246823 0.0071548962397342698 -0.0036887877221339609
leaf_weight=205.80029433193704 1492.108019732812 781.96919814627472 2912.4174544301823 341.30674090146204 3275.1178895113917 4522.4780834364647 301.88175168825546 156.57734596815135 120.04558803158579 39.630907292958 56.005300089134835 41.40352244443784 15.524168051051673 167.83274648715451
leaf_count=4908 42509 21835 140603 3698 69175 100090 6859 3706 3700 928 1315 911 366 3675
internal_value=-5.21216e-05 0.000515931 -0.00146336 -0.00903266 0.00457276 0.00263961 0.0153485 0.00113468 -0.0119915 -0.00314036 0.00713091 -0.0162534 -0.0225699 -0.00884728
internal_weight=14430.1 13783.9 9268.31 3253.72 4515.55 6014.59 1083.85 3431.7 646.243 215.682 95.6362 430.561 221.324 209.236
internal_count=404278 388475 286900 144301 101575 142599 28694 72881 15803 5943 2243 9860 5274 4586
is_linear=0
shrinkage=0.05


Tree=95
num_leaves=15
num_cat=0
split_feature=50 50 59 81 80 59 60 26 40 72 51 43 30 59
split_gain=41.9759 98.4551 41.2922 33.2251 50.5648 32.98 16.6581 15.4752 11.0856 10.3061 9.96268 9.11107 9.00361 6.50407
threshold=-0.22717005321119652 -0.22717005321119785 -1.6621861908297593 0.073201548688573981 -0.46500748169304162 1.0901820934443369 -0.63490332540843297 0.38953698702964185 -3.0282260565823429 0.29747001327021694 -1.0087373215329134 -0.88659084195654991 -0.34060623240986149 -2.414894567380605
decision_type=2 2 2 2 2 2 2 2 2 2 2 2 2 2
left_child=1 10 6 5 -5 -4 11 8 -3 -9 -1 -2 -12 -8
right_child=2 7 3 4 -6 -7 13 9 -10 -11 12 -13 -14 -15
leaf_value=-0.013916610087721755 0.0092581778934922518 -0.017583876464405821 -0.0018083782964159027 0.026574323272874553 0.0016284380412069977 -0.015199562819021187 -0.011867211014099252 -0.013989818448533562 0.024714916486127322 0.020076058833770779 -0.005247899932568586 -0.02203436870363347 0.0030450194445406711 0.0041726199780906508
leaf_weight=128.58221629430773 19.502120036559063 9.1820380482822639 7269.1410985281218 205.44081783873844 3593.2167370515817 481.23131446696789 107.16164864096208 45.705910700708046 620.04681435293969 26.919774657886592 494.83040845686628 363.70049294736236 920.71212944335275 129.14348154331674
leaf_count=2964 567 182 214480 7046 77521 20458 2616 1438 24362 1476 13670 9005 25524 2890
internal_value=-0.000301969 0.00596295 -0.00146225 -0.000781825 0.0030438 -0.00265837 -0.013933 0.0213473 0.0238322 -0.000461261 -0.00112208 -0.0202469 0.000129591 -0.00328775
internal_weight=14414.5 2245.98 12168.5 11549 3798.66 7750.37 619.508 701.855 629.229 72.6257 1544.12 383.203 1415.54 236.305
internal_count=404199 69616 334583 319505 84567 234938 15078 27458 24544 2914 42158 9572 39194 5506
is_linear=0
shrinkage=0.05


Tree=96
num_leaves=15
num_cat=0
split_feature=57 51 72 51 44 93 103 93 46 60 58 73 27 72
split_gain=39.4622 38.2549 44.7464 40.7938 42.8294 27.9026 21.3196 14.8034 8.4821 6.765 5.82547 5.61471 3.98841 2.89959
threshold=-0.067094722231471102 0.4629815209925307 -0.15020784602821144 -0.32543928750324441 -0.47566375663571409 -0.01474858039861819 0.27733931513870996 -0.019950957941700657 1.777071093511791 -1.4809805046830837 -1.1596105586908632 2.0218541054972214 0.35195010627868412 -0.66020316651021271
decision_type=2 2 2 2 2 2 2 2 2 2 2 2 2 2
left_child=8 3 7 6 -5 -4 -2 -3 9 11 -11 -1 -10 -14
right_child=1 2 5 4 -6 -7 -8 -9 12 10 -12 -13 13 -15
leaf_value=-0.019181957492332494 -0.0064977556227249393 -0.0039787442943128538 0.011087973291318496 -0.0026356794542600898 0.0052464622094249951 -0.006114542402277272 0.0018751958174616533 -0.023197991275172275 0.020508505623298465 -0.011370065148232349 0.0039836540678472874 0.012493483851260926 0.0092206772730173657 -0.01888079979112961
leaf_weight=328.05184564494994 2037.9775872413738 138.93917085765861 328.95186027791351 2338.3716038963175 6488.9031176237768 764.27178188569815 1203.2607635321037 399.14767278682848 20.504107245338673 227.15437104146258 77.772493360651424 8.074744587618623 9.2331590678077209 9.0384801822365244
leaf_count=8462 42993 4384 10348 67216 196038 29182 22713 12899 565 6322 2013 297 200 309
internal_value=-0.000163138 0.000424113 -0.00673853 0.00139707 0.00315784 -0.000884706 -0.00339322 -0.0183985 -0.0118319 -0.0132178 -0.00745191 -0.0180821 0.00909211 -0.00644176
internal_weight=14379.7 13699.8 1631.31 12068.5 8827.27 1093.22 3241.24 538.087 679.829 641.053 304.927 336.127 38.7757 18.2716
internal_count=403941 385773 56813 328960 263254 39530 65706 17283 18168 17094 8335 8759 1074 509
is_linear=0
shrinkage=0.05


Tree=97
num_leaves=15
num_cat=0
split_feature=92 19 59 59 35 104 25 79 68 35 93 25 93 92
split_gain=38.6907 38.8901 32.6141 35.7319 13.605 12.4203 7.36125 6.95046 6.7045 4.36386 3.72365 3.67045 2.92164 1.79297
threshold=0.77670488547758276 -0.63502352519110261 1.898797687626598 -1.222127118294672 -0.11168610561882161 -0.44264206274581702 1.0000000180025095e-35 -0.94028330547855843 -0.32754717030309427 0.15790775741790317 -0.012126150892824279 1.7481555715651032 -0.0028795740521571551 0.78626028062802023
decision_type=2 2 2 2 2 2 2 2 2 2 2 2 2 2
left_child=1 4 3 -3 5 -1 -4 9 -6 12 13 -12 -2 -9
right_child=7 2 6 -5 8 -7 -8 10 -10 -11 11 -13 -14 -15
leaf_value=0.0053251054029142871 0.030007152998724168 -0.007723330192140174 -0.020209103772873438 0.0023270834846303226 -0.018923746514409805 -0.0066068936354664216 -0.0031909270128280178 0.010249975676695028 -0.0025407556652381788 -0.015302881587674969 -0.03395071946582235 0.0033464021313404633 -0.0072423932658960341 -0.013266642173881028
leaf_weight=258.26239896239713 5.2345239985079397 950.23663121819845 200.71520607967977 11218.869684448247 276.03158646478551 1197.1670075282163 97.10591611743439 6.5790516983688558 84.267492205020972 7.6318546481270451 104.51846023973849 5.1922320109515558 3.1790751510125128 6.0301166176577681
leaf_count=5262 2311 20898 7787 280516 6033 28241 3660 1304 2333 3904 36305 1866 2745 1415
internal_value=-0.000129806 0.000133968 0.00113122 0.00153659 -0.00668193 -0.0044677 -0.0149442 -0.0255316 -0.0152641 0.00352762 -0.0293219 -0.0320535 0.0196429 -0.00188998
internal_weight=14421 14282.7 12466.9 12169.1 1815.73 1455.43 297.821 138.365 360.299 16.0455 122.32 109.711 8.4136 12.6092
internal_count=404580 354730 312861 301414 41869 33503 11447 49850 8366 8960 40890 38171 5056 2719
is_linear=0
shrinkage=0.05


Tree=98
num_leaves=13
num_cat=0
split_feature=103 103 46 34 79 44 58 72 51 51 86 80
split_gain=44.2742 36.3949 35.6545 36.3255 27.6579 26.7326 19.0027 12.7598 6.12165 4.96696 3.02251 1.7822
threshold=1.660889095458427 1.1644698544307819 0.32448290253278284 0.71041232065254467 -0.14783409399488989 -0.37796841048275687 -1.6517055082522658 -0.77822939861009643 0.4629815209925307 -1.5343511938634311 0.014651388507074951 0.076769131091368834
decision_type=2 2 2 2 2 2 2 2 2 2 2 2
left_child=1 2 4 -4 -1 7 -7 -3 9 -2 -11 -10
right_child=8 5 3 -5 -6 6 -8 -9 11 10 -12 -13
leaf_value=0.0023952013210176383 0.0020636894982335604 -0.0068697792946547627 0.0070671041347588684 -0.004505832781566685 -0.0041553117230752733 -0.01326996095089423 0.012067591903542375 0.0045222305988555775 0.013644569649856449 -0.034368496257156982 -0.002877859580440038 -0.0088243711096010306
leaf_weight=2119.7534889138988 10.241856740787624 413.97655299952021 2241.5595214074128 962.20531971337186 6637.1016416192324 70.639309940190287 1236.224551240899 574.92779024697666 6.3636743455426759 112.96148251811974 10.175367683172224 9.4307637241436151
leaf_count=74243 231 7018 69078 27040 167139 1974 35425 19346 212 2229 210 322
internal_value=-0.000102477 0.000190183 -0.000917929 0.00358813 -0.00256872 0.00594223 0.0106077 -0.00026774 -0.0263265 -0.029588 -0.0321779 0.00200861
internal_weight=14405.6 14256.4 11960.6 3203.76 8756.86 2295.77 1306.86 988.904 149.173 133.379 123.137 15.7944
internal_count=404467 401263 337500 96118 241382 63763 37399 26364 3204 2670 2439 534
is_linear=0
shrinkage=0.05


Tree=99
num_leaves=15
num_cat=0
split_feature=103 103 92 46 72 79 34 78 51 51 30 44 25 48
split_gain=41.7611 38.7603 38.7558 33.2565 28.0878 17.2357 15.4361 11.3252 11.0957 7.61732 5.92216 4.5173 3.00883 2.43405
threshold=-1.3382983511892534 1.660889095458427 0.7667002673711536 0.32448290253278284 -0.81266239131548379 0.32001971131063267 -0.768275826037775 -0.2559209664449541 -0.86857362224477619 0.4629815209925307 1.6042590628925297 1.2120800805723511 -0.58597333795259499 -0.99672536557951064
decision_type=2 2 2 2 2 2 2 2 2 2 2 2 2 2
left_child=4 2 3 -2 5 8 10 -8 -1 12 -6 -4 -3 -7
right_child=1 9 11 -5 6 13 7 -9 -10 -11 -12 -13 -14 -15
leaf_value=-0.0021502980936193654 -1.1398960496793222e-05 -0.03157317073192157 -0.022564179185734366 0.0060332333614407496 -0.0026743418687412632 0.0041908469261175271 -0.017736722583970757 -0.0035085470108258709 0.017065518094755639 0.0066975595657371842 0.02597060801567537 0.0090721761164955228 -0.0086451501493216548 -0.02024229025463288
leaf_weight=124.48476339981426 9609.9201066784735 102.92581467679702 179.02713023660181 2971.4522211979056 225.4593722227437 8.3463175989163556 707.77091715569259 180.78555157696974 172.00517070743081 14.242145070806144 9.544498726478194 6.8529932610472306 27.184369537280872 60.169933512544958
leaf_count=3016 225307 2082 55071 72655 8346 268 17598 11213 3002 511 439 1833 597 1952
internal_value=-0.000139333 0.000777091 0.00107737 0.00141987 -0.00804041 0.00392878 -0.0119291 -0.0149131 0.00919061 -0.02413 -0.000498426 -0.0209942 -0.0277417 -0.0171113
internal_weight=14400.2 12911.6 12767.3 12581.4 1488.57 365.006 1123.56 888.556 296.49 144.352 235.004 185.88 130.11 68.5163
internal_count=403890 358056 354866 297962 45834 8238 37596 28811 6018 3190 8785 56904 2679 2220
is_linear=0
shrinkage=0.05


Tree=100
num_leaves=15
num_cat=0
split_feature=28 28 44 92 72 12 85 103 20 103 92 3 96 6
split_gain=35.1589 35.7547 71.2634 49.5023 33.85 30.972 24.1969 17.9212 14.4585 18.7705 9.67142 8.78958 6.33739 4.9743
threshold=-0.70832069112647444 0.24116378672027169 -0.30880718838364513 -0.075854328318547937 -0.096243280843288384 0.63354132970383747 -0.075195850606170483 -0.45457613102134359 0.16626883287150873 -0.99127991614379618 -1.5711736356391708 1.386427179931641 -1.2998236496693771 -0.42350951586346092
decision_type=2 2 2 2 2 2 2 2 2 2 2 2 2 2
left_child=8 2 3 -2 6 -4 -3 -6 10 12 13 -11 -10 -1
right_child=1 4 5 -5 7 -7 -8 -9 9 11 -12 -13 -14 -15
leaf_value=0.015230522162048633 0.0032547112954296534 -0.0039349774811846426 0.0078947112670708728 -0.0071842692138876551 -0.0048776050785322642 -0.01141022714583164 -0.015750404935307345 0.0048289665866992088 0.0067770842580016939 -0.0037482657032364818 -0.014613787324345526 0.0073691287573076324 -0.014918638444365915 -0.0071463632446631901
leaf_weight=35.967321384232491 2221.5028934006114 1204.0202833026851 4075.8364218965871 2304.2100588879111 763.38971513656725 210.32096102072683 675.58910977269989 1225.5466786262186 31.941073087451514 367.25638559871732 620.0275740705838 326.90950623521348 304.05131734769384 45.003173807635903
leaf_count=1551 37467 30780 118045 85446 25002 5689 16581 43526 809 8961 12422 7986 8582 1958
internal_value=-0.000362936 0.00055146 0.00231012 -0.00206429 -0.00345009 0.00692307 -0.00824268 0.00109765 -0.00702542 -0.00320365 -0.0125177 0.00151764 -0.0127199 0.00337509
internal_weight=14411.6 12680.4 8811.87 4525.71 3868.55 4286.16 1879.61 1988.94 1731.16 1030.16 700.998 694.166 335.992 80.9705
internal_count=404805 362536 246647 122913 115889 123734 47361 68528 42269 26338 15931 16947 9391 3509
is_linear=0
shrinkage=0.05


Tree=101
num_leaves=15
num_cat=0
split_feature=103 103 59 52 101 13 51 68 38 100 33 76 25 80
split_gain=36.4079 33.0733 33.8147 34.2301 14.7007 11.5026 8.41544 7.31659 7.08169 5.58816 7.49291 5.91446 4.47161 2.69323
threshold=-1.5966829838425856 1.660889095458427 2.0245761140356628 -0.37244897475502431 -0.080914791402329836 -0.76422295957847053 0.7433089195688064 -0.24146143693182667 0.11705935538474342 -0.25091685105369993 -0.030622327596335003 0.29192998899446748 -0.58597333795259499 0.1782204421322309
decision_type=2 2 2 2 2 2 2 2 2 2 2 2 2 2
left_child=5 2 3 -2 -4 9 12 8 -7 10 -1 -11 -3 -8
right_child=1 6 4 -5 -6 7 13 -9 -10 11 -12 -13 -14 -15
leaf_value=0.026810746706869878 -0.0063776711267763053 -0.031374878085367243 -0.022144042062503966 0.0017592800315070719 0.0038476754688967622 -0.02366503368733185 0.020571990303130675 0.0049038339141006908 -0.0056564568431481466 -0.013393628093397007 -0.007008801250367621 0.014939105683784697 -0.005811432700160944 -0.0089859247932205007
leaf_weight=24.11106032243697 1438.719678605441 100.75198062759591 221.01650921632972 11984.66261944516 67.668042691766459 260.86886069312459 7.4512835941859503 28.909971032990143 77.873873370641377 78.97608741352451 25.209711945804884 14.396921765219302 26.42106184293516 6.0943374745547771
leaf_count=448 61732 2121 8893 311169 3370 7215 255 2182 2215 2344 661 920 599 220
internal_value=-0.000229751 0.000257785 0.000513459 0.000883062 -0.0161267 -0.013214 -0.023037 -0.0177845 -0.0198059 -0.00104444 0.0112569 -0.00800252 -0.0268747 0.0091051
internal_weight=14363.1 13852.8 13712.1 13423.4 288.685 510.346 140.719 367.653 338.743 142.694 49.3208 93.373 127.173 13.5456
internal_count=404344 388359 385164 372901 12263 15985 3195 11612 9430 4373 1109 3264 2720 475
is_linear=0
shrinkage=0.05


Tree=102
num_leaves=15
num_cat=0
split_feature=51 52 78 50 52 80 92 30 79 76 72 44 60 97
split_gain=37.0067 40.5093 60.3285 52.9083 51.1274 60.9174 34.1522 29.7598 27.2261 24.3446 21.7313 15.3731 13.177 12.182
threshold=1.0937181677891508 -0.37244897475502431 -0.44348760662910253 1.0000000180025095e-35 -0.35905268784198824 -0.13233454860656232 -1.8787134383408024 0.32661345427260052 -0.018592455170483291 -0.26912157143228005 0.29747001327021694 -0.047961008034729496 -0.41086151068645227 1.1184753497723323
decision_type=2 2 2 2 2 2 2 2 2 2 2 2 2 2
left_child=1 2 3 -1 7 -6 8 -3 9 -2 13 -4 -12 -8
right_child=6 4 11 -5 5 -7 10 -9 -10 -11 12 -13 -14 -15
leaf_value=-0.027253320104868656 0.039992283611755823 0.0092961337296026698 0.0058055416340275015 0.0087733964011131021 0.0081916714752546388 -0.0022762140672799103 -0.02805121142270825 -0.0052721105523346199 -0.023494128004255377 -0.022420944257108142 -0.023146467824533636 -0.0085834667608524658 0.001023695261926407 -0.008056944590297108
leaf_weight=462.21913329139352 67.306326868012547 2479.8397027649917 571.59293703129515 124.71598786395043 1691.4238737946071 7579.5225498329855 267.79022007008098 401.3505116449669 26.035220034886152 12.668457605410365 62.67832131718751 262.80138463247567 248.18184926049435 119.35129717185919
leaf_count=34061 3534 23693 14640 6258 74654 211254 8275 4249 1439 467 2047 7139 8792 3719
internal_value=-0.00010628 0.000514345 -0.00744255 -0.0195794 0.00145035 -0.000359648 -0.0104614 0.00725556 0.0149711 0.0287126 -0.0144809 0.00122559 -0.00441921 -0.0222453
internal_weight=14377.5 13573.5 1421.33 586.935 12152.1 9270.95 804.012 2881.19 106.01 79.9748 698.002 834.394 310.86 387.142
internal_count=404221 375948 62098 40319 313850 285908 28273 27942 5440 4001 22833 21779 10839 11994
is_linear=0
shrinkage=0.05


Tree=103
num_leaves=15
num_cat=0
split_feature=50 59 60 26 93 52 86 22 47 59 103 38 54 103
split_gain=35.2704 35.0167 35.7275 33.1621 23.4202 18.7444 13.5898 8.52804 7.39125 7.11925 7.04826 5.987 3.9073 3.84253
threshold=2.4157635282451042 -2.3513891362027786 1.0103722435607325 0.80576689941502078 -0.013063988617152926 -0.37244897475502431 -0.1022869084889677 0.057898712759069597 1.6128328014361057 -0.53193119384955712 0.1239145343562571 1.349053501317347 -0.048231121300474765 -1.4427642582577438
decision_type=2 2 2 2 2 2 2 2 2 2 2 2 2 2
left_child=1 7 3 -3 -4 6 -2 11 9 -7 -9 -1 -8 -10
right_child=5 2 4 -5 -6 8 12 10 13 -11 -12 -13 -14 -15
leaf_value=-0.02222046529171183 0.036343682700248382 0.002842002491908328 0.00063311394968842646 -0.0064585052530489869 -0.0095042261532173149 0.0018288108215227261 -0.022706852449013062 -0.014712738847755761 -0.014653720770448462 -0.024823261660880766 0.0090335680190267269 0.0026798420171457991 0.0063843518438901417 0.012035095835555744
leaf_weight=224.48899594412796 19.273108725436032 10349.222409166978 1050.1576498690702 1046.7171514282236 1232.4030009779999 26.266584434895776 13.626257897820325 50.509337971394416 12.836517130206628 250.20949476212263 55.098617199488217 24.659242482943228 15.962091944180427 23.070711774693336
leaf_count=5779 766 278378 27728 28602 51188 704 623 1475 376 5656 1482 622 716 624
internal_value=2.93725e-05 0.000431487 0.000838605 0.00198284 -0.00485783 -0.0151824 0.0117762 -0.0148586 -0.0196336 -0.0223157 -0.00261388 -0.0197477 -0.00936454 0.00138038
internal_weight=14394.5 14033.3 13678.5 11395.9 2282.56 361.245 48.8615 354.756 312.383 276.476 105.608 249.148 29.5883 35.9072
internal_count=404719 395254 385896 306980 78916 9465 2105 9358 7360 6360 2957 6401 1339 1000
is_linear=0
shrinkage=0.05


Tree=104
num_leaves=15
num_cat=0
split_feature=102 65 92 58 88 92 13 82 88 85 38 32 31 81
split_gain=34.8532 34.8358 29.0204 26.0603 25.4968 20.3911 13.0512 13.0506 11.2045 7.73154 5.45723 5.85828 5.17317 3.0454
threshold=1.0000000180025095e-35 1.0000000180025095e-35 0.78721824618181913 -1.3677926059181711 -0.15310014906220581 0.1180592039383012 -0.76422295957847053 1.0000000180025095e-35 1.9994365134574188 -0.33947195661629254 0.11705935538474342 3.129833277348951 -0.53507226037906397 -3.0309648624799945
decision_type=2 2 2 2 2 2 2 2 2 2 2 2 2 2
left_child=1 2 3 -1 5 -3 7 9 -6 -2 11 -8 -12 -4
right_child=6 4 13 -5 8 -7 10 -9 -10 -11 12 -13 -14 -15
leaf_value=-0.0093373908986356859 0.025206141445420008 -0.0036490508426320527 0.0039036091511233648 0.0020096180460257955 0.0089534712304804552 -0.01386649928621766 -0.023231233954581251 0.036968376466554508 -0.011491315762744913 -0.0097291383437294234 0.013208069373508092 0.007310846397679616 -0.012303203673110795 -0.031630037785977956
leaf_weight=521.16224714559212 8.4126084263261856 1300.8170622356702 4.3320325814856906 10750.938344524584 377.63927123593021 782.04476300423266 258.63501138221181 10.641577464994041 72.058182961147395 117.27831225146656 17.479156445740955 12.249431576346977 69.707178575336002 63.551565713933087
leaf_count=13552 310 22246 617 283602 11597 25939 8076 178 2331 3760 503 414 2395 28901
internal_value=-0.000386037 8.33312e-05 0.0012683 0.00147718 -0.00520671 -0.00753329 -0.0132967 -7.59359e-05 0.00549875 -0.0057056 -0.0181915 -0.021639 -0.0063559 -0.0291524
internal_weight=14366.9 13872.5 11340 11272.1 2532.56 2082.86 494.403 136.332 449.697 125.691 358.071 270.884 87.1863 67.8836
internal_count=404421 388785 326672 297154 62113 48185 15636 4248 13928 4070 11388 8490 2898 29518
is_linear=0
shrinkage=0.05


Tree=105
num_leaves=15
num_cat=0
split_feature=65 103 83 41 52 96 40 51 6 61 52 52 93 103
split_gain=36.6679 48.3101 36.3445 30.8117 29.3287 28.4308 27.0939 19.4506 20.1084 22.4373 16.4068 10.0087 9.03264 6.6261
threshold=1.0000000180025095e-35 0.27733931513870996 1.0000000180025095e-35 -0.24761888903726778 -0.37244897475502431 1.1534877076072185 -0.76398735542954721 -0.32543928750324441 -0.45587925087669751 0.77914603950915728 -0.34659685203449203 -0.32073180713041788 -0.015240303672976777 -1.2695017934179933
decision_type=2 2 2 2 2 2 2 2 2 2 2 2 2 2
left_child=1 2 5 10 -5 -1 -4 11 9 -9 -3 13 -10 -2
right_child=7 3 6 4 -6 -7 -8 8 12 -11 -12 -13 -14 -15
leaf_value=-0.0036760564443031117 0.01616324319477138 0.0050926974480250617 -0.0028777035093163301 -0.0068970582233595758 0.010242884338123629 0.0065405644176812563 0.023563320159886984 -0.0015352935999449959 -0.0031641043530070707 0.018848145662358345 -0.0035930112817751771 -0.024858161581262164 -0.012998232325400866 -0.010806313375475971
leaf_weight=5843.552339196558 15.541192944627253 1007.2603793761227 158.34435759810731 271.53743436723016 2393.7556865525112 761.35242414423192 231.83773898798972 898.27353291028339 441.19120063068112 148.65265291700052 1158.0228576688169 145.68615548609523 506.84504401813319 373.83667677431367
leaf_count=166101 341 16957 2671 10932 65808 32344 3061 23647 9023 4425 43863 3936 14012 6804
internal_value=-0.00012184 0.00104807 -0.00160724 0.00488857 0.00847743 -0.00249027 0.0130292 -0.00557276 -0.00326682 0.00150989 0.0004523 -0.0139527 -0.00850248 -0.00935212
internal_weight=14355.7 11825.7 6995.09 4830.58 2665.29 6604.9 390.182 2530.03 1994.96 1046.93 2165.28 535.064 948.036 389.378
internal_count=403925 341737 204177 137560 76740 198445 5732 62188 51107 28072 60820 11081 23035 7145
is_linear=0
shrinkage=0.05


Tree=106
num_leaves=15
num_cat=0
split_feature=93 81 81 72 79 52 68 50 88 73 61 81 44 53
split_gain=31.314 107.866 60.3681 90.1627 59.4547 44.3456 54.7654 86.0804 46.7411 38.1665 37.0009 33.8567 20.5393 17.0393
threshold=-0.012629093022319108 0.080479461017542844 -0.18152538282533803 -0.81266239131548379 0.29050260857780752 -0.37244897475502431 -0.32754717030309427 0.52795382720488915 -0.038997599200382933 0.13405599158302869 -0.38777676611515172 -0.0057610640234722612 -0.30485108639020858 0.16068298399526829
decision_type=2 2 2 2 2 2 2 2 2 2 2 2 2 2
left_child=5 2 10 -4 9 6 7 -1 11 -3 -2 -7 -6 -8
right_child=1 4 3 -5 12 8 13 -9 -10 -11 -12 -13 -14 -15
leaf_value=-0.021262189540074274 -0.0083984839067188007 0.0062874066146915084 0.0054742673971631337 -0.019259922634686663 -0.012244783614566362 0.011197439929198465 0.022722720321189556 0.018715580912198784 0.01229454360603534 0.02788942649946068 0.0090011732557161855 -0.00029121251577249335 0.00067212189343901323 0.0014377240014461906
leaf_weight=715.94502562005073 632.48988146023476 1838.0950823417079 462.50297741046234 1731.2853455129043 546.12080081571912 747.60227051052789 104.40660362876952 157.12804372841492 1242.8738855397241 221.97008008737612 572.60841847610573 4173.4866630250981 686.92188972176518 536.850468786899
leaf_count=50770 27666 28847 7646 96811 14109 17015 1407 7559 20180 9805 23268 71303 20336 7544
internal_value=-0.000389917 -0.00288781 -0.00912386 -0.0140442 0.00355667 0.00178804 -0.00585269 -0.0139369 0.00367162 0.00873849 -0.000124913 0.00147329 -0.00510132 0.00519894
internal_weight=14370.3 6691.99 3398.89 2193.79 3293.11 7678.29 1514.33 873.073 6163.96 2060.07 1205.1 4921.09 1233.04 641.257
internal_count=404266 228488 155391 104457 73097 175778 67280 58329 108498 38652 50934 88318 34445 8951
is_linear=0
shrinkage=0.05


Tree=107
num_leaves=15
num_cat=0
split_feature=92 60 7 44 60 81 83 75 99 100 27 36 75 29
split_gain=33.974 34.6977 31.6522 28.2405 25.9215 23.3361 18.6412 17.8248 15.0083 13.1987 11.6224 8.64199 8.19762 8.04063
threshold=0.6710930256513542 -1.6187919162085314 -0.85556031488158879 -0.28578102912610548 0.96025819256454026 -1.8001221405589571 1.0000000180025095e-35 1.2209781088822589 -0.2048674303205382 -0.27161344409921578 -0.28573241175058633 0.28829366960560432 -0.28194837293708203 -0.048117017457541968
decision_type=2 2 2 2 2 2 2 2 2 2 2 2 2 2
left_child=1 9 8 5 -4 10 7 -5 -3 13 -2 -7 -11 -1
right_child=3 2 4 6 -6 11 -8 -9 -10 12 -12 -13 -14 -15
leaf_value=-0.0060121086090681956 0.037919743034477656 -0.0002333213967298234 0.0037033229685893283 -0.0049340640124026112 -0.0025224173124663257 -0.020711836360483973 0.040230661524568084 0.023358734089949779 -0.011250057950813776 0.0046592802162045794 -0.0072863825775818141 0.0031074745764007221 -0.010099465129180925 -0.018866024643927434
leaf_weight=224.21112816408277 19.481473623629427 603.08858464774676 8972.8784976374591 589.11924547777744 2046.8023711408605 473.66795532787 16.779704541841056 51.453147229956812 625.21955497260205 227.3367270049639 22.287129783275304 38.705325561906648 146.068255800521 295.37207051203586
leaf_count=3714 979 11061 172299 66338 47670 59816 961 8985 13248 4307 1061 5650 3127 4956
internal_value=0.000259186 0.000999883 0.00169596 -0.00771751 0.00254571 -0.0159244 -0.000664207 -0.00233736 -0.0058865 -0.00846041 0.0170504 -0.0188875 -0.00122687 -0.0135376
internal_weight=14352.5 13141 12248 1211.49 11019.7 554.142 657.352 640.572 1228.31 892.988 41.7686 512.373 373.405 519.583
internal_count=404172 260382 244278 143790 219969 67506 76284 75323 24309 16104 2040 65466 7434 8670
is_linear=0
shrinkage=0.05


Tree=108
num_leaves=15
num_cat=0
split_feature=51 51 93 73 51 52 96 48 104 54 51 97 27 52
split_gain=31.3712 46.1498 54.5293 72.5359 40.5829 25.5293 25.2774 16.357 16.0865 13.622 12.4111 9.21623 13.7718 10.0157
threshold=-0.65832807331257148 -0.30791882509222573 -0.012848657480538636 -0.47306068070448831 -0.30791882509222701 -0.37244897475502431 1.042965863476548 -0.2722452417764189 -0.38225317468448489 -0.047759662606481589 -0.30791882509222646 -0.98976184474820983 -0.76399430027253901 -0.35952291339475811
decision_type=2 2 2 2 2 2 2 2 2 2 2 2 2 2
left_child=7 4 6 -4 5 -2 -3 11 9 -9 -6 13 -13 -1
right_child=1 2 3 -5 10 -7 -8 8 -10 -11 -12 12 -14 -15
leaf_value=-0.0017033702041579298 -0.0091790820301377082 0.0011978923131363069 -0.016677391766120878 -0.0008924657810439468 0.025754969655854706 0.0049915301209832869 0.011967915495282658 -0.0083255901033452619 0.0066587348989942292 0.0022141576612776351 0.0067797538401332264 0.008428451770727834 -0.0092218733823519576 -0.016169731563361375
leaf_weight=159.0362766913604 338.03717345790938 2774.1318254265279 1020.9999910151091 2478.9474489678687 285.22297392327891 3750.2105813813687 668.81179572607653 771.01932503725402 455.25964918152022 498.93108712590765 134.47418332865345 152.56369925244508 339.39336369984085 506.3645613265835
leaf_count=4990 14590 74482 52703 123902 4302 48884 21580 16488 10381 10627 2056 3272 7488 8504
internal_value=0.000239413 0.00141358 -0.00114436 -0.00553162 0.00534701 0.00380029 0.00331863 -0.00441368 -0.00131255 -0.00419984 0.0199744 -0.00898551 -0.00368936 -0.0127886
internal_weight=14333.4 11450.8 6942.89 3499.95 4507.94 4088.25 3442.94 2882.57 1725.21 1269.95 419.697 1157.36 491.957 665.401
internal_count=404249 342499 272667 176605 69832 63474 96062 61750 37496 27115 6358 24254 10760 13494
is_linear=0
shrinkage=0.05


Tree=109
num_leaves=15
num_cat=0
split_feature=60 103 103 84 44 58 51 76 60 99 36 51 81 79
split_gain=34.6028 31.9139 39.7496 33.2971 19.5433 15.5696 5.60656 5.5254 5.50094 5.24666 8.31045 6.65455 3.94084 2.25883
threshold=-1.6296093974726642 1.660889095458427 1.2179796862601657 1.0000000180025095e-35 -0.47253915432711607 -0.89341676954356186 0.4629815209925307 0.40042352663293507 -1.4284090664923548 -0.37201335678112307 0.010551470070918135 -0.32543928750324441 -0.070222573222911214 -0.15916186169287985
decision_type=2 2 2 2 2 2 2 2 2 2 2 2 2 2
left_child=5 2 3 -2 -4 7 8 12 -3 11 -11 -7 -1 -9
right_child=1 6 4 -5 -6 9 -8 13 -10 10 -12 -13 -14 -15
leaf_value=0.00059338248456084115 -0.00065742479840428679 0.0051037089451102264 -0.00024895430169644958 0.011879910058784075 0.010870852764459638 -0.019955096329143693 0.0030097315592899879 0.022396032979294135 -0.030089283835048039 0.0059999622172335213 -0.0085491813239494795 -0.004077967379718851 -0.024033650769727029 -0.0075264445513444512
leaf_weight=17.110754372741212 10855.873769766178 9.3878909951308724 552.22024322253128 546.71904701937456 1375.1581530744588 102.13860206693062 15.80385018524248 3.4564748876437079 101.16434102784842 185.16308709928126 187.79374388603173 177.14801089295361 197.17676510083402 4.9130798036858305
leaf_count=629 319949 205 14777 6897 39549 1952 550 209 2217 4541 4541 3123 5057 287
internal_value=0.000203957 0.000833183 0.00107858 -4.64156e-05 0.00770004 -0.00937385 -0.0232351 -0.0205195 -0.0269253 -0.00531666 -0.00135786 -0.0103735 -0.0221284 0.0102958
internal_weight=14331.2 13456.3 13330 11402.6 1927.38 874.901 126.356 222.657 110.552 652.243 372.957 279.287 214.288 8.36955
internal_count=404483 384144 381172 326846 54326 20339 2972 6182 2422 14157 9082 5075 5686 496
is_linear=0
shrinkage=0.05


Tree=110
num_leaves=15
num_cat=0
split_feature=59 60 79 26 20 93 88 60 1 34 37 83 43 31
split_gain=33.0808 30.1189 39.9337 45.782 22.4733 22.4347 21.3935 16.7084 13.2675 13.2166 9.34451 8.37704 7.5443 3.88567
threshold=-1.222127118294672 1.1237111264817905 -0.3431260454266758 0.5282802911581046 -0.80692772044428362 -0.015142021620304083 -0.18454491975455053 -0.38635341643423032 0.88316045667968546 -1.1607671242333535 -0.22627259890354498 1.0000000180025095e-35 0.18819188592225153 -0.21087832152180067
decision_type=2 2 2 2 2 2 2 2 2 2 2 2 2 2
left_child=7 2 4 -4 -2 9 -7 8 10 -3 -1 12 -9 -13
right_child=1 5 3 -5 -6 6 -8 11 -10 -11 -12 13 -14 -15
leaf_value=-0.018870141833640341 0.020710436664443489 0.021116731261340907 0.0011552884798730547 -0.011949894756437256 0.0056970334188028021 -0.0044545929340052129 -0.018898593737652295 -0.0077332118368863391 0.026298105734668703 -0.0010137057354246699 -0.0074430859482018386 -0.00072278056042343304 0.0092974896505886011 0.027838927301473144
leaf_weight=387.27274881061021 287.44841487680242 63.637760123470798 8645.3801406563143 712.01316045896965 1643.6233413430236 693.21351687757124 405.08957830078361 196.64990506578033 12.564245725763611 796.89284876850434 364.17511923552956 16.684759005205706 85.307231121900259 27.686463050427847
leaf_count=8797 12330 1494 222929 19548 54208 25255 21636 4911 357 20743 9490 228 2118 372
internal_value=-0.000185249 0.000506318 0.00150043 0.00014641 0.00802703 -0.0052011 -0.00990446 -0.00851582 -0.0125169 0.000846652 -0.0135027 0.000945249 -0.00243854 0.0189413
internal_weight=14337.6 13247.3 11288.5 9357.39 1931.07 1958.83 1098.3 1090.34 764.012 860.531 751.448 326.328 281.957 44.3712
internal_count=404416 378143 309015 242477 66538 69128 46891 26273 18644 22237 18287 7629 7029 600
is_linear=0
shrinkage=0.05


Tree=111
num_leaves=15
num_cat=0
split_feature=59 79 51 103 13 80 104 81 80 87 85 22 81 37
split_gain=32.6986 44.9563 44.6942 30.756 28.0581 21.8542 17.961 14.428 11.0286 6.77681 5.48858 3.97245 5.06133 3.6706
threshold=2.0245761140356628 -0.28509634869277095 0.74330891956880374 1.6668440520615577 -0.46971498773315429 0.021436616977520809 -0.069768095667544536 0.096129708582092563 -0.051796116085135603 0.071904447290017534 0.031445394290088115 -0.47537672151903049 0.1872951367028611 -0.062254885353424293
decision_type=2 2 2 2 2 2 2 2 2 2 2 2 2 2
left_child=1 4 3 -3 6 -4 -1 -6 11 13 -11 -2 -13 -10
right_child=8 2 5 -5 7 -7 -8 -9 9 10 -12 12 -14 -15
leaf_value=0.017806311535090581 0.0010940475221066278 0.00014740180803616198 -0.0034821377745514882 -0.033474777962720768 0.00045122122122546668 -0.020939231278954997 0.00013261814625783441 0.010511476074793875 -0.017701495719758695 0.03583751833179466 -0.0027326176008555612 -0.027349798524179483 0.0049121950419129465 0.0016585818643662779
leaf_weight=638.58033509838424 14.647565923114596 10501.332073970687 340.29210478011737 58.460069023771212 1472.085660082259 380.40218740051205 184.88032254848076 460.65159649177076 48.094715570856351 7.5558023516059647 16.714878787417547 159.67765172563668 10.094207097165052 39.58992383970326
leaf_count=18761 736 266512 11703 1343 51146 14260 14317 12966 1612 212 530 7721 594 1421
internal_value=0.000149824 0.000502174 -0.000897816 -7.02281e-05 0.00621454 -0.0128569 0.0138875 0.00289076 -0.0160096 -0.00319756 0.0162283 -0.0232229 -0.025265 -0.0096854
internal_weight=14333.1 14036.7 11280.5 10559.8 2756.2 720.694 823.461 1932.74 296.375 111.955 24.2707 184.419 169.772 87.6846
internal_count=403834 391008 293818 267855 97190 25963 33078 64112 12826 3775 742 9051 8315 3033
is_linear=0
shrinkage=0.05


Tree=112
num_leaves=15
num_cat=0
split_feature=52 65 44 16 59 37 92 92 93 80 16 72 59 49
split_gain=32.1397 30.1277 37.6378 34.3161 29.747 18.1479 22.4319 7.27303 6.12611 6.9455 3.34261 2.51033 2.13214 1.84899
threshold=0.36575637177159664 1.0000000180025095e-35 0.63346181137686319 -0.11643999561754145 -1.2033541342438145 0.1766075717922303 -0.51735186473912298 -0.66493987831302059 -0.012740636792966173 -1.6877204739284049 -0.27432445375189246 4.2587391151994511 1.0000000180025095e-35 0.13594892333294564
decision_type=2 2 2 2 2 2 2 2 2 2 2 2 2 2
left_child=1 2 4 -4 -1 6 -3 -7 10 12 -2 -11 -10 -12
right_child=8 5 3 -5 -6 7 -8 -9 9 11 13 -13 -14 -15
leaf_value=-0.0067595315204969728 -0.012025365809441338 0.0014335040866061501 0.0073007203547014428 -0.0093434159230749297 0.0036013540747581252 -0.012025493529901466 -0.0089520135485986405 0.014992709599825328 0.016025620745974131 -0.031169740053305924 0.029372612744621364 0.0074513818691240965 -0.010854454951904874 -0.0049422054543140324
leaf_weight=739.16554181522224 5.2945026417437475 774.54250847199 402.02201838055043 1253.1515181505529 9326.7871976081369 21.843947785906494 1556.4741618154949 147.44345949337003 7.5151971039304026 106.80037145254391 3.4012981263003876 0.78360385176347236 3.834871490529622 2.0349536873982288
leaf_count=16388 1207 17008 10636 33239 237900 992 35247 2823 2155 43946 643 219 1482 455
internal_value=0.000387614 0.000621588 0.001685 -0.00528119 0.00283458 -0.00435042 -0.00550977 0.0110301 -0.0234815 -0.0266009 0.00724672 -0.0302787 0.00611342 0.0216472
internal_weight=14351.1 14221.4 11721.1 1655.17 10066 2500.3 2331.02 169.287 129.665 118.934 10.7308 107.584 11.3501 5.43625
internal_count=404340 354233 298163 43875 254288 56070 52255 3815 50107 47802 2305 44165 3637 1098
is_linear=0
shrinkage=0.05


Tree=113
num_leaves=15
num_cat=0
split_feature=103 65 19 26 72 44 92 27 9 103 99 13 68 45
split_gain=32.5179 33.4944 28.1093 29.5534 23.4184 20.315 19.2412 16.3407 11.9442 11.7764 10.2753 9.30139 7.29292 7.22291
threshold=-1.3946450569666897 1.0000000180025095e-35 0.79526029944331456 -1.1366393583834122 -0.25899984254913427 -0.028217399909761829 0.3200733116681187 -0.8519505096558867 0.42834689366569895 -1.4998831750390837 -0.33425839845029304 -0.54825044689190527 -0.30125648160238544 -0.62622114450838806
decision_type=2 2 2 2 2 2 2 2 2 2 2 2 2 2
left_child=7 2 3 -2 -4 6 -3 9 12 -1 -10 -7 -9 -11
right_child=1 5 4 -5 -6 11 -8 8 10 13 -12 -13 -14 -15
leaf_value=-0.0028314272462746782 -0.0063058415318456122 -0.0033612280235798633 -0.016042527581799949 0.0035940794300494214 -0.00046521925945337416 0.016543650531345148 -0.013955330965153515 -0.0097442818721535009 0.02189374313612262 -0.0019432800434941466 -0.023019670877313332 -0.0006213946272599606 0.0033847636874738858 0.032274093445248654
leaf_weight=184.39608522586059 815.4971033742695 1579.7307946339715 356.49594535362849 8778.5392061643943 707.99234824470477 136.6786110676112 583.34345427428707 623.21291865700186 5.8686087529640636 21.314716173772467 211.68802711104945 169.34477460829658 121.75862010879791 37.134762791414687
leaf_count=5707 20013 26228 8133 255169 21893 3580 27284 16648 157 675 7193 4147 6328 1385
internal_value=-4.95658e-05 0.000674332 0.00189039 0.00274689 -0.00578279 -0.00456158 -0.00626934 -0.00787415 -0.010776 0.00359888 -0.0208992 0.0073259 -0.00758205 0.0213351
internal_weight=14333 13127.6 10658.5 9594.04 1064.49 2469.1 2163.07 1205.37 962.528 242.846 217.557 306.023 744.972 58.4495
internal_count=404540 366447 305208 275182 30026 61239 53512 38093 30326 7767 7350 7727 22976 2060
is_linear=0
shrinkage=0.05


Tree=114
num_leaves=15
num_cat=0
split_feature=88 81 93 84 80 93 68 92 68 99 68 74 46 78
split_gain=28.2726 39.0535 53.3515 57.5877 44.9554 33.6131 28.8954 24.4467 24.0614 23.1714 22.7323 21.3963 16.7865 9.86026
threshold=0.15041775139662966 0.080479461017542844 -0.0091732611404975618 1.0000000180025095e-35 0.22986244827206095 -0.011922388499415409 -0.26439675055909534 -2.0030884045136608 -0.30948785351954344 0.1296214289229615 -0.13230882868983393 0.62983327367687736 0.32448290253278284 -0.4024769205954985
decision_type=2 2 2 2 2 2 2 2 2 2 2 2 2 2
left_child=1 2 6 -4 9 7 -1 8 -2 -3 -9 -7 -6 -13
right_child=5 4 3 -5 12 11 -8 10 -10 -11 -12 13 -14 -15
leaf_value=-0.0019673279540550828 -0.022218651237301858 0.011554186495533237 -0.010722992825542217 0.0099025102264883522 -0.0038064482907406399 -0.013781198834583988 0.0061139682488048075 0.018663729614028377 0.014153858163115932 -0.00086424923546961742 -0.00019173787655088665 -0.010934576627558997 0.0053334371747200239 0.031669783861142692
leaf_weight=3918.0443278411185 92.196585520170629 1560.3485857191699 2567.9077223104141 381.56815082713729 1856.1584733465497 246.44068764542681 1529.7435605474675 687.20810150110628 72.831520159728825 491.98285896621383 207.13644428497355 13.549797966436016 677.82035186584835 34.90308712067781
leaf_count=91352 5907 26826 120106 4120 45152 18887 44871 8526 1000 10152 6842 247 18532 2185
internal_value=0.000118427 -0.000600598 -0.0026262 -0.00803027 0.00310581 0.00696571 0.000308952 0.0111024 -0.0062749 0.0085875 0.0143428 -0.00777155 -0.00135024 0.0199231
internal_weight=14337.8 12983.6 8397.26 2949.48 4586.31 1354.27 5447.79 1059.37 165.028 2052.33 894.345 294.894 2533.98 48.4529
internal_count=404705 361111 260449 124226 100662 43594 136223 22275 6907 36978 15368 21319 63684 2432
is_linear=0
shrinkage=0.05


Tree=115
num_leaves=15
num_cat=0
split_feature=60 103 48 50 50 27 48 59 92 81 35 74 37 36
split_gain=29.3545 31.9016 36.5461 35.055 70.2089 28.9916 24.065 14.957 14.6381 7.74459 5.62088 5.92657 3.38731 2.20791
threshold=-1.6296093974726642 0.73083747829627599 -1.3890268434064958 -0.22717005321119652 -0.22717005321119785 -1.2037753471892774 0.72053301916122037 -1.0294608535656387 -1.4264855068063744 -0.093971550296388734 0.97631769877938934 -0.12521172609041456 -0.17777683406924313 -0.029151625289626896
decision_type=2 2 2 2 2 2 2 2 2 2 2 2 2 2
left_child=7 3 8 4 -2 -5 -4 9 -3 13 11 -9 -11 -1
right_child=1 2 6 5 -6 -7 -8 10 -10 12 -12 -13 -14 -15
leaf_value=0.020460645687923135 -0.0029932243549111157 0.016996408045318941 0.0033670512174239727 0.011801683139630384 0.018163368949720583 -0.003242488659304708 0.013047058805063677 -0.0054908621461868014 -0.014491542701874966 -0.026393735592520725 -0.024063617514083702 0.0083457824980857406 -0.012137959926057908 -0.0059824526483649512
leaf_weight=7.8564315216499381 977.72239778131916 33.15277532255277 2827.793164491377 324.79832558546332 642.14741373532888 7516.3553549544085 825.35570532627753 511.31203586736956 317.08561786198698 140.82728862285148 25.661129375250312 81.738646481593605 98.315041175817896 7.8746473099017731
leaf_count=284 26986 1118 78614 10790 25085 209803 24406 10818 7451 3331 630 2471 2632 329
internal_value=-0.000216684 0.000362404 0.00409813 -0.00122101 0.00545364 -0.00260509 0.0055837 -0.00904515 -0.0111219 -0.0190174 -0.00470002 -0.00347702 -0.0212554 0.0100431
internal_weight=14338 13464.4 4003.39 9461.02 1619.87 7841.15 3653.15 873.585 350.238 254.873 618.712 593.051 239.142 15.7311
internal_count=404748 384253 111589 272664 52071 220593 103020 20495 8569 6576 13919 13289 5963 613
is_linear=0
shrinkage=0.05


Tree=116
num_leaves=15
num_cat=0
split_feature=79 51 59 28 44 41 104 103 86 103 81 45 103 81
split_gain=28.6304 47.3169 42.3032 33.475 40.2238 27.6184 26.2453 12.7202 11.6904 10.911 10.9005 8.08228 7.58503 6.17786
threshold=-0.17231319908849985 0.74330891956880374 0.86835888720996723 0.51244506610505469 -0.47859788237760231 0.76742729279010946 -0.24792230363873849 1.5947787944268781 0.023121512466836011 0.73083747829627599 0.052407513462948481 -0.012816095730536339 1.5833760414523439 -0.01517310102033431
decision_type=2 2 2 2 2 2 2 2 2 2 2 2 2 2
left_child=2 3 5 4 -2 6 -1 11 -5 -7 12 -3 -4 -9
right_child=1 7 10 8 -6 9 -8 13 -10 -11 -12 -13 -14 -15
leaf_value=0.012726552239651634 -0.0049925605345585858 -0.020252867092892615 -0.014741478563727437 -0.0052951208224603936 0.002518853863828521 -0.0056332829391125445 0.00034325944023377007 0.034996405886395708 -0.017077548321342593 0.0074101258107565531 0.0073650076490460849 -0.0078318394754271874 0.017547851225014035 -0.0015632190333409804
leaf_weight=1525.2844814463679 2382.5946984568145 387.898295681749 364.97787831279129 699.51765273013734 6978.2302334438536 537.87236568732624 593.98333595455188 7.7385062114044549 301.09125222629518 217.05774522898719 69.165766387428448 223.42333046329441 10.969299771968506 30.868650312579121
leaf_count=40025 58773 14589 17946 19478 174583 15382 35364 290 7887 7005 2732 8533 490 1029
internal_value=7.13623e-05 -0.00115615 0.0041347 -0.000329029 0.000603699 0.00635962 0.0092737 -0.0141376 -0.00897445 -0.00183519 -0.0100562 -0.0159124 -0.0133691 0.0114571
internal_weight=14330.7 11011.4 3319.31 10361.4 9360.82 2874.2 2119.27 649.929 1000.61 754.93 445.113 611.322 375.947 38.6072
internal_count=404106 285162 118944 260721 233356 97776 75389 24441 27365 22387 21168 23122 18436 1319
is_linear=0
shrinkage=0.05


Tree=117
num_leaves=10
num_cat=0
split_feature=103 92 103 27 48 79 43 88 43
split_gain=29.3719 29.4509 29.2421 40.6477 37.472 6.47854 2.09084 1.97103 0.732609
threshold=1.6668440520615577 0.78721824618181913 0.73083747829627599 -1.1378081901517665 -0.086615998436830072 -2.4082414580902474 0.84293942853315518 0.080614687748391436 0.072914712954837327
decision_type=2 2 2 2 2 2 2 2 2
left_child=1 2 3 -1 -4 8 -7 -2 -3
right_child=7 5 4 -5 -6 6 -8 -9 -10
leaf_value=0.010634105491922764 -0.034973835698937757 -0.0041591753310932008 -0.00039690716753565695 -0.0020188437478490624 0.0090629656641641222 -0.034241663200186484 -0.0013270574295017503 -0.0049476771305371568 0.018090774821848239
leaf_weight=671.4596070917396 53.40040617674822 0.88365287732449305 2355.0251995588551 9264.8988486547241 1873.3625644251297 67.972393987700343 6.023540356742159 9.9784240149892849 2.3375426571583375
leaf_count=17931 1353 460 59549 241238 48828 29320 3113 246 1867
internal_value=-1.23745e-05 0.000150089 0.00032821 -0.00115398 0.00380573 -0.0288159 -0.0320393 -0.031565 0.0134578
internal_weight=14305.3 14242 14164.7 9936.36 4228.39 77.2171 73.9959 63.3788 3.2212
internal_count=403905 402306 367546 259169 108377 34760 32433 1599 2327
is_linear=0
shrinkage=0.05


Tree=118
num_leaves=15
num_cat=0
split_feature=50 50 52 52 28 60 35 50 68 50 61 43 99 81
split_gain=27.7891 76.6744 21.5125 21.0699 20.0827 22.0455 16.9168 13.2103 11.0641 7.9343 8.62027 6.7526 3.5512 2.26637
threshold=-0.22717005321119652 -0.22717005321119785 -0.37244897475502431 0.40313562252083118 -0.70832069112647444 -1.6403246145667063 -0.51607690017390784 -0.22717005321119718 -0.32732726921036931 -0.2271700532111994 -0.55265925886700507 -0.75547497463625357 4.2365383379432489 -3.0309648624799945
decision_type=2 2 2 2 2 2 2 2 2 2 2 2 2 2
left_child=1 9 8 4 6 -6 -2 -4 -3 10 -1 -11 13 -5
right_child=3 2 7 12 5 -7 -8 -9 -10 11 -12 -13 -14 -15
leaf_value=-0.01173158972192178 -0.003784922895505056 -0.021522581275025932 0.015097408758913487 0.0013168397085221517 -0.0097862007735474918 0.00031097410967877376 -0.017266167609539768 0.030685597416489432 0.012500655817526938 -0.016190159986098733 -0.0012857359077595631 0.0065845382812114847 0.012750847081814318 -0.028122891590187715
leaf_weight=243.87132205482339 1216.6851226940053 41.327445460949093 410.44515347975539 6.1143264196434748 561.62112000165507 9946.4382917684852 280.60546803439502 233.01555012143581 35.735851074568927 26.216190849430859 903.73191404198587 355.69416171286866 0.54861895920475845 79.235553110429464
leaf_count=6945 29172 2843 12117 608 11931 253086 6659 11940 508 699 24308 10070 262 33018
internal_value=-0.000248898 0.00484071 0.0181674 -0.00119923 -0.0010119 -0.000237478 -0.00640922 0.0211255 -0.00612165 -0.00151447 -0.0035877 0.00464795 -0.0245451 -0.026097
internal_weight=14341.3 2250.04 720.524 12091.2 12005.4 10508.1 1497.29 643.461 77.0633 1529.51 1147.6 381.91 85.8985 85.3499
internal_count=404166 69430 27408 334736 300848 265017 35831 24057 3351 42022 31253 10769 33888 33626
is_linear=0
shrinkage=0.05


Tree=119
num_leaves=15
num_cat=0
split_feature=58 79 51 92 9 104 73 44 99 82 48 61 92 31
split_gain=27.375 33.7917 44.9915 39.8585 28.4185 41.603 19.7479 15.0287 12.2394 10.7448 6.66942 7.01916 6.13182 6.00427
threshold=0.21301403289020987 0.0079729372890593193 0.74330891956880374 -0.075854328318547937 -0.013164063762417242 -0.24215847449694036 -0.25943036330983987 0.32762355471244259 -0.15761780132970626 1.0000000180025095e-35 0.32597693513982701 -0.40354555508278217 -0.76814132061376539 0.49143087360002291
decision_type=2 2 2 2 2 2 2 2 2 2 2 2 2 2
left_child=1 4 3 -3 5 -1 -4 -6 10 13 12 -12 -2 -10
right_child=8 2 6 -5 7 -7 -8 -9 9 -11 11 -13 -14 -15
leaf_value=0.010483828995756665 0.0080712805009751764 0.0028423176137325279 -0.025404550545322774 -0.0036654540051205345 0.0016353973279288508 -0.002981423788237114 -0.0049964492342768341 -0.011495409292643317 -0.0094384656799143957 0.028129099521162222 -0.026141311556013465 0.0025018831058241232 -0.01263375457130758 0.0058651906723435543
leaf_weight=2067.6751639414797 36.660858573392034 4620.3007134222426 251.81388083370985 4773.8596485673406 571.78863962088508 787.2373368153203 227.64556137278851 340.0392986857405 196.66391000751901 17.151969284983352 154.82339679144934 22.675623220100533 182.47500696626594 84.901757240630104
leaf_count=56839 1878 75795 8803 153609 18684 42940 9129 10915 8349 413 5926 810 6458 4017
internal_value=-0.000194651 0.00030181 -0.00123567 -0.000465138 0.00432455 0.00677336 -0.0160149 -0.00333293 -0.00979968 -0.00204139 -0.0154488 -0.0225438 -0.00896878 -0.00478099
internal_weight=14335.7 13640.4 9873.62 9394.16 3766.74 2854.91 479.459 911.828 695.353 298.718 396.635 177.499 219.136 281.566
internal_count=404565 376714 247336 229404 129378 99779 17932 29599 27851 12779 15072 6736 8336 12366
is_linear=0
shrinkage=0.05


Tree=120
num_leaves=14
num_cat=0
split_feature=51 82 81 93 80 85 40 49 50 100 44 13 38
split_gain=26.005 29.7574 35.9703 110.638 58.6556 22.8209 27.6009 12.7007 6.57301 10.1944 4.97964 4.64926 3.52189
threshold=-2.4103743144142942 1.0000000180025095e-35 0.080479461017542844 -0.0078891324257190382 0.2361639278739556 -0.14305853833804069 -0.76398735542954721 -0.19063549212633232 1.2830777076209749 0.11383798331022733 -0.40624379114074544 2.2790260828231319 -1.5087972805614249
decision_type=2 2 2 2 2 2 2 2 2 2 2 2 2
left_child=8 2 3 -2 -4 7 -7 -3 11 10 -10 12 -1
right_child=1 5 4 -5 -6 6 -8 -9 9 -11 -12 -13 -14
leaf_value=0.0019829764292355195 0.0015256973460893615 -0.0044507950255850163 0.0095001648765964224 -0.010953461649579041 -0.0019127438006528979 0.0027242499146271377 0.021956408830264885 0.013778200912055633 -0.013971263371960245 -0.026437816111481601 0.017577566282647332 0.0065822209681364631 -0.028140339486180006
leaf_weight=9.1508919517873419 5729.7894362660918 416.03602339825011 2026.164824540414 2562.7585730710489 2511.8664210984498 348.39263908553403 399.72624209764763 113.18676928128116 8.8923413212469296 20.471240066806786 35.196341036469676 8.0804416141472739 114.29804180626525
leaf_count=237 153934 6027 37797 122710 63759 6680 6555 1508 218 682 1059 206 2988
internal_value=8.76374e-05 0.000344976 -0.000381853 -0.00233945 0.00319264 0.00759205 0.0131542 -0.000368877 -0.0175453 -0.00368967 0.00980782 -0.023605 -0.0259261
internal_weight=14304 14107.9 12830.6 8292.55 4538.03 1277.34 748.119 529.223 196.089 64.5599 44.0887 131.529 123.449
internal_count=404360 398970 378200 276644 101556 20770 13235 7535 5390 1959 1277 3431 3225
is_linear=0
shrinkage=0.05


Tree=121
num_leaves=15
num_cat=0
split_feature=59 59 103 52 34 60 43 30 73 30 101 52 19 27
split_gain=29.8177 26.0232 24.2403 30.2516 25.6057 21.4347 11.8922 9.69757 9.42139 9.08157 8.11364 7.80218 4.71111 4.46958
threshold=-1.222127118294672 2.1580991748310212 -1.2807048013226019 -0.37244897475502431 -0.20235814026740581 -0.90444764139516598 -0.81151136543704561 -0.19402461880466346 -0.17681269139448888 -0.051176901969966347 0.26558288891398818 -0.34659685203449203 0.28444464778816364 2.6333142871592643
decision_type=2 2 2 2 2 2 2 2 2 2 2 2 2 2
left_child=5 2 4 -4 -2 6 -1 10 12 -9 -7 -8 -3 -10
right_child=1 8 3 -5 -6 7 11 9 13 -11 -12 -13 -14 -15
leaf_value=0.01055938027053996 0.0012450656177538546 -0.0079546601608215754 -0.0057120380883593919 0.0025967536472494392 -0.011377655267540166 -0.009448278758949347 -0.00958365899301164 0.020432136658963942 -0.023077458850625489 0.00013030976320531039 0.024140584380978377 -0.022423444587134772 0.015291054910318415 0.0090527665514228261
leaf_weight=36.668140599154867 827.46748523820861 61.024356217094464 1218.5365711799823 10142.505237634799 767.69763460258037 247.79752183581149 244.60216152644716 68.676391134271398 163.60765410053864 184.13578139539459 9.8553889064423839 276.97649037191877 21.474791560889571 6.4606372549314974
leaf_count=990 25679 1944 50190 266915 24109 5487 5018 1587 8291 4717 330 8093 754 311
internal_value=-7.74454e-05 0.000574889 0.000890039 0.00170135 -0.00486285 -0.00807058 -0.014751 -0.000621747 -0.0150099 0.0062129 -0.00730955 -0.0166956 -0.000904785 -0.0214219
internal_weight=14277.5 13208.8 12956.2 11361 1595.17 1068.71 558.247 510.465 252.567 252.812 257.653 521.579 82.4991 170.068
internal_count=404415 378193 366893 317105 49788 26222 14101 12121 11300 6304 5817 13111 2698 8602
is_linear=0
shrinkage=0.05


Tree=122
num_leaves=15
num_cat=0
split_feature=26 60 59 79 86 72 93 88 27 60 60 52 27 72
split_gain=28.5482 29.8374 33.6554 31.7153 22.7675 14.6132 12.7675 16.8352 12.23 11.7381 10.1388 9.58199 16.1906 8.34377
threshold=0.94451020354348458 1.1237111264817905 -1.8008419552832766 -0.46365163925563041 -0.21101872865351509 0.080261128626154005 -0.012966447513714533 -0.18455051179763396 -1.1048246116330109 -1.1981391732409874 -0.83906413187546003 -0.36986376248297109 0.45090084183495022 0.31209012802105157
decision_type=2 2 2 2 2 2 2 2 2 2 2 2 2 2
left_child=1 2 9 -4 11 -6 8 -8 -3 -1 -7 12 -2 -13
right_child=4 6 3 -5 5 10 7 -9 -10 -11 -12 13 -14 -15
leaf_value=-0.018573998953577312 0.042694505459143779 0.017925291174403692 0.009120157574993357 0.0010950415510825112 -0.02076549375730715 -0.022671145242696002 -0.0041380801498216288 -0.017980386402972202 -0.002792559585523274 -0.0037659148590457204 -0.00079279229103438155 -0.0079164943911852314 -0.0091898609748526823 0.0074009483936301095
leaf_weight=239.39052825760155 23.898620199877769 68.443074310518568 1403.9906531996021 9552.6170889206696 337.10454558562196 57.658367280848324 592.13433276041178 347.22304544482904 767.16255396569613 302.92320443355129 247.27443119013333 202.91695830636309 21.746921533253044 142.93989781080018
leaf_count=6680 996 1780 49816 247408 8838 1582 21584 19578 20272 7330 7684 5116 956 4842
internal_value=-3.25452e-05 0.000593035 0.00152548 0.00213077 -0.00799565 -0.0137195 -0.00542244 -0.00939023 -0.000903681 -0.0105205 -0.00551819 0.00149907 0.020766 -0.00155584
internal_weight=14307.4 13273.9 11498.9 10956.6 1033.54 642.037 1774.96 939.357 835.606 542.314 304.933 391.502 45.6455 345.857
internal_count=404462 374448 311234 297224 30014 18104 63214 41162 22052 14010 9266 11910 1952 9958
is_linear=0
shrinkage=0.05


Tree=123
num_leaves=15
num_cat=0
split_feature=65 103 43 6 61 45 52 74 44 75 28 52 29 88
split_gain=30.7797 27.0295 24.2379 17.647 20.9005 16.2692 14.9536 12.6487 10.8029 9.60281 8.64596 8.29924 7.57306 6.41836
threshold=1.0000000180025095e-35 -1.5966829838425856 0.17487998444826133 -0.48824898588993398 -0.032044753475308482 -0.59315785755782191 -0.087786131466338624 0.34526636180211484 -0.5118109009684001 -0.13886741900037228 0.24116378672027169 -0.3336880275770498 0.22004108608664263 -0.18457310024662218
decision_type=2 2 2 2 2 2 2 2 2 2 2 2 2 2
left_child=1 10 6 4 8 -4 -3 -6 -2 11 13 -5 -11 -1
right_child=3 2 5 9 7 -7 -8 -9 -10 12 -12 -13 -14 -15
leaf_value=0.0060215605232471362 -0.012691099801885998 0.0004724667693141863 -0.003870570217904057 -0.0067967023837095519 0.0050117977422676173 0.0064489600114029256 -0.0088434198112690657 0.032310310193619692 -0.00097962988545872726 -0.004941428298243288 -0.01963244426744051 -0.015454069663353959 0.021397454743707453 -0.0095862584993815364
leaf_weight=82.432082288898528 305.28424196916603 7621.7047075126902 434.9752884545087 683.00440323492512 357.14919882976028 2809.8740870888359 446.53127531027349 39.174142518451845 529.38223222654415 64.452498174374341 163.07478768921283 493.0911860428605 34.01094768504845 234.27618281063042
leaf_count=2658 7791 159831 12642 11918 9307 87250 66433 1127 13545 2008 5942 15665 931 7091
internal_value=-0.000151207 0.000919131 0.00141581 -0.0051726 -0.000887025 0.00505798 -5.34239e-05 0.00843887 -0.00536271 -0.00927254 -0.0105822 -0.0105261 0.00529045 -0.00546392
internal_weight=14298.4 11792.9 11313.1 2505.55 1230.99 3244.85 8068.24 396.323 834.666 1274.56 479.783 1176.1 98.4634 316.708
internal_count=404139 341847 326156 62292 31770 99892 226264 10434 21336 30522 15691 27583 2939 9749
is_linear=0
shrinkage=0.05


Tree=124
num_leaves=15
num_cat=0
split_feature=65 14 26 79 44 19 61 60 52 103 96 104 93 23
split_gain=26.498 25.8901 25.6254 29.7198 28.758 19.3799 18.3818 11.6442 11.8089 10.4621 9.64446 8.09861 7.32087 6.93794
threshold=1.0000000180025095e-35 -0.6176557943342339 0.25079368290118276 -0.8951267744914827 -0.27791670730447771 -0.43069726452903634 1.8276507992604543 1.0103722435607325 -0.35905268784198824 0.35333330979942101 0.97654605399216765 -0.44264015884996749 -0.016199748397801382 -0.25229815872106759
decision_type=2 2 2 2 2 2 2 2 2 2 2 2 2 2
left_child=1 5 4 -4 -3 9 7 8 -2 -1 -7 -8 -9 -13
right_child=6 2 3 -5 -6 10 11 12 -10 -11 -12 13 -14 -15
leaf_value=-0.0047609130132857417 0.0014553345396532893 0.00048056581526846593 0.0075850379553077359 -0.0041650931323225079 0.0070675253221633792 -0.018663014207217644 0.029683028334357538 -0.0045766793078301218 -0.0066975669837052044 0.003342726665274927 0.0046560098262335052 -0.0058473006157127288 -0.018807838586346309 0.022549893894397214
leaf_weight=1117.8644557677035 660.70348637970164 3208.1697428926636 679.1131925199079 2450.2957143776948 3420.6114742525242 273.26711412953591 39.713095016224543 156.19603516627103 1325.9821214351687 607.03455389525334 48.404494183923816 58.485115576964745 234.81116267601465 21.644431752516539
leaf_count=27711 13865 93870 22671 75494 101883 6467 714 4220 32768 12647 1279 1822 8409 694
internal_value=6.30455e-05 0.00105379 0.0021265 -0.00159916 0.00388512 -0.00404643 -0.00460531 -0.00558561 -0.00399248 -0.00190621 -0.0151194 0.0137764 -0.0133788 0.00347417
internal_weight=14302.3 11804.8 9758.19 3129.41 6628.78 2046.57 2497.54 2377.69 1986.69 1724.9 321.672 119.843 391.007 80.1295
internal_count=404514 342022 293918 98165 195753 48104 62492 59262 46633 40358 7746 3230 12629 2516
is_linear=0
shrinkage=0.05


Tree=125
num_leaves=14
num_cat=0
split_feature=92 51 52 78 51 79 19 19 52 22 35 93 48
split_gain=24.4527 24.8179 24.705 60.2248 40.3168 6.5021 5.41104 7.82056 3.77285 1.49243 0.881752 0.7378 0.151651
threshold=0.78721824618181913 -2.0599650661939477 -0.37244897475502431 -0.44348760662910253 1.2689227918993218 -3.6289359228876945 -0.83934978585316167 -1.8609810891634591 -0.37244897475502431 1.226803032799235 -1.1900615577657205 -0.0031148732481808745 -0.42931613998684026
decision_type=2 2 2 2 2 2 2 2 2 2 2 2 2
left_child=1 6 3 -3 -4 11 7 -1 -8 10 -7 -2 -11
right_child=5 2 4 -5 -6 9 8 -9 -10 12 -12 -13 -14
leaf_value=-0.014364707152631558 0.021798027981888263 -0.017834734332493503 0.0018615293651897881 0.0027306076984669231 -0.01248498229633648 0.0007068551424156428 0.00020907219871474773 0.0095439242084675649 -0.019382824567182346 -0.003262363873171636 -0.031946746481352671 -0.0034209973218626249 0.0051928416299945167
leaf_weight=65.206721905036829 0.91250425291946158 586.41554043535143 11930.24606288127 877.6217603313271 500.73299150037928 1.6847364741697664 27.551603791536763 53.480674620601349 202.18010347778909 0.91710099761985509 67.595771224445343 0.75242700851231237 1.4637916221690819
leaf_count=1935 495 41103 279374 23717 16301 535 1766 1356 4271 671 32003 638 533
internal_value=5.67136e-05 0.000214558 0.000549259 -0.00557188 0.00127407 -0.0269503 -0.0127763 -0.00368698 -0.0171225 -0.0299622 -0.0311637 0.0172386 0.00193153
internal_weight=14316.8 14243.4 13895 1464.04 12431 73.3263 348.419 118.687 229.732 71.6614 69.2805 1.66493 2.38089
internal_count=404698 369823 360495 64820 295675 34875 9328 3291 6037 33742 32538 1133 1204
is_linear=0
shrinkage=0.05


Tree=126
num_leaves=15
num_cat=0
split_feature=59 79 19 52 61 65 20 73 78 23 17 27 78 19
split_gain=25.7785 33.0981 30.7076 33.4702 22.5387 19.9938 15.2845 10.9663 10.9211 7.66517 6.10333 4.58876 4.62774 4.49855
threshold=1.898797687626598 -0.25854641021371666 0.59093403878125661 -0.31110771590026859 -0.39985488143692899 1.0000000180025095e-35 -0.89630291411614216 -0.17681269139448888 -0.36544760192429382 -0.053896360011836661 0.015224864946271377 2.6333142871592643 0.42839281272300422 0.18228151745713592
decision_type=2 2 2 2 2 2 2 2 2 2 2 2 2 2
left_child=1 4 3 -3 5 -1 -6 9 -4 13 -11 12 -9 -2
right_child=7 2 8 -5 6 -7 -8 11 -10 10 -12 -13 -14 -15
leaf_value=0.0028733580009468029 -0.017987242697016379 0.001210637941342826 -0.015052419231849259 -0.0051423472573053422 0.021893691740614049 -0.013130208286731969 0.0070032929069855643 -0.0235228663113792 -0.0026220192900473526 -0.0058655927904192589 0.026501038759911721 0.0081419999206484017 0.009872329595428676 0.008974137134979257
leaf_weight=1207.8979428095699 48.699761375079106 7497.9689819712657 506.55819542717654 2854.2130125464901 195.28715165490576 222.41255444315902 1229.259225738424 195.84901423355041 276.03272375006054 20.267837724313722 23.909068296059559 8.4022632921405584 5.6886540691048131 14.090777687000807
leaf_count=44662 1534 118918 10138 149404 8465 7168 39669 9487 11897 635 842 400 924 533
internal_value=-0.000363186 -3.88267e-05 -0.00127098 -0.000544224 0.00475459 0.000310927 0.00918296 -0.0142426 -0.0107564 -0.00101367 0.0133099 -0.0206304 -0.0221581 -0.0115352
internal_weight=14306.5 13989.6 11134.8 10352.2 2854.86 1430.31 1424.55 316.907 782.591 106.967 44.1769 209.94 201.538 62.7905
internal_count=404676 390321 290357 268322 99964 51830 48134 14355 22035 3544 1477 10811 10411 2067
is_linear=0
shrinkage=0.05


Tree=127
num_leaves=15
num_cat=0
split_feature=74 104 59 104 92 81 93 79 93 93 37 37 68 103
split_gain=25.9394 37.548 40.413 39.8192 30.4943 28.7077 59.9542 28.4598 15.7982 13.019 12.0618 10.1793 9.80315 6.74027
threshold=1.0027332063849075 -0.40799382619863972 1.7018035703237635 -0.43986371884194536 0.73999755102013098 0.080479461017542844 -0.009239729073410417 0.067980743525478129 -0.0083424939761656668 -0.010550754435573106 -0.24553573651807556 0.1866859215022724 -0.20407925016089326 1.1918930400308021
decision_type=2 2 2 2 2 2 2 2 2 2 2 2 2 2
left_child=4 2 3 -2 5 6 -1 -7 12 13 -11 -10 -6 -3
right_child=1 9 -4 -5 8 7 -8 -9 11 10 -12 -13 -14 -15
leaf_value=0.00077098018892230152 0.011819408140021932 -0.0010643199679405064 -0.019586334072494254 0.043924647371309966 0.019331693057894159 0.0097690865670576228 -0.008494562441295277 0.00069654357702864621 -0.028001141355733256 -0.028761834193621629 -0.001040903491326829 -0.001693969096419374 -0.009950598550615454 0.017798541586082538
leaf_weight=6035.2976330131642 340.47169876526459 195.55824567863601 60.395406127849128 131.84025449902401 34.816177855384012 1151.4191781542613 2445.7004279034154 3386.8991564855096 174.80241857963119 68.348876855125127 80.179930091064307 47.581041475932579 68.946394468257495 52.077952340274351
leaf_count=137175 9329 4736 2798 3351 4232 22202 73026 58886 48081 3872 5262 12568 17647 1122
internal_value=-1.02181e-05 0.00802309 0.0165722 0.0215061 -0.000574942 -0.000190893 -0.00190782 0.00301476 -0.0154439 -0.00359757 -0.0148069 -0.0226876 0.000710328 0.00343941
internal_weight=14274.3 928.872 532.707 472.312 13345.5 13019.3 8481 4538.32 326.146 396.165 148.529 222.383 103.763 247.636
internal_count=404287 30470 15478 12680 373817 291289 210201 81088 82528 14992 9134 60649 21879 5858
is_linear=0
shrinkage=0.05


Tree=128
num_leaves=15
num_cat=0
split_feature=52 44 52 51 51 92 72 100 99 80 93 92 8 23
split_gain=23.6379 22.6914 40.5952 51.6572 24.5584 24.4839 19.5039 14.8897 5.99059 3.59518 2.51022 2.42757 1.86857 1.21549
threshold=0.36575637177159664 -0.4942477252934947 -0.37244897475502431 1.619332040119666 1.2689227918993218 0.15020934907001618 -0.13020755618995267 -0.28886455684366646 0.59497350658886849 -1.2699148024752926 -0.011397399728808872 0.79605426188567174 0.028693726728712399 -0.42391793215583901
decision_type=2 2 2 2 2 2 2 2 2 2 2 2 2 2
left_child=1 5 4 -4 -3 7 -7 -1 9 13 -11 12 -10 -2
right_child=8 2 3 -5 -6 6 -8 -9 11 10 -12 -13 -14 -15
leaf_value=-0.0039672096930672782 0.013512825437143397 -0.0095662239451061136 0.0027253444097239256 -0.019194859094501908 0.019671223677241816 -0.0142718128612878 -0.00041695683505549015 0.0048829542210520951 0.024430815064195477 -0.0038883203010542803 -0.031775314347712455 -0.010897756670694349 -0.0046030284028487417 -0.0070157060024383655
leaf_weight=1156.9266150139738 1.1957090782525472 1096.4509550037328 9648.6061886910175 266.56211870381958 67.598686588928103 743.5438077171566 384.11144611964119 791.84333131602034 4.9463157575373788 12.221605799895768 78.058035305726662 6.8824733450310296 4.5563651534321252 10.280297199198683
leaf_count=18413 335 49932 216180 8492 3717 26572 16914 13567 1229 3422 35976 4561 1491 3355
internal_value=-0.000170668 2.28383e-05 0.0010782 0.00211729 -0.00771526 -0.00376903 -0.0095976 -0.000364554 -0.021549 -0.02573 -0.0287643 0.00432691 0.0152875 0.000419308
internal_weight=14273.8 14155.6 11079.2 9915.17 1164.05 3076.43 1127.66 1948.77 118.141 101.756 90.2796 16.3852 9.50268 11.476
internal_count=404156 353787 278321 224672 53649 75466 43486 31980 50369 43088 39398 7281 2720 3690
is_linear=0
shrinkage=0.05


Tree=129
num_leaves=15
num_cat=0
split_feature=79 28 92 30 51 59 41 104 31 101 54 103 93 104
split_gain=29.6057 34.2787 30.3353 32.7767 29.5336 28.7924 24.2812 20.2305 11.5137 9.99001 8.52998 9.80838 8.22827 7.28308
threshold=0.0079729372890593193 0.51244506610505469 0.28125299504100226 -0.11708258154445615 0.3928996713484591 0.36774694546650288 1.3454781156836295 -0.25278843133568873 0.49948388720965153 0.018547639423420092 -0.049755197611448213 -0.025569671125267261 -0.012336302849870527 -0.44264200285025979
decision_type=2 2 2 2 2 2 2 2 2 2 2 2 2 2
left_child=5 2 4 -4 -2 6 7 -1 -8 -7 11 -3 -12 -11
right_child=1 10 3 -5 -6 9 8 -9 -10 13 12 -13 -14 -15
leaf_value=0.0094395334961626196 0.0019022993054444558 -0.022796090167689104 -0.0097622471356019393 0.0017301697958922839 -0.010426490665010994 -0.0092896580183243604 -0.010229675725141368 0.00037140237257421432 0.0082130212900930009 0.0231948624398601 8.8773811026612946e-05 -0.0061995003140858235 -0.013178865033202619 -0.0012143977592948536
leaf_weight=2104.8352116066089 6230.6590133381542 239.13857346591249 1618.3994896626609 998.01073184399866 516.82288738340139 522.62105060897375 331.68226120094914 868.46900260313123 104.16511846879439 31.454061213691602 238.68435748427873 153.74030870728893 218.7035217650191 112.86664276559895
leaf_count=53063 93619 7322 80987 47643 11826 23954 9253 48617 2945 1233 6122 4504 7196 6501
internal_value=-0.000270239 -0.00170778 -0.000829338 -0.00538865 0.000943944 0.00332741 0.00518598 0.00680096 -0.00573662 -0.00610917 -0.0112598 -0.0166166 -0.00640148 0.00526379
internal_weight=14290.3 10214.2 9363.89 2616.41 6747.48 4076.09 3409.15 2973.3 435.847 666.942 850.267 392.879 457.388 144.321
internal_count=404785 259219 234075 128630 105445 145566 113878 101680 12198 31688 25144 11826 13318 7734
is_linear=0
shrinkage=0.05


Tree=130
num_leaves=15
num_cat=0
split_feature=46 103 100 37 43 103 100 68 99 103 59 30 48 103
split_gain=23.844 24.5273 27.7037 21.6641 22.509 19.4685 18.0513 20.6179 16.9825 15.2788 15.0894 14.8743 13.3784 12.4441
threshold=0.32448290253278284 -1.0922301378962145 -0.28270504123626822 0.50751415050328308 0.37569380053135443 1.660889095458427 -0.2141100627959541 -0.25596156478127902 0.027376922040053989 1.4006364143438303 -1.4243301512188606 1.3233546686704916 -0.95689398947830329 -1.3485434717826932
decision_type=2 2 2 2 2 2 2 2 2 2 2 2 2 2
left_child=1 8 5 4 10 -3 11 -8 12 -4 -2 -5 -1 -6
right_child=3 2 9 6 13 -7 7 -9 -10 -11 -12 -13 -14 -15
leaf_value=0.010595133547308261 -0.012045951945490805 -0.0025437687667231113 0.0014086434141492451 0.0014153738684826206 -0.0034199848922634754 -0.026002565215709803 -0.010945897284566283 0.013966873157484136 -0.013510232564984957 0.010199030878556961 0.0044055172741576595 0.029042402934530046 -0.0055023659887226024 0.017362354952130048
leaf_weight=148.39424501711619 139.80913774636429 4455.5421109960371 3952.6347249334431 228.7615512735938 80.70847528543527 80.401154406892601 581.57965595613859 87.830727401029435 611.60959313623607 555.84537557756994 2079.2520814025629 52.30235818336223 694.63533845539496 489.01931732693629
leaf_count=4460 3577 103434 127388 5710 3383 1958 15575 6879 19426 17178 58231 1405 18461 16967
internal_value=-1.1374e-05 -0.00123265 -0.00026031 0.00341185 0.00562871 -0.00301587 -0.00308351 -0.00751973 -0.00723526 0.00251257 0.00331962 0.00737758 -0.00257782 0.0144101
internal_weight=14238.3 10499.1 9044.42 3739.26 2788.79 4535.94 950.474 669.41 1454.64 4508.48 2219.06 281.064 843.03 569.728
internal_count=404032 292305 249958 111727 82158 105392 29569 22454 42347 144566 61808 7115 22921 20350
is_linear=0
shrinkage=0.05


Tree=131
num_leaves=14
num_cat=0
split_feature=103 103 83 79 48 51 73 44 51 27 38 40 86
split_gain=26.5849 26.3613 35.2812 30.4159 23.5154 20.9802 19.3911 16.0285 8.93008 3.9406 2.20214 2.15824 0.374765
threshold=1.660889095458427 0.73083747829627599 1.0000000180025095e-35 -0.11293900605210504 -0.62997609128914878 -1.0087373215329134 -0.54021164779364494 -0.42137018341807092 0.4629815209925307 -1.027862928422582 1.0641518091684581 -0.2922709593560473 -0.12364658274707524
decision_type=2 2 2 2 2 2 2 2 2 2 2 2 2
left_child=1 2 3 -1 6 -4 -3 -6 9 12 -10 -11 -2
right_child=8 4 5 -5 7 -7 -8 -9 10 11 -12 -13 -14
leaf_value=0.0029020679338735756 -0.034675565527043893 -0.0065965228729730893 -0.006269417904479992 -0.0035116475696811617 -0.00011043001611690729 0.01595682744252306 0.0056923128743879472 0.0084653074802012868 0.019971224997071213 0.0058883669669814965 -0.0071965794540181788 -0.015701064214673457 -0.0081942049970168095
leaf_weight=2520.1957237215356 64.815982544852886 809.66992672453853 132.46850126801291 6861.7769863013709 734.01671375635487 445.29479212034494 518.23750185745303 2101.5549527125113 7.9383743175858381 10.615002112113869 5.9696363093098626 26.857360624475405 8.8824594628531468
leaf_count=89958 1598 17644 2573 188592 20169 5405 18087 58559 312 214 207 624 219
internal_value=0.00014119 0.000352088 -0.00104482 -0.00178753 0.00368822 0.0108409 -0.0017939 0.0062528 -0.0219353 -0.0264612 0.0101775 -0.00963321 -0.0328443
internal_weight=14248.3 14123.2 9959.74 9381.97 4163.48 577.763 1327.91 2835.57 125.079 111.171 13.908 37.4724 73.6984
internal_count=404161 400987 286528 278550 114459 7978 35731 78728 3174 2655 519 838 1817
is_linear=0
shrinkage=0.05


Tree=132
num_leaves=15
num_cat=0
split_feature=65 103 52 68 92 60 60 13 99 72 96 93 16 34
split_gain=23.8967 24.1255 24.5922 44.1715 26.3164 15.0976 18.9036 15.679 13.4545 14.3499 14.1264 7.77586 5.39328 5.38377
threshold=1.0000000180025095e-35 -1.3485434717826932 -0.37244897475502431 -0.32754717030309427 -0.075854328318547937 -1.5715321930343473 1.0103722435607325 -0.64641977084034397 -0.094990063545520878 -0.81266239131548379 0.97654605399216765 -0.016478771394247634 -0.26474697726706581 -0.61310484768138329
decision_type=2 2 2 2 2 2 2 2 2 2 2 2 2 2
left_child=1 8 3 -3 -4 12 7 -7 9 -1 -10 -8 -2 -14
right_child=5 2 4 -5 -6 6 11 -9 10 -11 -12 -13 13 -15
leaf_value=0.013230423115514102 -0.021091775451187122 -0.014732831410989937 0.0057074557630127313 0.0050291291592200402 0.00031117154937569257 0.0042120493454207621 -0.0041439341790994637 -0.0050473653741061235 -0.01142361891845951 -0.0049068236934946404 0.0085045837431576097 -0.018563861056786906 0.015224320267434508 -0.011988335522602468
leaf_weight=156.27713534457143 164.39603682480447 582.02008138829842 3798.4522293857299 533.93602636945434 5557.4075571525973 789.60594439772467 161.6244839981664 1058.3522005902632 760.76634017804463 307.3579577471246 93.211667437746655 237.74996713075961 17.412661558017135 45.134041100740433
leaf_count=3276 3322 39219 40337 7256 211935 20281 4339 24579 25633 9470 4779 8642 357 970
internal_value=-7.41795e-05 0.000864272 0.00166788 -0.00531691 0.0025058 -0.00453119 -0.00324931 -0.00108957 -0.00548689 0.00135695 -0.0091752 -0.012972 -0.0165523 -0.0033582
internal_weight=14263.7 11789.4 10471.8 1115.96 9355.86 2474.28 2247.33 1847.96 1317.61 463.635 853.978 399.374 226.943 62.5467
internal_count=404395 341905 298747 46475 252272 62490 57841 44860 43158 12746 30412 12981 4649 1327
is_linear=0
shrinkage=0.05


Tree=133
num_leaves=15
num_cat=0
split_feature=58 58 74 104 52 99 23 27 100 93 38 103 72 100
split_gain=23.8777 24.3214 28.0296 29.7888 27.6703 14.2363 7.88315 13.6689 10.9711 7.67955 7.27072 6.93285 5.64967 3.84075
threshold=-1.3677926059181711 1.0000000180025095e-35 1.0027332063849075 -0.41059111546000288 -0.27678437219188451 -0.15761780132970626 -0.36837867180235967 0.85769831023293308 -0.28993413647440275 -0.015240303672976777 -1.4158989553853114 -1.2238268507367314 -0.77468502284834162 0.18849459552229839
decision_type=2 2 2 2 2 2 2 2 2 2 2 2 2 2
left_child=6 2 4 -4 -2 9 10 8 -8 -3 -1 -7 -9 -12
right_child=1 5 3 -5 -6 11 7 12 -10 -11 13 -13 -14 -15
leaf_value=0.014273033955858631 0.0011237917234121337 -0.0062333468396800701 0.018434606971332947 -0.0012784150263378546 -0.0051389063164830225 -0.012579705392340802 -0.010120284624479201 -0.0048825289297371134 0.0089631630333579931 -0.020191101489235849 -0.023854336767125613 0.0035767434770462266 -0.02323045459317593 0.004018868952138324
leaf_weight=8.5606129806837981 9963.8352359749842 181.52432933053933 427.63232498087746 338.76491626025381 2132.6137739608675 79.832748734952474 123.74553268767704 74.285220956953708 162.44722335819097 243.58057202743657 140.55764637737593 244.76988253723903 110.7770778957929 10.580109399001229
leaf_count=247 168224 5723 10725 12119 164720 3543 2905 1698 5398 11034 3720 10560 3447 326
internal_value=-0.000349537 9.44613e-05 0.000607444 0.00981677 1.63402e-05 -0.00859901 -0.00978063 -0.00628586 0.000648664 -0.0145112 -0.0191153 -0.000653979 -0.0164934 -0.0217748
internal_weight=14243.5 13612.6 12862.8 766.397 12096.4 749.708 630.953 471.255 286.193 425.105 159.698 324.603 185.062 151.138
internal_count=404389 386648 355788 22844 332944 30860 17741 13448 8303 16757 4293 14103 5145 4046
is_linear=0
shrinkage=0.05


Tree=134
num_leaves=14
num_cat=0
split_feature=103 13 103 41 82 104 93 61 51 28 52 47 49
split_gain=24.0207 25.2821 27.2976 33.1176 22.5755 18.6514 26.8047 20.5419 5.98315 6.09368 4.5681 2.56134 1.2674
threshold=1.660889095458427 -0.76422295957847053 0.74460619587890542 -0.66248790068333474 1.0000000180025095e-35 -0.32290651867602921 -0.012427264944331577 -0.37575661911638297 0.7433089195688064 -0.57268005143408118 -0.34918206042872685 -0.094132811084055926 0.4625333387922238
decision_type=2 2 2 2 2 2 2 2 2 2 2 2 2
left_child=1 5 4 -4 -3 7 -7 -1 9 10 -2 -10 -11
right_child=8 2 3 -5 -6 6 -8 -9 11 12 -12 -13 -14
leaf_value=0.00154197427902653 0.015611016983259708 -0.0034817586400164532 -0.00678294390396811 0.0054400850720518557 0.0066481451374376102 0.0033230012230189136 -0.013218989513763227 0.012381037381115427 -0.0092286909347496782 -0.032917492858361035 -0.016210270743922676 0.020027495241797168 -0.0066021869549239588
leaf_weight=814.68390661744343 10.779497417155655 7158.3991288978141 700.67634472140344 2516.923952294339 586.54847723225248 1099.9621117031711 304.22615294993011 941.29521179726362 6.1444865866214968 74.401813590753591 14.844762983266262 5.5974835263332334 10.97399573039729
leaf_count=18762 201 207176 17858 68883 10156 25553 33276 19293 225 1850 358 220 289
internal_value=-0.000162318 3.66402e-05 -0.0010997 0.00276559 -0.00270701 0.00396961 -0.000329056 0.00738948 -0.0213326 -0.0247531 -0.00219938 0.00751478 -0.0305819
internal_weight=14245.5 14122.7 10962.5 3217.6 7744.95 3160.17 1404.19 1755.98 122.742 111 25.6243 11.742 85.3758
internal_count=404100 400957 304073 86741 217332 96884 58829 38055 3143 2698 559 445 2139
is_linear=0
shrinkage=0.05


Tree=135
num_leaves=13
num_cat=0
split_feature=5 26 44 52 92 35 30 88 20 15 100 74
split_gain=20.8023 20.1162 36.707 43.4076 33.3446 20.1803 20.1493 6.90102 6.11776 5.53798 5.12571 3.78469
threshold=-1.8963068510174583 0.66702359528656463 -0.27791670730447771 -0.33092045572393208 -1.8787134383408024 0.44675832495725026 0.11739676169207165 0.23136878623128301 -1.1445673409824155 -0.056475497677245849 -0.27543348720681249 -0.15722470999872454
decision_type=2 2 2 2 2 2 2 2 2 2 2 2
left_child=8 2 3 -2 -4 7 -7 -3 -1 10 -10 -11
right_child=1 5 4 -5 -6 6 -8 -9 9 11 -12 -13
leaf_value=0.017991094944143717 0.0016853411501417594 -0.019219220373766492 -0.0067968846045495584 -0.0069069359002630658 0.0051424586611041531 0.0023856451646697471 -0.011062992271816846 0.0094991252874663118 0.006477654858319519 -0.023445429067956394 -0.011972856104278092 -0.004053772745522528
leaf_weight=7.8684886231494593 3914.720910069067 250.87216431817069 644.87756456271745 2340.8795593116738 5548.6114347913826 814.06116589221347 411.29357622865064 16.862199605297064 49.093275192019064 127.32956986990757 101.41751061927062 36.641615408298094
leaf_count=218 63929 6952 29678 110400 147890 23842 12900 545 1142 3229 2982 1071
internal_value=0.000211491 0.000505833 0.00116469 -0.00153583 0.00389036 -0.00495875 -0.00218144 -0.0171336 -0.0121515 -0.0134369 -0.00592608 -0.0195942
internal_weight=14264.5 13942.2 12449.1 6255.6 6193.49 1493.09 1225.35 267.734 322.35 314.482 150.511 163.971
internal_count=404778 396136 351897 174329 177568 44239 36742 7497 8642 8424 4124 4300
is_linear=0
shrinkage=0.05


Tree=136
num_leaves=15
num_cat=0
split_feature=60 92 19 92 59 27 44 35 43 1 92 33 73 49
split_gain=25.9587 20.9556 20.9616 21.9079 9.77574 9.53147 8.07784 6.46799 4.3622 4.08755 4.147 3.87027 3.07115 1.70614
threshold=-1.6296093974726642 0.78721824618181913 -0.96194554225039586 -2.0030884045136608 -0.44187248946857571 2.2430086080206588 -0.55373036754169858 -0.11168610561882161 0.84293942853315518 0.45072152084504974 0.30137713672297678 0.16420452936920382 2.7364997438700178 0.13594892333294564
decision_type=2 2 2 2 2 2 2 2 2 2 2 2 2 2
left_child=4 2 5 -4 9 -2 11 -8 12 10 -1 -6 -3 -10
right_child=1 8 3 -5 6 -7 7 -9 13 -11 -12 -13 -14 -15
leaf_value=-0.011376603643935721 -0.0080968314514822757 -0.032508215758591939 -0.0048097678846950147 0.0020039420484029746 -0.022130225288274893 0.0098326618181717625 0.0054022952882997908 -0.0071393177052120286 0.017292970341597214 0.0085939080437600329 -0.02423941170690376 0.0063965778875595489 0.0044107443481797171 -0.0086502626735683284
leaf_weight=278.76272947737016 832.22700936849287 53.939484396149055 1310.4832087454852 11086.460481064154 60.138819930209138 72.873836736951489 212.19801941105834 181.35314280831881 2.5150957520963848 12.876291434731682 93.503412603044126 9.6921709631860704 3.7471629461506373 4.1226904323557392
leaf_count=5014 21292 28362 58763 268258 1246 1930 4550 4620 1331 382 4379 251 950 2699
internal_value=5.39828e-05 0.000594876 0.000742256 0.00128037 -0.00837411 -0.00656157 -0.00336298 -0.000410732 -0.025882 -0.0141655 -0.015157 -0.0178656 -0.0298127 0.00566531
internal_weight=14214.9 13366.4 13302 12396.9 848.525 905.101 463.382 393.551 64.3244 385.142 372.266 69.831 57.6866 6.63779
internal_count=404027 383585 350243 327021 20442 23222 10667 9170 33342 9775 9393 1497 29312 4030
is_linear=0
shrinkage=0.05


Tree=137
num_leaves=15
num_cat=0
split_feature=60 14 82 81 51 19 23 51 54 58 92 19 81 27
split_gain=19.7067 20.6525 26.2431 23.737 14.4591 13.6895 8.63818 8.29947 8.21333 7.63667 6.30332 6.29972 5.61352 4.22637
threshold=-1.6495506144796417 -0.6176557943342339 1.0000000180025095e-35 0.041463284396828524 -1.1839419456430866 -0.4306972645290415 0.50192792687461352 0.3928996713484591 -0.04944898509212043 -0.85809873622009358 -0.30772406530560437 -0.4306972645290415 -0.070222573222911214 0.85769831023293308
decision_type=2 2 2 2 2 2 2 2 2 2 2 2 2 2
left_child=6 5 3 -3 -4 7 9 -2 -7 12 -11 -8 -1 -13
right_child=1 2 4 -5 -6 8 11 -9 -10 10 -12 13 -14 -15
leaf_value=0.0076608466160088115 -0.00052449286563155536 -0.0010207921622050308 -0.0096604994616355782 0.00395559538382386 0.011331708828481401 -0.019618213720478991 0.024174548374666333 -0.010035474640970534 -0.0045436742586959355 0.0016240672364293567 -0.01034331899621662 0.0081251795377961285 -0.020828969856129101 -0.018765839130068549
leaf_weight=14.147261177444305 1435.1538313590936 6844.6913302013236 83.020749727613293 3674.7134261459032 857.40460322480067 188.90579904048354 24.794267184624914 263.29758995073644 179.87799273250494 168.09109100000933 295.78522699369933 24.641906171411392 163.30986069750361 15.835442207404411
leaf_count=588 30826 238799 1637 84576 13290 4609 726 9067 4215 3109 7092 776 4481 485
internal_value=0.000181295 0.000608921 0.0014393 0.000719701 0.00939637 -0.00397912 -0.00789932 -0.00204902 -0.0125795 -0.00967013 -0.00606403 0.0084731 -0.0182702 -0.00402858
internal_weight=14233.7 13527.1 11459.8 10519.4 940.425 2067.24 706.605 1698.45 368.784 641.333 463.876 65.2716 177.457 40.4773
internal_count=404276 387019 338302 323375 14927 48717 17257 39893 8824 15270 10201 1987 5069 1261
is_linear=0
shrinkage=0.05


Tree=138
num_leaves=15
num_cat=0
split_feature=88 81 93 84 79 52 26 93 81 44 104 52 68 68
split_gain=22.5401 25.2076 43.327 51.9573 27.0916 25.8567 22.8768 19.6377 24.8379 19.5301 18.4949 14.1614 26.5568 22.7387
threshold=0.20374004837489737 0.073201548688573981 -0.0078891324257190382 1.0000000180025095e-35 0.27813942418709542 -0.37244897475502431 0.5282802911581046 -0.012740636792966173 -0.070222573222911214 -0.37461247536985715 -0.43544446051057767 -0.37244897475502431 -0.15200020628314978 -0.13230882868983393
decision_type=2 2 2 2 2 2 2 2 2 2 2 2 2 2
left_child=1 2 5 -4 6 -1 -3 11 10 -6 -9 12 -2 -13
right_child=7 4 3 -5 9 -7 -8 8 -10 -11 -12 13 -14 -15
leaf_value=-0.0066684670683512057 -0.01894405227478644 0.0090453835378889787 -0.010042843063941369 0.0094517731820034159 -0.0073754929929900868 0.0019375978452981378 -0.0029084813372557351 0.055538941321549531 -0.014985411961971735 0.0019722184677448957 0.0028991972992611532 0.016717408213735928 0.022471022114647632 -0.0027012100704733449
leaf_weight=1073.7301256177016 98.083724016789347 1702.458479439767 2436.6252192064931 389.19588939772802 860.85160981463196 4474.0237401671147 516.9730300221272 12.94850801679422 191.17088872224849 1550.9326218440692 65.666029528994841 631.07406377636653 50.554591451771557 193.80135914415587
leaf_count=56644 5659 33426 113246 4128 18909 88468 11426 472 15509 37476 4352 7547 713 6085
internal_value=-5.36405e-05 -0.000670303 -0.00230648 -0.00733402 0.00228662 0.000262951 0.00626041 0.00635047 -0.00543532 -0.00138099 0.0168585 0.00963867 -0.00432947 0.0121774
internal_weight=14248.1 13004.8 8373.57 2825.82 4631.22 5547.75 2219.43 1243.3 269.785 2411.78 78.6145 973.514 148.638 824.875
internal_count=404060 363723 262486 117374 101237 145112 44852 40337 20333 56385 4824 20004 6372 13632
is_linear=0
shrinkage=0.05


Tree=139
num_leaves=14
num_cat=0
split_feature=59 58 51 51 43 73 52 88 101 88 52 13 58
split_gain=22.5956 22.6302 19.3236 19.9315 9.90141 9.43108 7.41443 7.0924 7.33116 5.11632 3.58799 3.31292 3.12671
threshold=-2.414894567380605 1.9221583503170918 -2.5855789385244647 1.0937181677891508 -1.0437856381022084 0.24494531719300291 -0.37244897475502431 -0.059574201202123311 -0.14084720005267848 -0.18457049450544988 -0.34793227316356229 1.3955021672871826 -3.6668082821062948
decision_type=2 2 2 2 2 2 2 2 2 2 2 2 2
left_child=4 2 6 -4 10 9 -2 8 -6 -3 -1 -7 -9
right_child=1 5 3 -5 7 11 -8 12 -10 -11 -12 -13 -14
leaf_value=-0.0067003051611591426 0.0095014697243350852 0.0070942229423357935 0.001468467814922195 -0.0070522843981913295 -0.020961693518159488 -0.027445416191439132 -0.020061344104674389 -0.011063716141751636 0.0001031712664730758 -0.010513947927493781 0.02897952929966215 -0.0040525049184914428 0.015892768179346799
leaf_weight=6.0485214772634235 18.71063455240801 51.466424859521794 12754.471973281783 715.47329687913953 226.25720325738803 93.010805475445522 137.25353544749305 8.2775657944002905 49.93704663409153 123.53821604995392 10.068780405097639 22.265178384608589 19.629347373716882
leaf_count=179 1165 1886 352240 26056 5919 5163 3234 224 1868 4325 333 1073 472
internal_value=0.000197758 0.000504142 0.000802782 0.00101098 -0.0127293 -0.0130741 -0.016156 -0.0148917 -0.0172826 -0.00523207 0.0181509 -0.0236113 0.00708775
internal_weight=14236.4 13916.2 13625.9 13469.9 320.218 290.281 155.964 304.101 276.194 175.005 16.1173 115.276 27.9069
internal_count=404137 395142 382695 378296 8995 12447 4399 8483 7787 6211 512 6236 696
is_linear=0
shrinkage=0.05


Tree=140
num_leaves=15
num_cat=0
split_feature=88 81 93 84 98 78 51 93 74 52 51 78 60 37
split_gain=23.6053 20.9996 29.7609 48.7039 28.0353 26.2957 22.9078 19.1725 21.9085 14.8806 18.9304 8.64071 7.4178 5.1456
threshold=0.26182032056128685 0.041463284396828524 -0.0079819790487539073 1.0000000180025095e-35 1.1997914688133988 0.58619027472032337 -1.1839419456430866 -0.012740636792966173 -0.0064252982552970772 -0.37244897475502431 0.37537920893744275 -0.40502707746814648 0.52952349555428158 -0.30691989077173104
decision_type=2 2 2 2 2 2 2 2 2 2 2 2 2 2
left_child=1 2 4 -4 -1 6 -3 9 -9 11 -11 -2 -10 -7
right_child=7 5 3 -5 -6 13 -8 8 12 10 -12 -13 -14 -15
leaf_value=-0.0021000221550086444 -0.01807541459924111 -0.0085203619679439895 -0.0089848838264871399 0.009929449026142052 0.0060258887912604669 -0.017731602925283783 0.0041844178034755692 -0.013857206306360826 0.031453010060881526 0.0098371887669959357 0.034205037234168983 0.0059284049460288733 -0.00084621914745769237 -0.0050751181700317855
leaf_weight=4191.8799226374686 56.800198982004076 380.13741215219488 2418.9154269697137 387.32735045862501 1410.2198877179762 155.26066986033402 3979.3100721333176 184.91179388211458 33.550992787262658 664.89123509378987 83.994762127287686 77.399649394676089 29.171680882864166 178.5156424940069
leaf_count=100571 3884 8752 114098 4098 44904 6430 79633 15386 2139 11053 1385 2000 1604 8636
internal_value=-6.05189e-05 -0.000660675 -0.00215532 -0.00634827 -4.73894e-05 0.00201601 0.00305962 0.00683827 -0.00529537 0.010262 0.012985 -0.00478018 0.0183803 -0.011307
internal_weight=14232.3 13101.6 8408.34 2806.24 5602.1 4693.22 4359.45 1130.72 247.634 883.086 748.886 134.2 62.7227 333.776
internal_count=404573 367122 263671 118196 145475 103451 88385 37451 19129 18322 12438 5884 3743 15066
is_linear=0
shrinkage=0.05


Tree=141
num_leaves=15
num_cat=0
split_feature=104 93 79 81 80 104 81 58 72 75 99 11 103 23
split_gain=23.5207 62.1452 29.1471 32.2921 52.8074 28.0522 26.4982 26.227 25.4537 21.9907 17.9603 14.3067 8.23535 7.64025
threshold=-0.44264198389549758 -0.0082314589234465368 0.32692764058894302 0.080479461017542844 -0.13233454860656232 -0.24026927517250155 -0.85317272061304072 -0.043673653940682837 -0.78633548335065673 -0.14411608276782378 -0.42078327550696232 -0.39778982646811301 -1.1967024396459021 -0.36837867180235967
decision_type=2 2 2 2 2 2 2 2 2 2 2 2 2 2
left_child=2 7 3 8 -5 6 -3 13 -1 -7 -9 -4 -13 -2
right_child=1 5 11 4 -6 9 -8 10 -10 -11 -12 12 -14 -15
leaf_value=0.0087661855674509952 -0.017511110525572995 0.010493190297313285 -0.018261337392831849 0.034505227437271017 0.0062613792082389349 -0.023519550626307742 -0.0070099485106446926 -0.0041316894438982689 -0.0062205929314578592 -0.0055006290675438203 0.002948119976553587 -0.015444032867516375 0.0048211604370900461 -0.0051286701027605172
leaf_weight=409.22706868778914 166.66167472837697 241.93441748159967 196.6222789928288 171.31210090040986 2016.6388339567056 420.53482363538205 1550.8971618628129 1039.650991690818 864.71975390198713 291.76285445276153 6135.8678278546759 57.309181166507187 186.50075189716881 472.3350483377435
leaf_count=7114 4104 8954 6189 2847 22532 30263 59767 19969 29939 36271 155286 2467 6049 12469
internal_value=0.000101512 -0.00114907 0.00340313 0.00494816 0.00861974 -0.00798531 -0.00460288 0.00104986 -0.00137564 -0.0163172 0.00191801 -0.00858145 -0.00036312 -0.00857829
internal_weight=14222 10319.6 3902.33 3461.9 2187.95 2505.13 1792.83 7814.52 1273.95 712.298 7175.52 440.432 243.81 638.997
internal_count=404220 327083 77137 62432 25379 135255 68721 191828 37053 66534 175255 14705 8516 16573
is_linear=0
shrinkage=0.05


Tree=142
num_leaves=15
num_cat=0
split_feature=72 51 48 23 28 93 86 92 103 92 44 72 60 73
split_gain=21.9182 27.5885 26.9463 25.8299 32.8161 21.1956 20.8243 17.5399 16.127 15.2358 15.3897 13.9364 13.4332 7.7419
threshold=0.28383729045773726 0.74330891956880374 0.22226505019706072 -0.36564872876433563 0.51244506610505469 -0.019950957941700657 -0.23283307420191349 0.1180592039383012 -0.47135624184686103 -0.0067142112167526682 0.16666890145207211 -0.2897271486731558 1.5274053136793706 -0.52301057618780866
decision_type=2 2 2 2 2 2 2 2 2 2 2 2 2 2
left_child=1 3 9 7 -5 6 -3 -1 -4 13 -11 -7 -10 -2
right_child=2 5 8 4 -6 11 -8 -9 12 10 -12 -13 -14 -15
leaf_value=-0.0016657909766214264 0.013391117352683852 0.020954852596595994 -0.0074049889778887565 0.00232530196071511 -0.0072127019446952259 -0.02319757745399079 -0.0096623677336418017 -0.0095011012904512113 0.0046788186015134436 0.010662605433245896 0.032054536979769052 -0.0073897303036479945 -0.012248174630445689 -0.00022771739941463161
leaf_weight=2007.8359717652202 125.90756822703406 85.213319635018706 568.73459241743694 6298.6256109129172 1042.3558266087275 274.82507616808289 123.87665350758471 1103.3877447679261 1036.1542355715937 588.08162949487814 93.609045696590329 300.38477607981258 122.34204509789197 448.07994681643322
leaf_count=30737 2005 2682 19786 155909 26500 10109 4371 48722 38268 32366 6099 10941 5687 9980
internal_value=-0.000327328 -0.00133907 0.00347561 -0.000655748 0.000963018 -0.0103227 0.00320241 -0.0044661 -0.000582367 0.009018 0.0140211 -0.0152098 0.00280174 0.0029378
internal_weight=14219.4 11236.5 2982.91 10452.2 7340.98 784.3 209.09 3111.22 1727.23 1255.68 681.691 575.21 1158.5 573.988
internal_count=404162 289971 114191 261868 182409 28103 7053 79459 63741 50450 38465 21050 43955 11985
is_linear=0
shrinkage=0.05


Tree=143
num_leaves=15
num_cat=0
split_feature=13 79 52 68 51 51 65 92 61 93 81 80 78 61
split_gain=21.0659 21.3961 21.3494 42.3132 62.5576 26.4748 20.7608 19.5617 14.9752 15.8673 13.3662 13.0999 10.6839 9.1338
threshold=-0.74458909478878288 -0.0083464661066806299 -0.37244897475502431 -0.32754717030309427 0.74330891956880596 2.3201505365603556 1.0000000180025095e-35 -0.10561616189167912 0.18005225493847202 -0.017385842141463295 -0.18152538282533803 0.029018476896931922 -0.44122369185440485 0.71658288303471473
decision_type=2 2 2 2 2 2 2 2 2 2 2 2 2 2
left_child=1 8 3 4 -2 6 -4 13 9 -1 -9 -10 -5 -3
right_child=2 7 5 12 -6 -7 -8 10 11 -11 -12 -13 -14 -15
leaf_value=0.017038298237111997 -0.023561542051715189 0.0034780463764600648 0.00097370982629572651 -0.026841334906339349 0.016540754243978145 -0.022705378390413134 -0.005570001991718589 0.013629532874959688 0.032102808319360278 0.00039492164649713248 -0.0048564874621526812 0.0055289811493953889 0.0050667601722599858 0.014426198449830478
leaf_weight=214.8676300762454 507.72299553873017 1097.1605179903563 8216.8988406148528 17.870473999530077 112.17171500390396 120.00846752323196 1411.5308701559625 97.290294330370671 118.33924091484369 395.68846692889201 1135.0426802144357 80.28818055697775 471.16698492597789 223.6658650636673
leaf_count=5770 38426 17685 215659 526 7143 4051 29726 4969 5258 19584 42588 3276 6214 3473
internal_value=2.72004e-05 0.00347946 -0.00104412 -0.0075855 -0.0161575 -0.000292999 9.61593e-06 0.00121846 0.0105115 0.00643226 -0.00329909 0.0221412 0.00338627 0.00542645
internal_weight=14219.7 3362.34 10857.4 1108.93 619.895 9748.44 9628.43 2553.16 809.184 610.556 1232.33 198.627 489.037 1320.83
internal_count=404348 102603 301745 52309 45569 249436 245385 68715 33888 25354 47557 8534 6740 21158
is_linear=0
shrinkage=0.05


Tree=144
num_leaves=15
num_cat=0
split_feature=79 19 85 18 104 59 93 33 52 80 30 60 92 27
split_gain=22.0596 27.2167 22.7316 19.6875 34.4123 25.5937 21.2664 19.1711 17.7025 17.4519 17.0911 15.0243 8.72806 7.59784
threshold=-0.0083464661066806299 0.79526029944331433 -0.31058068101487785 1.0000000180025095e-35 -0.25278843133568873 0.081280722569459465 -0.010191467986345744 0.26161795785197245 -0.33214779817615075 0.35541503587793855 0.32661345427260052 -0.621346861640521 0.38500314502730321 -0.8519505096558867
decision_type=2 2 2 2 2 2 2 2 2 2 2 2 2 2
left_child=3 2 8 4 5 -1 -6 -4 -2 13 11 -5 -12 -3
right_child=1 9 7 10 6 -7 -8 -9 -10 -11 12 -13 -14 -15
leaf_value=0.012079278057209784 -0.0012901792621242819 0.0029979124337207656 0.001957105771336481 -0.0099600357725276208 0.003160251371551002 -0.0013574943704444534 -0.013361098824350172 -0.0057304848688986155 -0.010332664638541721 0.0039929393438375566 -0.014982051493243193 0.0061979597372582547 0.0012658036790770663 -0.019299202518247616
leaf_weight=1583.0170724518102 1448.411842106143 39.886068757259636 6459.8755479634565 180.36439580492151 514.5026194159218 453.35856744395278 300.67992435845008 917.41017828791519 857.43350372786153 125.9927326990146 281.03339848876931 582.34555436659502 113.38410407976335 356.00067238482006
leaf_count=39030 21974 967 156177 5366 14883 19711 29243 25154 43095 5092 5867 21118 7948 9026
internal_value=0.00026881 -0.000966005 -0.000360749 0.00340689 0.0056333 0.00909583 -0.00302171 0.000994644 -0.00468274 -0.0119782 -0.00208101 0.0022975 -0.0103954 -0.0170342
internal_weight=14213.7 10205 9683.13 4008.69 2851.56 2036.38 815.183 7377.29 2305.85 521.879 1157.13 762.71 394.418 395.887
internal_count=404651 261485 246400 143166 102867 58741 44126 181331 65069 15085 40299 26484 13815 9993
is_linear=0
shrinkage=0.05


Tree=145
num_leaves=14
num_cat=0
split_feature=103 60 60 80 93 59 83 54 43 85 29 23 10
split_gain=23.1691 22.841 19.6931 25.411 18.398 11.4169 8.63909 6.932 6.69623 7.01959 5.89182 5.50868 4.57463
threshold=-1.5493747465591574 -1.6296093974726642 0.99304977189448285 -0.29396373457069719 -0.0091019626152337215 -0.8890546896066206 1.0000000180025095e-35 -0.062204400666256023 -1.2808970952272671 -0.21589683325904871 -0.43129307341638207 0.8192199433806483 0.82313349570033567
decision_type=2 2 2 2 2 2 2 2 2 2 2 2 2
left_child=6 5 3 -3 -4 11 8 -7 12 -10 -8 -2 -1
right_child=1 2 4 -5 -6 7 10 -9 9 -11 -12 -13 -14
leaf_value=0.020125447551767373 -0.018182322941521785 0.0076398076089306197 0.00096813230252999814 0.00064887722230336968 -0.0080703502789212771 0.015139116461514177 0.028099511226823155 -0.0052371514145243304 0.00012451723843570704 -0.014894779639919344 -0.0049248207124927557 0.0085306552456762118 -0.0070286526126043776
leaf_weight=19.827694583829725 242.78787012848625 1509.5219851955553 1136.7911367954075 9008.0572048146096 1101.7749202940067 35.725334208080312 15.583246763912028 514.37809041999571 92.890213920421957 463.54951853274542 23.376820940291509 15.193895502452504 24.54072023005574
leaf_count=656 6403 55715 33128 228765 46205 783 269 11657 3459 15203 341 508 815
internal_value=-0.000208642 0.000233011 0.000751856 0.00165855 -0.00349653 -0.00786636 -0.00943195 -0.00366719 -0.0109414 -0.0124296 0.0113256 -0.0163494 0.00657589
internal_weight=14204 13564.2 12756.1 10517.6 2238.57 808.085 639.768 550.103 600.808 556.44 38.9601 257.982 44.3684
internal_count=403907 383164 363813 284480 79333 19351 20743 12440 20133 18662 610 6911 1471
is_linear=0
shrinkage=0.05


Tree=146
num_leaves=15
num_cat=0
split_feature=59 46 103 52 37 78 59 48 99 3 46 87 83 97
split_gain=20.3391 19.4184 20.9928 20.8435 16.4478 14.9627 9.33612 5.19769 6.4682 5.8971 5.60919 5.34603 5.16305 2.01669
threshold=-2.9371279372667369 0.32448290253278284 -1.5493747465591574 -0.15475547499372241 0.50751415050328308 -0.23533755740143839 1.898797687626598 0.61832420501472607 -0.34637006249657526 -0.26673847701263487 -0.15971316112688658 0.0030167118985121666 1.0000000180025095e-35 0.037318230566762443
decision_type=2 2 2 2 2 2 2 2 2 2 2 2 2 2
left_child=7 2 12 -4 6 -6 -3 8 10 -9 -1 -10 -2 -11
right_child=1 4 3 -5 5 -7 -8 9 11 13 -12 -13 -14 -15
leaf_value=-0.027837674610008353 -0.014964543127970352 0.005613911501166139 0.00010189263803394644 -0.0080758389501122043 -0.0057571705345972083 0.0096123564463148868 -0.012916641845151098 -0.034258534587006513 -0.0048421774953165539 -0.014560098328022783 0.0065827521869133848 0.024570648133563133 0.010543987647791221 0.0044222527997124185
leaf_weight=32.729941185411008 300.22008145238215 2693.2111302757694 9183.9939949138206 841.40508811906693 735.57349102298031 191.48387192068185 60.538764934557548 50.008980950486148 42.645800440441235 25.336425652436446 11.844893350396886 12.274486949288983 14.328786564292384 17.036549928656314
leaf_count=858 9662 78007 177814 100908 17074 12059 2754 1438 1374 742 320 446 221 520
internal_value=-0.000113908 0.000112896 -0.000997569 -0.000591806 0.00322661 -0.00251389 0.00516127 -0.0158715 -0.00687998 -0.0239374 -0.0191609 0.00450365 -0.0135135 -0.0075409
internal_weight=14212.6 14020.8 10339.9 10025.4 3680.81 927.057 2753.75 191.877 99.4951 92.382 44.5748 54.9203 314.549 42.373
internal_count=404197 398499 288605 278722 109894 29133 80761 5698 2998 2700 1178 1820 9883 1262
is_linear=0
shrinkage=0.05


Tree=147
num_leaves=15
num_cat=0
split_feature=50 50 50 57 44 104 100 52 50 44 22 54 52 46
split_gain=20.4859 62.9377 21.2572 17.7282 22.309 22.736 20.5364 14.0058 9.99429 9.67193 8.92902 8.24967 7.91707 4.85638
threshold=-0.22717005321119652 -0.22717005321119718 -0.2271700532111994 -0.066496592717823558 0.83256478242383047 -0.3080560147168217 -0.28187560512425908 -0.37244897475502431 -0.22717005321120257 0.74159661206616467 0.086119516859279807 0.050720315929604888 0.18213348536696272 -0.32111184901344303
decision_type=2 2 2 2 2 2 2 2 2 2 2 2 2 2
left_child=1 2 8 9 6 -6 -5 -3 -1 13 -11 -9 -4 -2
right_child=3 7 12 4 5 -7 -8 11 -10 10 -12 -13 -14 -15
leaf_value=0.001715234726456045 -0.01739350274117157 -0.0052137759826212807 0.0080159976070608759 -0.002143530035020211 -0.010881480419404911 0.0093325037258842596 0.0023027966600231674 0.032631197361007343 -0.0075362909298528138 -0.0066510305853680523 0.026285861951385842 -0.0058151813301602264 -0.019545765517236618 -0.0068445089799981096
leaf_weight=549.24335752982734 225.34315131748372 27.777633834863082 828.09814150669263 4793.2277163171348 828.07500259771768 158.7911281997076 5643.8482332115163 225.56247755932418 605.78877840439236 43.113918021379504 24.729690333275357 11.881670316342932 17.614131439222547 243.89585183520103
leaf_count=15617 6123 1147 19732 110651 22163 7492 179127 11315 15769 1460 892 567 5307 6778
internal_value=-1.63413e-05 0.00433196 0.00124179 -0.00084304 -0.000421592 -0.00756797 0.000260724 0.0267511 -0.00316002 -0.00963583 0.00718926 0.0305501 0.00722025 -0.0121677
internal_weight=14227 2265.97 2000.74 11961 11423.9 986.866 10437.1 265.222 1155.03 537.083 67.8436 237.444 845.712 469.239
internal_count=404140 69454 56425 334686 319433 29655 289778 13029 31386 15253 2352 11882 25039 12901
is_linear=0
shrinkage=0.05


Tree=148
num_leaves=15
num_cat=0
split_feature=88 93 52 104 59 66 104 44 74 104 78 73 74 2
split_gain=23.1201 37.2077 23.9875 21.642 20.849 18.6352 31.6743 19.8712 17.3334 20.5532 12.2964 8.19107 6.87157 3.7656
threshold=-0.10351161463426524 -0.012966447513714533 -0.37244897475502431 0.21781600030454798 -2.9371279372667369 1.0000000180025095e-35 -0.33341802342372834 0.35783927224229894 0.73297555141196968 -0.41185245151628169 -0.43047660217681699 0.33787551854643877 -0.18646737046170062 -0.085014413970759706
decision_type=2 2 2 2 2 2 2 2 2 2 2 2 2 2
left_child=4 2 10 -4 12 7 -7 -6 11 -10 -2 -3 13 -1
right_child=1 8 3 -5 5 6 -8 -9 9 -11 -12 -13 -14 -15
leaf_value=-0.025776579591337181 -0.021896815570051364 -0.016196755024924101 0.007062912921631386 0.021582983922501537 0.0027036838109932943 -0.00012243301256208204 -0.0080398257092701847 -0.0040764496282266471 0.041638851148832791 -0.008914507276673379 0.0017672852873464326 0.0016597149517782338 0.0070256398706642995 -0.0055494854605517459
leaf_weight=111.60227917988232 74.796296664979309 286.60149335996175 1071.1337789958343 335.75394308380783 4891.9380179952423 3827.0584403254506 1875.8726681534026 1376.7908852437722 26.030530426796759 39.17415075720055 151.90612265910022 79.743116814541281 19.575326978621888 36.430070623435313
leaf_count=3187 5582 21945 15501 6399 156572 82906 52600 44426 833 2347 4161 5684 757 1169
internal_value=-9.01576e-05 0.00478743 0.00823059 0.010656 -0.000923194 -0.000670338 -0.00273623 0.00121045 -0.00813754 0.0141202 -0.00663548 -0.0123691 -0.0179292 -0.0214649
internal_weight=14204.4 2065.14 1633.59 1406.89 12139.3 11971.7 5702.93 6268.73 431.549 65.2047 226.702 366.345 167.608 148.032
internal_count=404069 62452 31643 21900 341617 336504 135506 200998 30809 3180 9743 27629 5113 4356
is_linear=0
shrinkage=0.05


Tree=149
num_leaves=11
num_cat=0
split_feature=103 104 93 79 81 60 79 43 6 6
split_gain=22.945 22.4463 55.0343 25.2137 24.3465 22.8201 21.0666 9.74201 1.62008 1.57582
threshold=1.6668440520615577 -0.44264198389549758 -0.009239729073410417 0.30595658906619766 0.073201548688573981 -1.6296093974726642 0.033564728977833323 -1.2808970952272671 -0.97379501108848165 -0.68246739596935302
decision_type=2 2 2 2 2 2 2 2 2 2
left_child=1 3 5 4 -1 -3 -4 -5 -2 -10
right_child=8 2 6 7 -6 -7 -8 -9 9 -11
leaf_value=-9.4595871090378498e-05 -0.034838023641393122 -0.0092271873493069839 -0.0023469710524163818 0.024432132968412439 0.0088312285940124417 0.0019021976171293938 -0.011464735689669932 -0.0063993069469798648 0.0043097178524120171 -0.01757013945684861
leaf_weight=1246.1168298901175 37.69801247731084 482.13696335868008 1182.7048412204786 16.970189000538085 1963.671600471047 7203.4534414910231 1370.3544669096882 648.05008235950663 8.5328623047389573 10.07963885378558
leaf_count=36354 1029 11108 71996 494 22035 170486 72589 17532 231 287
internal_value=0.000167851 0.000305501 -0.000921513 0.00354174 0.00537648 0.00119294 -0.00726657 -0.00526225 -0.0291754 -0.00953886
internal_weight=14169.8 14113.5 10238.6 3874.81 3209.79 7685.59 2553.06 665.02 56.3105 18.6125
internal_count=404141 402594 326179 76415 58389 181594 144585 18026 1547 518
is_linear=0
shrinkage=0.05


Tree=150
num_leaves=15
num_cat=0
split_feature=92 78 50 51 20 51 50 51 51 68 75 78 100 18
split_gain=19.6957 46.5024 51.5749 33.447 31.8882 26.9947 30.2454 20.6633 19.0361 31.0285 14.9014 10.2848 8.70568 9.44657
threshold=-2.0030884045136608 -0.44348760662910253 0.5279538272048877 1.619332040119666 -0.22102367303987805 -1.1839419456430866 2.0382015880370594 -1.3591465697532601 1.0937181677891485 -0.32754717030309427 -0.31863179789225093 -0.3237863656680755 -0.13541867193787094 -0.23716449694319613
decision_type=2 2 2 2 2 2 2 2 2 2 2 2 2 2
left_child=1 2 7 5 -4 11 -7 -1 9 -3 -10 -2 -5 -14
right_child=3 8 4 12 -6 6 -8 -9 10 -11 -12 -13 13 -15
leaf_value=0.010734959437837205 -0.0099676888074895272 -0.016362891936691878 0.03453842808737808 -0.025372996164028286 -0.012992765019678904 0.0020223663352407343 -0.01483534943532233 -0.026952263496013804 0.038755459023598865 0.0053910613512206419 -0.014886864081314163 0.0051074212636458872 0.0048435988345499198 -0.016808799493019194
leaf_weight=34.449857471045107 707.63983404194005 212.26248461520299 61.842604578938335 121.29336317104026 61.535103669390082 11318.967850852496 262.57092036455288 424.80442625051364 45.119395119603723 614.45927847921848 11.05776024609804 127.89578002467897 79.864924615976634 111.56138205036405
leaf_count=3261 12098 13392 2850 4141 3501 301826 6476 33877 2109 8188 336 5558 2626 4045
internal_value=-4.63338e-05 -0.00551501 -0.0163506 0.000587088 0.0116353 0.000999328 0.00162771 -0.0239567 0.00173853 -0.000323117 0.0275426 -0.00762702 -0.0153053 -0.00798322
internal_weight=14195.3 1465.53 582.632 12729.8 123.378 12417.1 11581.5 459.254 882.899 826.722 56.1772 835.536 312.72 191.426
internal_count=404284 67514 43489 336770 6351 325958 308302 37138 24025 21580 2445 17656 10812 6671
is_linear=0
shrinkage=0.05


Tree=151
num_leaves=15
num_cat=0
split_feature=88 48 27 59 52 93 51 52 81 79 52 52 86 46
split_gain=19.5716 19.2922 18.4128 16.9683 12.0657 11.0525 21.355 16.4319 16.1269 9.46545 7.69219 5.12318 4.97222 4.89096
threshold=0.20374004837489737 -1.7738129672521212 -1.2367589257080327 -0.89776583170669255 -0.33214779817615075 -0.011922388499415409 0.39289967134846138 -0.28165955515367341 -0.070222573222911214 0.18424103873963701 -0.37244897475502431 -0.35952644091690339 0.38523490970702851 1.4542737177386782
decision_type=2 2 2 2 2 2 2 2 2 2 2 2 2 2
left_child=1 11 4 -4 -3 6 10 -8 9 -7 -2 -1 -13 -10
right_child=5 2 3 -5 -6 8 7 -9 13 -11 -12 12 -14 -15
leaf_value=0.004635165855388308 -0.0058271823937358722 0.015292940126599239 -0.0063881421629180648 -0.00037247814657027424 -0.0019668772629504111 0.027204145395165837 0.012140033171996467 0.052576153604437681 -0.014198581126058882 -0.0061846957341516766 0.0071119597812403625 -0.023247707621066302 0.0081929617530090409 0.012492966013169182
leaf_weight=19.030275899451226 127.22158658946864 282.42557440372184 1301.0027308445606 11088.69526037998 151.70951351995245 44.216729257172119 79.148053429555148 33.908239061129279 162.21207554603825 29.773257520944753 760.06384651883127 130.66846098363021 8.932180500130924 11.400922796681696
leaf_count=633 5345 4417 31713 314413 9447 2943 1907 783 14051 1722 12704 3572 198 1023
internal_value=-0.000296094 -0.000872464 -0.000651007 -0.00100881 0.00935297 0.0056592 0.00798525 0.0275548 -0.00368347 0.0146319 0.00521244 -0.017675 -0.0208228 -0.0118608
internal_weight=14230.4 12982.5 12823.8 12389.7 434.135 1247.94 1000.34 113.056 247.603 73.99 887.285 158.631 139.601 173.613
internal_count=404871 364393 359990 346126 13864 40478 20739 2690 19739 4665 18049 4403 3770 15074
is_linear=0
shrinkage=0.05


Tree=152
num_leaves=15
num_cat=0
split_feature=20 22 65 103 74 103 27 75 44 68 85 92 47 48
split_gain=23.2403 20.89 20.5336 25.1241 24.2718 17.4581 16.0675 12.5423 9.51424 9.20608 5.44709 5.33244 4.93759 3.98359
threshold=-1.0353309931612553 0.066803228129480988 1.0000000180025095e-35 -1.0375760759850523 1.0701726201281418 1.6668440520615577 1.0281134659131694 -0.069945814890192207 0.4441376838472394 0.727269253652579 -0.10272091218330513 -0.82800717768806742 -0.49164535098601098 -0.89977729921996819
decision_type=2 2 2 2 2 2 2 2 2 2 2 2 2 2
left_child=1 5 3 6 -5 9 -2 8 -4 -1 12 -9 -3 -12
right_child=2 10 7 4 -6 -7 -8 11 -10 -11 13 -13 -14 -15
leaf_value=0.0057193072010469134 -0.0026330479646898938 -0.0024096101565216355 -0.0072811510186816851 0.00049957910105915507 0.011194610448247187 -0.024503739177943004 -0.013303274335101124 -0.012264850036786283 0.012317757491042797 -0.0086809362829599959 0.015820310444150172 0.012872358196730875 0.024450373440822345 -0.0095462661405743849
leaf_weight=1061.1814831636475 1867.1146581179855 16.910345344629604 1797.1193711351043 7883.0459926933618 558.86254670039489 45.361469069379382 427.36638810256409 17.180241484893486 55.342154307531018 114.89322161773816 18.008402834442677 113.44452546763932 182.49506729724089 24.877224011834187
leaf_count=25738 57369 531 44287 219289 17834 1304 13134 856 1377 9812 656 3436 7817 750
internal_value=-0.000219075 0.00572531 -0.000907101 -4.1832e-05 0.00122001 0.00299298 -0.00466957 -0.00556794 -0.00663264 0.00425119 0.0188349 0.00892916 0.0221663 0.00208288
internal_weight=14183.2 1463.73 12719.5 10736.4 8441.91 1221.44 2294.48 1983.09 1852.46 1176.07 242.291 130.625 199.405 42.8856
internal_count=404190 46608 357582 307626 237123 36854 70503 49956 45664 35550 9754 4292 8348 1406
is_linear=0
shrinkage=0.05


Tree=153
num_leaves=15
num_cat=0
split_feature=92 7 43 19 58 78 20 22 79 93 100 36 26 1
split_gain=21.2748 20.234 20.3493 21.7109 16.2798 9.73634 9.91522 8.26391 5.00584 1.88892 1.75396 0.761556 0.721048 0.60407
threshold=0.78721824618181913 -0.85556031488158879 0.38498934200980744 -0.022044743204922074 1.2612517909599379 -0.34723219569109404 -0.95588637656404785 -0.26209212055883152 -1.529945384993572 -0.0028795740521571551 0.90745272545364497 1.997568164781494 0.25079368290118376 -0.043848372600261837
decision_type=2 2 2 2 2 2 2 2 2 2 2 2 2 2
left_child=1 5 4 -4 -3 6 -1 -7 9 12 11 -10 -2 -12
right_child=8 2 3 -5 -6 7 -8 -9 10 -11 13 -13 -14 -15
leaf_value=0.012900058122862934 0.022527007814273088 0.00020964072494089213 0.0091795788295939568 -0.0020649276598823946 -0.01089921144355965 -0.010874877344306489 -0.0098403631700174216 0.0043011362345019791 -0.033217486957173047 -0.0096681725537966796 0.009045669437841233 0.0018243222435561678 -0.0030731059191032428 -0.0069052052121418711
leaf_weight=42.31643793778494 2.2580883364207698 10545.70475079403 1277.2814505739516 639.30412722469191 330.43915023931186 111.3546292486426 865.29258200759068 334.01513611761038 54.284214295079437 2.4742116203669857 0.75734521161211876 0.55418258636927831 0.80035837829200307 3.2610662116348967
leaf_count=742 1567 272302 34209 18334 13196 3612 17170 10101 28461 2317 225 188 456 1682
internal_value=-5.54197e-05 8.47679e-05 0.000701282 0.00543757 -0.000137571 -0.00570689 -0.00865108 0.000351229 -0.0267245 0.0078766 -0.0306487 -0.0326366 0.0186046 0.000409248
internal_weight=14210.1 14145.7 12792.7 1916.59 10876.1 1352.98 907.609 445.37 64.3895 5.53266 58.8568 54.8384 3.05845 4.01841
internal_count=404562 369666 338041 52543 285498 31625 17912 13713 34896 4340 30556 28649 2023 1907
is_linear=0
shrinkage=0.05


Tree=154
num_leaves=15
num_cat=0
split_feature=74 104 104 92 81 93 78 59 93 93 59 100 44 88
split_gain=25.6768 37.0824 34.7978 22.5407 18.7734 50.9405 23.2054 17.4825 15.8718 13.5213 12.7683 11.613 9.05515 7.24358
threshold=1.0027332063849075 -0.40936456411286559 -0.43986371884194536 0.72231365374185297 0.052407513462948481 -0.0078891324257190382 0.58619027472032337 1.0901820934443369 -0.009239729073410417 -0.012336302849870527 0.91356391989859487 -0.0023590288595600668 0.12487810913914475 0.12711706647630169
decision_type=2 2 2 2 2 2 2 2 2 2 2 2 2 2
left_child=3 2 10 4 5 -1 -6 -4 13 -3 -2 -10 -11 -5
right_child=1 9 7 8 6 -7 -8 -9 11 12 -12 -13 -14 -15
leaf_value=0.00095890714910557375 0.012734386443231188 0.0037072053171592653 0.043404358236380051 -0.0035887043741489677 0.0034725845796629087 -0.0078865218873145747 -0.011292610150883217 -0.00071723898296811883 -0.023580153818244895 -0.021589469366358 -0.0086479351653801252 -0.0023339720933047022 0.005146495668916987 0.021196133214578652
leaf_weight=6013.8106232929858 311.73630970984232 247.07743929454591 124.71567964325368 116.97444830439053 4284.8954390299041 2220.7994739142887 274.02092584344791 26.555138821568107 216.25119163537602 111.37861915834219 81.518936883141578 93.177092408095632 38.342022298347729 28.533282389234955
leaf_count=137220 7675 5522 2864 18406 72696 61680 5364 1198 52038 6792 3721 22283 2815 3844
internal_value=0.000167843 0.00810242 0.0164585 -0.000401607 -8.58543e-06 -0.0014333 0.00256233 0.0360947 -0.0112161 -0.0034874 0.00819745 -0.0174557 -0.0148491 0.00232196
internal_weight=14189.8 941.324 544.526 13248.5 12793.5 8234.61 4558.92 151.271 454.936 396.798 393.255 309.428 149.721 145.508
internal_count=404118 30587 15458 373531 276960 198900 78060 4062 96571 15129 11396 74321 9607 22250
is_linear=0
shrinkage=0.05


Tree=155
num_leaves=15
num_cat=0
split_feature=28 60 93 59 103 35 103 16 86 41 97 52 93 40
split_gain=21.8431 20.066 20.0257 18.712 16.9648 14.711 11.4562 11.4694 10.6886 8.77672 6.57755 6.17712 6.2098 5.92782
threshold=-0.57268005143408318 -1.231368012483282 0.0089062967623630401 -0.61525995858920879 1.6537468726684661 -0.41979337766079255 -0.012524675882296112 -0.31274640575503521 0.32893493981127325 -0.64451024351200503 -0.96906955001489037 -0.33483565888667804 -0.018258787046451234 1.21722150807915
decision_type=2 2 2 2 2 2 2 2 2 2 2 2 2 2
left_child=5 3 4 10 -3 6 7 -1 -5 -8 -2 13 -13 -7
right_child=1 2 -4 8 -6 11 9 -9 -10 -11 -12 12 -14 -15
leaf_value=-0.016318971401375986 -0.016274639658835962 0.0023213430347815691 -0.018362470408015998 -0.0019644855604425428 -0.016456703938952599 -0.0199043319434275 -0.0067650672500019875 -0.0033068738253428198 0.012486626910984785 0.0045008300994640029 -0.0054222950508053414 0.0069569267168317177 -0.01130312902776507 0.0035058181577658264
leaf_weight=202.79720568341145 295.93920554702345 9555.0539214983582 111.30011330121852 1266.4837971703128 111.93704255961347 228.87419545813464 220.55067005680394 870.62164262357692 132.22701819012582 684.76481243676972 284.22737766020146 62.917472307337448 124.74769393856695 27.408213559072465
leaf_count=4673 6617 275738 17565 30412 2923 4248 4795 23650 3164 15337 7926 1195 4928 551
internal_value=1.45809e-05 0.000906215 0.00183584 -0.0036735 0.00208712 -0.00429842 -0.00242235 -0.00589314 -0.00051941 0.00171234 -0.01114 -0.0124227 -0.00513894 -0.0173631
internal_weight=14179.9 11757.2 9778.29 1978.88 9666.99 2422.68 1978.73 1073.42 1398.71 905.315 580.167 443.948 187.665 256.282
internal_count=403722 344345 296226 48119 278661 59377 48455 28323 33576 20132 14543 10922 6123 4799
is_linear=0
shrinkage=0.05


Tree=156
num_leaves=15
num_cat=0
split_feature=58 92 13 52 61 34 75 46 22 47 79 7 74 44
split_gain=22.999 16.894 16.3966 19.0739 16.3041 7.82595 11.6496 7.62736 4.46089 4.32306 4.04042 2.57598 2.19659 0.330976
threshold=-1.2705804757248813 0.78721824618181913 -0.74458909478878288 -0.37244897475502431 0.96196620961012369 0.89600898103960114 -0.23334721626297047 -0.15971316112688658 -0.9846051927094257 -0.047366629919119135 -4.2002541275629888 0.83233069289703598 4.0035173603038645 0.97504600035292632
decision_type=2 2 2 2 2 2 2 2 2 2 2 2 2 2
left_child=5 2 4 -4 -2 6 7 -1 -7 -8 13 -10 -12 -3
right_child=1 10 3 -5 -6 8 9 -9 11 -11 12 -13 -14 -15
leaf_value=-0.0154625538507999 0.0018706367361134822 0.0155539307019626 -0.0071099980782602231 -3.7789351701637418e-05 0.012107497055730439 0.0076701703747122409 0.019610623067811275 -0.00046332083041866724 -0.020866524901714499 -0.0010506536471956581 -0.029323884768137888 -0.00011286705047535158 0.0026640729047491501 -0.0022464732462806479
leaf_weight=208.97637557375492 2752.7644939815873 0.77526592371577752 1053.253115538042 9227.7229535174483 444.11844329437008 11.509488592913838 42.750456601988844 139.31397704657866 177.07915720460005 46.829443973991147 54.441131031126133 16.369186517433263 4.1296257922658688 0.53096412181912456
leaf_count=5328 72921 401 49137 217073 12694 343 1669 3738 5001 2043 32442 573 485 417
internal_value=-0.000364508 7.74646e-05 0.000204447 -0.000768519 0.00332609 -0.0095309 -0.00553811 -0.00964334 -0.0174066 0.00978874 -0.0244441 -0.0192023 -0.0270089 0.0127311
internal_weight=14180.6 13537.7 13477.9 10281 3196.88 642.828 437.87 348.29 204.958 89.5799 59.877 193.448 58.5708 1.30623
internal_count=404265 385570 351825 266210 85615 18695 12778 9066 5917 3712 33745 5574 32927 818
is_linear=0
shrinkage=0.05


Tree=157
num_leaves=15
num_cat=0
split_feature=103 48 20 52 68 84 72 78 92 96 80 72 34 54
split_gain=18.1272 32.1558 29.2211 22.2881 46.066 20.7623 16.7782 16.6293 15.478 14.6237 8.93496 8.80164 8.58343 4.33111
threshold=0.9559226629968961 -0.8080899806473778 -0.89630291411614216 -0.37244897475502431 -0.32754717030309427 1.0000000180025095e-35 -0.035653946070552216 1.040313363118446 -0.033425871790490606 -1.5331818379410787 -2.4352115243937908 -0.78206435673109465 -0.6678710753365803 0.26549361711389968
decision_type=2 2 2 2 2 2 2 2 2 2 2 2 2 2
left_child=2 9 6 4 -4 -5 8 10 -1 13 -3 -11 -8 -2
right_child=1 7 3 5 -6 -7 12 -9 -10 11 -12 -13 -14 -15
leaf_value=0.006936156741415421 -0.019911418109157659 -0.012746226731136096 -0.01947303607384723 -0.0022893524481270478 0.0028989994914880193 0.009059118693528094 0.022447033358232935 -0.013847500256522989 -0.0029347188095320219 -0.0084059297112170413 0.0072220791641913196 0.0025208425065780886 0.0027503427269485064 0.0062559090473550908
leaf_weight=854.80367647577077 160.3597035833518 48.639613796200138 524.02687815926038 7714.7680772803396 400.26302850339562 415.46704519673949 165.75335982327306 93.257361509749899 726.42245982788882 300.38734014433066 2251.3896681203842 445.54941048486944 85.226184054816258 12.875170178576807
leaf_count=13798 3481 1652 40476 206046 5660 4211 7280 3663 33057 5745 61029 14896 3300 344
internal_value=-0.000390659 0.00284275 -0.00137618 -0.00254179 -0.00985751 -0.00169901 0.00436665 0.0058897 0.00241149 -0.00506873 0.00674645 -0.00193234 0.0161202 -0.0177313
internal_weight=14199.2 3312.46 10886.7 9054.53 924.29 8130.24 1832.21 2393.29 1581.23 919.172 2300.03 745.937 250.98 173.235
internal_count=404638 90810 313828 256393 46136 210257 57435 66344 46855 24466 62681 20641 10580 3825
is_linear=0
shrinkage=0.05


Tree=158
num_leaves=15
num_cat=0
split_feature=103 46 34 13 65 78 103 37 100 76 85 22 41 32
split_gain=18.7941 19.5594 18.7613 18.1485 21.146 15.5171 15.3521 14.6983 6.69458 7.27407 6.27345 7.89436 5.41873 4.62919
threshold=-1.5966829838425856 0.32448290253278284 0.71041232065254467 -0.72495522999909501 1.0000000180025095e-35 -0.24832253984481936 0.90303854904198066 0.19680142786380131 -0.2141100627959541 -0.017962518422032853 -0.19022228342706096 -0.35860691660079058 -0.21166357469460864 0.87931484807803362
decision_type=2 2 2 2 2 2 2 2 2 2 2 2 2 2
left_child=8 3 5 7 -5 -3 -4 -2 10 -10 12 -12 -1 -11
right_child=1 2 6 4 -6 -7 -8 -9 9 13 11 -13 -14 -15
leaf_value=0.026448077528266847 0.0015854057405782079 0.0037122796085177407 -0.0051906974885480902 -0.00080506514412003588 -0.0079173790161464405 0.012987397636958182 0.0081632731026411564 0.01422216782880535 -0.018161482227729987 -0.0098906194454208146 0.011264665432716108 -0.013745983363446354 -0.010607594193186996 0.011719162799663708
leaf_weight=21.826823588242409 2469.9085529322547 1779.0997818087199 825.85430494672255 6266.1247738607271 1244.9863245519373 600.60334705327477 280.17029130106675 244.22715113431332 231.66217350053194 48.348556229102542 37.280419500253629 90.094966620585183 7.8543266885390031 33.115775257167115
leaf_count=680 73112 36248 23752 174069 31366 35004 7946 7257 7574 2272 948 2241 222 2025
internal_value=3.58382e-05 0.000376088 0.00360493 -0.000727053 -0.00199291 0.00609774 -0.00176513 0.00277054 -0.00968736 -0.013805 -0.00114296 -0.0061387 0.0164402 -0.000785252
internal_weight=14181.2 13711 3485.73 10225.2 7511.11 2379.7 1106.02 2714.14 470.183 313.127 157.057 127.375 29.6812 81.4643
internal_count=404716 388754 102950 285804 205435 71252 31698 80369 15962 11871 4091 3189 902 4297
is_linear=0
shrinkage=0.05


Tree=159
num_leaves=15
num_cat=0
split_feature=50 50 52 100 37 97 92 39 92 19 68 6 6 30
split_gain=19.5311 60.4803 21.7024 17.2373 28.0281 18.2277 15.8028 15.5503 14.5358 13.29 8.4475 6.99818 6.92237 6.52981
threshold=-0.22717005321119652 -0.22717005321119785 -0.37244897475502431 -0.27543348720681249 0.43147186671981091 1.0765836635101562 0.72942238971713602 0.30324038718864699 0.57259095850534591 1.0000000180025095e-35 -0.32754379645032605 2.198439020208697 -0.68246739596935302 0.73624549689073593
decision_type=2 2 2 2 2 2 2 2 2 2 2 2 2 2
left_child=1 11 10 7 6 -6 -5 8 -2 -4 -3 13 -9 -1
right_child=3 2 9 4 5 -7 -8 12 -10 -11 -12 -13 -14 -15
leaf_value=-0.00073265530982738025 -0.0026901350892419083 -0.023081475755730923 0.022215232024353142 0.0035690232695612216 -0.0078577260961894459 0.0073244024614709498 -0.0097677729961716964 0.010710251033731575 -0.01162880556401821 0.0033824585574808216 0.0074798496675907685 0.016804391278711858 0.00085929933711509647 -0.013572374956812098
leaf_weight=1386.7279345298448 3812.4511576851364 36.355702075641602 556.9123194203421 5051.8000236334628 1084.842147111387 232.96248694144742 222.85292999041849 221.26739147052285 508.52229819023341 116.99719346694474 36.940607570111752 43.20232683334325 788.28173355050239 96.768683261507249
leaf_count=38236 64293 2804 19864 121457 32785 8924 47022 5227 37257 4395 523 1223 17689 2740
internal_value=0.000460651 0.00469652 0.0162503 -0.000350457 0.00135825 -0.00513887 0.00298813 -0.00246227 -0.00376652 0.0190429 -0.00863003 -0.00102713 0.00310225 -0.00165546
internal_weight=14196.9 2273.9 747.206 11923 6592.46 1317.8 5274.65 5330.52 4320.97 673.91 73.2963 1526.7 1009.55 1483.5
internal_count=404439 69785 27586 334654 210188 41709 168479 124466 101550 24259 3327 42199 22916 40976
is_linear=0
shrinkage=0.05


Tree=160
num_leaves=13
num_cat=0
split_feature=51 80 92 92 44 104 99 51 92 104 30 85
split_gain=22.8983 18.3026 45.2182 35.7494 34.6226 33.5044 27.291 14.7054 9.13084 3.32141 2.58501 1.78172
threshold=3.020969033001045 -0.13233454860656232 -0.11766328887695025 -0.10561616189167912 -0.27791670730447771 -0.30972704600291451 0.17694937409633668 0.91851354367897697 -2.0030884045136608 -0.41497560830204172 -0.47271518319406375 -0.092551310639096482
decision_type=2 2 2 2 2 2 2 2 2 2 2 2
left_child=1 2 7 6 -5 -4 -3 -1 9 11 -10 -2
right_child=8 3 5 4 -6 -7 -8 -9 10 -11 -12 -13
leaf_value=-0.0076365719131568852 0.025942577380378803 0.0037951111484221798 0.013433540403672246 -0.0073811956939173655 0.00037500140583959644 -0.0011327703087978113 -0.0057116030193926845 0.0078820249052612319 0.00014401216060796164 -0.014121926396500792 -0.032459205964103448 -0.0025934797469603192
leaf_weight=787.83649772079661 6.5264038103632638 4704.1369580023456 1197.9349775329283 2746.1455005537246 3008.3571523684113 584.24082360701868 889.67036770493723 180.16341723385267 6.4855925883166483 4.2622307047713539 69.816790141376259 5.7001055194996306
leaf_count=20330 320 78299 39032 95743 102205 43761 16319 5552 211 223 2398 404
internal_value=0.000147761 0.000318971 0.0039707 -0.000568716 -0.00333277 0.00867867 0.00227562 -0.0046972 -0.0233659 0.00704486 -0.0299924 0.0174575
internal_weight=14191.3 14098.5 2750.18 11348.3 5754.5 1782.18 5593.81 968 92.7911 16.4887 76.3024 12.2265
internal_count=404797 401241 108675 292566 197948 82793 94618 25882 3556 947 2609 724
is_linear=0
shrinkage=0.05


Tree=161
num_leaves=15
num_cat=0
split_feature=84 30 49 72 51 58 96 26 73 16 86 51 40 15
split_gain=15.6939 16.0713 16.396 15.6753 24.8075 16.86 16.2769 15.2932 13.9423 12.0092 10.5047 11.9161 9.93362 7.18256
threshold=1.0000000180025095e-35 0.11739676169207165 -1.4969731539634457 -0.035653946070552216 0.74330891956880374 0.92398218772822138 1.1621743370559976 0.94451020354348458 -0.54153636624931656 0.3233509331995536 0.27828117679035919 -1.0087373215329147 -0.1664799204031141 0.084527504039908746
decision_type=2 2 2 2 2 2 2 2 2 2 2 2 2 2
left_child=3 10 -3 4 7 6 -5 -1 -6 -7 12 -12 -2 -4
right_child=1 2 13 5 8 9 -8 -9 -10 -11 11 -13 -14 -15
leaf_value=-0.00084901997916157984 -0.0029252632180175112 -0.0016019509085971545 0.038451498584729807 0.0010123523363693872 -0.024510901197016703 -0.015225202421740358 0.0092909959988630303 -0.011053566763760077 -0.0068541234667270374 0.011072341953920317 -0.004294456929472521 0.029079302873832563 0.012624592239137998 0.0017397435064959541
leaf_weight=8222.0524368812694 484.10345322918147 52.513609965681098 74.828683517291211 3180.6378054557499 154.62578187427425 214.81011042499813 720.92447965077736 374.475154925065 388.70689481056615 46.112455034726736 38.790172612178139 62.348363194381818 119.66279458669305 16.965132368728518
leaf_count=208252 5728 854 925 111725 5556 11581 30125 9509 14414 2267 685 742 1480 210
internal_value=-0.000387874 0.00616196 0.0207933 -0.000810325 -0.001968 0.00173028 0.00256191 -0.00130587 -0.0122312 -0.0103405 0.00291769 0.0170446 0.000312101 0.032504
internal_weight=14151.6 849.212 144.307 13302.3 9139.86 4162.48 3901.56 8596.53 543.333 260.923 704.905 101.139 603.766 91.7938
internal_count=404053 10624 1989 393429 237731 155698 141850 217761 19970 13848 8635 1427 7208 1135
is_linear=0
shrinkage=0.05


Tree=162
num_leaves=15
num_cat=0
split_feature=57 79 12 44 59 13 80 60 48 75 86 32 23 45
split_gain=18.2182 17.2786 32.6199 22.3918 19.3831 20.6201 14.2854 11.5981 5.32898 5.8935 4.2671 3.59906 4.16489 3.53229
threshold=-2.5113975285275756 -0.028606634526960144 0.63354132970383648 -0.37796841048275687 0.36774694546650288 -0.50898271731252975 0.48126888944087864 0.28841108034007651 0.17266371392008556 -0.3015428270820748 -0.17721736496070581 2.1296028643396547 1.395632161067885 -0.53182087247461396
decision_type=2 2 2 2 2 2 2 2 2 2 2 2 2 2
left_child=8 4 3 -3 5 -2 -4 -6 9 13 -11 12 -10 -1
right_child=1 2 6 -5 7 -7 -8 -9 11 10 -12 -13 -14 -15
leaf_value=0.0041300050329278765 0.010765449029688692 -0.0029503274483150569 -0.0135189472215493 0.0020907946271583881 0.0065835648711879691 0.0021381061774516292 0.0045500168358326831 -0.0085180831708707074 -0.023244389915999423 0.024444480032711526 -0.0071629011520386076 0.0071651310868335108 0.0080884837229398873 -0.017556062687573488
leaf_weight=22.591761453193612 996.22109510755035 3579.0550849663123 640.59118371671502 5693.1631319275657 163.46121581812622 2244.3330093027798 126.36400456613774 479.3749691738667 124.42540221279341 16.330349716492496 11.921614881048297 7.4531951608951195 6.7225408436352145 50.054966619718471
leaf_count=666 37854 89566 17035 146338 7452 68973 5432 23561 3868 823 484 264 253 1310
internal_value=0.000175617 0.000415307 -0.000680613 0.000143851 0.0032429 0.00481531 -0.0105216 -0.00463599 -0.0132162 -0.0039055 0.0127212 -0.0192752 -0.021179 -0.0111284
internal_weight=14162.1 13922.6 10039.2 9272.22 3883.39 3240.55 766.955 642.836 239.5 100.899 28.252 138.601 131.148 72.6467
internal_count=403879 396211 258371 235904 137840 106827 22467 31013 7668 3283 1307 4385 4121 1976
is_linear=0
shrinkage=0.05


Tree=163
num_leaves=15
num_cat=0
split_feature=84 85 81 80 78 78 81 92 98 51 40 27 8 40
split_gain=17.6684 18.5134 16.2242 45.4511 23.0478 51.7984 39.5371 20.9508 17.1475 15.1215 9.35902 12.9314 5.47088 5.22169
threshold=1.0000000180025095e-35 -0.12948006670716258 0.080479461017542844 -0.44798595511899936 -0.36021717813447501 -0.43672188431391407 0.024718613925668039 0.1180592039383012 -0.46840556459655919 -0.32543928750324441 -0.13503216066488186 -0.15929536076202414 -0.14846028798353325 -0.6696440762148469
decision_type=2 2 2 2 2 2 2 2 2 2 2 2 2 2
left_child=2 10 4 8 5 -1 -6 -5 -4 12 11 -2 -3 -11
right_child=1 9 3 7 6 -7 -8 -9 -10 13 -12 -13 -14 -15
leaf_value=-0.00016878563882388275 -0.011917184002373332 0.014417999684614564 0.032359964194004387 0.0032495736453612995 0.006924785151912612 -0.010327677330963276 -0.0045756134368896877 -0.0037587508722508401 0.0078290564318541402 0.011634073253903175 0.011971086331073747 0.0087466951721825951 -0.0015282447200670262 0.029238332914870269
leaf_weight=3590.9096241019943 210.45739075404708 74.231846119160764 144.19479551877885 2778.0059591641184 1640.8936872728809 1919.0030450647755 1356.2257151809572 1717.0709091090139 148.11256394634256 89.656808785453904 99.569710274619865 106.59189481043722 144.23191517952364 130.63162982935319
leaf_count=79089 2552 1217 4043 31581 84966 48745 73700 66476 5098 941 1242 1256 2209 1193
internal_value=-4.23098e-05 0.00688055 -0.000492568 0.00183346 -0.00180217 -0.00371924 0.00172283 0.000570068 0.0206003 0.0139275 -0.000693286 -0.00491497 0.00428405 0.0228898
internal_weight=14149.8 855.371 13294.4 4787.38 8507.03 5509.91 2997.12 4495.08 292.307 438.752 416.619 317.049 218.464 220.288
internal_count=404308 10610 393698 107198 286500 127834 158666 98057 9141 5560 5050 3808 3426 2134
is_linear=0
shrinkage=0.05


Tree=164
num_leaves=15
num_cat=0
split_feature=50 50 92 97 44 16 48 50 52 37 102 37 41 68
split_gain=15.8602 48.2448 16.6553 13.8951 15.6712 20.606 15.4048 13.3831 30.9801 17.6582 11.8463 8.13988 9.81092 6.42709
threshold=-0.22717005321119652 -0.22717005321119785 -1.8787134383408024 0.92488087973702582 0.63346181137686319 -0.15292630006571908 -0.2722452417764189 0.5279538272048846 -0.37244897475502431 -0.34475709891244727 1.0000000180025095e-35 -0.52618183260719731 -0.37069669582560094 -0.32754379645032605
decision_type=2 2 2 2 2 2 2 2 2 2 2 2 2 2
left_child=1 11 13 4 6 -6 -2 9 -9 -5 -4 -1 -13 -3
right_child=3 2 10 7 5 -7 -8 8 -10 -11 -12 12 -14 -15
leaf_value=-0.011906762042501171 -0.0035470810089850906 -0.020247580279906432 0.019275789947088645 -0.0041484311452901421 0.0061746567579242769 -0.011025128825885267 0.00096251280015211135 0.041844835390648344 0.0043947022176824462 0.0039563750679843428 0.00029305165669803326 0.0057659828298105495 -0.0032017103430147034 0.00609764969544017
leaf_weight=156.56634300217775 3536.1260066941613 36.135411785682663 566.69502144985745 1137.0913003093738 211.10848964503384 854.27218143701248 4057.0300015217072 55.09816411184147 385.91074482735712 1613.1308298511212 96.210195705585647 449.44235161948382 897.29559818408597 39.4010766800493
leaf_count=4499 87890 2834 20924 42238 5854 25019 100992 1961 10943 59107 3047 12626 24826 549
internal_value=-0.000171953 0.00367513 0.0140485 -0.000902231 -0.00194119 -0.00759121 -0.0011395 0.00191396 0.00989766 0.000602519 0.016566 -0.00147956 -0.000188512 -0.00739918
internal_weight=14091.5 2241.75 738.442 11849.8 8658.54 1065.38 7593.16 3191.23 441.009 2750.22 662.905 1503.3 1346.74 75.5365
internal_count=403309 69305 27354 334004 219755 30873 188882 114249 12904 101345 23971 41951 37452 3383
is_linear=0
shrinkage=0.05


Tree=165
num_leaves=15
num_cat=0
split_feature=88 99 103 34 28 28 48 39 75 103 72 27 88 29
split_gain=17.1069 18.3512 19.9925 20.0277 15.3363 19.2321 14.9509 11.452 11.2099 10.5906 9.98764 5.6785 4.92944 4.89662
threshold=-0.038997599200382933 -0.4250931594078548 0.5390628957984559 -1.1242563057965553 -0.53198785952636396 1.0000000180025095e-35 -0.45712294971787176 0.1144766490536538 -0.31802394036759268 -0.88244624939838068 0.48191833817868351 0.89617915183814778 0.020382673770731771 -0.40573123086746715
decision_type=2 2 2 2 2 2 2 2 2 2 2 2 2 2
left_child=1 7 3 -3 11 8 -4 10 -6 -9 -1 12 -2 -7
right_child=4 2 6 -5 5 13 -8 9 -10 -11 -12 -13 -14 -15
leaf_value=-0.009084578257906822 0.0099440105302836552 0.0088787061269126003 -0.00094376357725711876 -0.0020754343483682246 0.013547318762341644 0.012955186515566637 0.0055287455783364662 0.022711753822972719 0.0027520498495893185 -0.0012328310000553515 0.0063847548334342906 0.0028066416212687824 -0.013506487050976202 -0.0035347658124528568
leaf_weight=1129.9301864657646 18.333911211600935 436.14985551175414 1412.8714899378538 6472.9401755089802 755.41396954392258 40.306830660963897 2399.1106755345754 46.597048948133306 359.48188271270919 246.08206437068293 107.83779003629752 120.6058589676104 167.13425199189805 430.14907120495263
leaf_count=23587 410 15868 40077 190103 16442 1270 68025 929 18645 4674 3415 3170 4064 13898
internal_value=0.00018279 -0.000501641 0.000231368 -0.0013721 0.00459545 0.00657037 0.00313358 -0.00560468 0.010122 0.00320376 -0.00769648 -0.00551815 -0.0107982 -0.00188173
internal_weight=14142.9 12251.5 10721.1 6909.09 1891.43 1585.35 3811.98 1530.45 1114.9 292.679 1237.77 306.074 185.468 470.456
internal_count=404577 346678 314073 205971 57899 50255 108102 32605 35087 5603 27002 7644 4474 15168
is_linear=0
shrinkage=0.05


Tree=166
num_leaves=15
num_cat=0
split_feature=57 28 26 44 85 27 37 92 61 27 85 54 92 72
split_gain=16.365 16.6786 16.6159 30.9828 22.5229 15.7826 12.8585 11.2113 9.28311 7.30364 14.5863 5.34721 4.60552 3.64048
threshold=-0.067094722231471102 -0.57268005143408318 0.25079368290118276 -0.27791670730447771 -0.059449548628395542 -0.049350099032839587 0.29072884568325902 -1.8787134383408024 -0.46863554098608334 0.91816820418398459 0.5311995991966677 -0.057061963322640477 0.35376940734288759 2.3827810689900817
decision_type=2 2 2 2 2 2 2 2 2 2 2 2 2 2
left_child=8 5 3 -3 -4 7 -7 -2 9 10 -1 -10 -13 -11
right_child=1 2 4 -5 -6 6 -8 -9 11 13 -12 12 -14 -15
leaf_value=-0.0092808278628690472 0.0077559990510786261 -0.00019593431627663556 0.0011858766665866457 0.0061959784942769904 -0.007381355461709942 0.0027701901723466258 -0.007416418602020922 -0.010955813932024539 -0.0085228209778082688 -0.020469255238758241 0.020147459282583848 0.023956839827737997 -0.0065278756383003733 0.0075553116123352809
leaf_weight=351.31058195038349 82.866973034106195 4188.630108055233 2521.9251077965346 3452.5132801302279 1091.2052120515655 1041.807015452694 429.14021145771403 713.56334288614016 25.04198915426241 149.20112929526658 38.17579585032945 37.013539044186473 11.920598354226966 7.5531638516404191
leaf_count=10348 3864 118605 78554 100195 32690 25415 12310 14418 626 4283 1289 669 647 364
internal_value=0.000221234 0.000587886 0.00137649 0.00269646 -0.00141475 -0.00331526 -0.000231705 -0.00893685 -0.00765484 -0.00990354 -0.00596426 0.00815165 0.016683 -0.0187468
internal_weight=14141.9 13521.7 11254.3 7641.14 3613.13 2267.38 1470.95 796.43 620.217 546.241 389.486 73.9761 48.9341 156.754
internal_count=404277 386051 330044 218800 111244 56007 37725 18282 18226 16284 11637 1942 1316 4647
is_linear=0
shrinkage=0.05


Tree=167
num_leaves=12
num_cat=0
split_feature=100 41 86 40 21 103 86 86 51 45 86
split_gain=15.024 14.6693 15.9075 16.2352 15.9359 11.4736 10.5524 9.05868 5.90183 5.49865 0.684294
threshold=4.5948921618455776 1.8640643802412133 2.8871284821241483 -0.41806199830898055 -0.81180779383139401 0.68855571242521207 0.57198715489893714 -0.054993867194461969 0.74330891956880374 0.83484461650566477 -0.23412570106243516
decision_type=2 2 2 2 2 2 2 2 2 2 2
left_child=1 2 4 -4 -1 9 8 -7 10 -3 -2
right_child=6 5 3 -5 -6 7 -8 -9 -10 -11 -12
leaf_value=-0.0055767598843808408 0.0086343764404088388 -0.013180383757196766 -0.0083277665196081242 0.033406078599173022 0.00028083333202910465 -0.0054489370825789394 -0.011469279098842671 0.014380726831136895 -0.00010891893789535218 0.0042395083244957275 0.052025071353849872
leaf_weight=1275.0706142837225 5.6931308676867074 454.98464993947709 30.165594892285299 58.76836958945205 12030.790657521749 148.22160940911272 9.3634052286215574 80.764515171234962 8.1313189901993592 45.53227999660885 17.862324488611197
leaf_count=32566 348 12815 905 1979 347063 4563 358 1990 277 1208 582
internal_value=-0.000417022 -0.000514522 -0.000135943 0.0198394 -0.000284253 -0.00736999 0.0266597 0.00185417 0.0379752 -0.0115437 0.0472364
internal_weight=14165.3 14124.3 13394.8 88.934 13305.9 729.503 41.0502 228.986 31.6868 500.517 23.5555
internal_count=404654 403089 382513 2884 379629 20576 1565 6553 1207 14023 930
is_linear=0
shrinkage=0.05


Tree=168
num_leaves=15
num_cat=0
split_feature=103 103 34 46 44 61 80 74 34 13 51 96 100 23
split_gain=17.9942 26.7154 16.4049 22.6111 14.5025 13.0816 15.2922 10.9161 5.49218 4.3011 3.14209 2.8751 2.57931 1.37833
threshold=1.6537468726684661 1.2179796862601657 1.4071604391547734 0.32448290253278284 1.018788652911977 -0.31428090582658103 -1.2234696340947944 0.32833906895256321 -1.419385421494006 -0.98019547226503578 -0.30791882509222573 0.81485457769831127 -0.26919361796298064 -0.41668261022163994
decision_type=2 2 2 2 2 2 2 2 2 2 2 2 2 2
left_child=1 2 3 -1 -4 6 -3 -7 12 10 -10 -11 -2 -14
right_child=8 5 4 -5 -6 7 -8 -9 9 11 -12 -13 13 -15
leaf_value=-0.0014881249781707991 -0.029559181798995977 -0.016472350141794833 -0.0036960600671457748 0.0037631396790619841 -0.018057100426006473 0.0078313855813463926 0.0036788218740615728 0.025115301884600483 -0.0072368375046918719 -0.016698431040108694 0.021794604930211549 0.0026636078017606576 -0.012657967696666432 0.0076271620494643734
leaf_weight=7874.2665432333633 57.119763644266641 93.252549555545556 1053.9332580296432 2760.1445159631021 203.20297407016187 768.00038329952076 1069.5664058376569 97.818355540992343 10.052679463988172 64.001609372353414 10.827760244108502 22.5319240600802 7.0017077950178646 7.3046900575282034
leaf_count=223794 1643 3373 29294 84411 6283 20658 28861 2955 196 1616 331 570 204 211
internal_value=-6.56715e-05 0.000142203 -0.00076381 -0.000122913 -0.00614156 0.0054308 0.00193612 0.0100486 -0.0153965 -0.00715625 0.0100003 -0.0119032 -0.0253877 -0.00342385
internal_weight=14099 13920.2 11891.5 10634.4 1257.14 2028.64 1162.82 865.819 178.84 107.414 20.8804 86.5335 71.4262 14.3064
internal_count=404400 399629 343782 308205 35577 55847 32234 23613 4771 2713 527 2186 2058 415
is_linear=0
shrinkage=0.05


Tree=169
num_leaves=10
num_cat=0
split_feature=103 60 59 103 41 50 26 88 88
split_gain=19.6991 19.0391 20.6685 17.6961 18.6744 17.9592 13.0329 6.45631 0.876036
threshold=1.6668440520615577 -1.180299949167176 -1.7518330409443423 1.3735446897368455 0.65679555635115838 -0.22717005321119652 0.80576689941502233 1.0000000180025095e-35 0.080614687748391436
decision_type=2 2 2 2 2 2 2 2 2
left_child=1 2 7 5 -5 -3 -4 -1 -2
right_child=8 3 6 4 -6 -7 -8 -9 -10
leaf_value=-0.01965255978408207 -0.030930860737051161 0.0050921310429291088 -0.0012235487397632392 0.0035919926613561708 0.01905484915538673 -0.00050638340949156545 -0.016645855319862617 0.0062412281877812 -0.0051860956100783645
leaf_weight=222.30585591547424 42.71386584918946 1710.2778332763373 2286.7604592527532 927.52641902396135 239.78099925143761 8553.8126151428351 135.89671845916018 22.216255901083059 8.4077146211639029
leaf_count=6827 1328 55416 53192 25533 7486 250065 3770 601 243
internal_value=8.62572e-05 0.000208903 -0.00358703 0.00109693 0.00690315 0.00043053 -0.00215352 -0.0171472 -0.028238
internal_weight=14149.7 14098.6 2667.18 11431.4 1167.31 10264.1 2422.66 244.522 51.1216
internal_count=404461 402890 64390 338500 33019 305481 56962 7428 1571
is_linear=0
shrinkage=0.05


Tree=170
num_leaves=15
num_cat=0
split_feature=79 26 85 72 27 52 81 40 27 60 104 9 48 104
split_gain=19.4055 17.8062 21.0021 20.4176 16.4968 16.0686 15.5334 14.7864 16.267 19.6712 11.8336 6.0069 5.41574 12.0636
threshold=-0.43367091710815364 0.38953698702964235 -0.218332935205409 -0.81266239131548379 -1.027862928422582 -0.37244897475502431 -0.18152538282533803 -0.29227095935604819 0.61581873442872703 0.65272151277624635 -0.43039905739644052 0.052186344900714034 0.85656092622383406 -0.34892777657576451
decision_type=2 2 2 2 2 2 2 2 2 2 2 2 2 2
left_child=7 2 6 -4 5 -3 -2 12 9 -9 -6 -10 -1 -14
right_child=1 4 3 -5 10 -7 -8 8 11 -11 -12 -13 13 -15
leaf_value=-0.0087630763476145481 0.0061727572122935309 0.054624114471003786 0.0054438809754008312 -0.00064180276061328266 -0.012756606694046624 0.0028295680642013133 -0.0036595181832953863 0.013833053052940719 0.0027819702930674834 0.0014529775853358339 -0.0033485422152884428 -0.0066895535556187394 0.012413732420944571 -0.016119910088764355
leaf_weight=266.00427726810449 436.22474435816548 10.133460552431641 2329.5059676356504 3349.8764176559962 573.53531664708862 63.243292560146074 4092.3385751645801 803.07858451726497 513.18365543440814 534.29419056862025 806.14098890937021 236.17463291402237 100.21281916915905 46.027965048517217
leaf_count=7905 17147 407 40480 102181 14081 1680 111499 28576 16672 23722 27890 7403 2947 1772
internal_value=-4.62313e-05 -0.000903807 -0.000164273 0.00185954 -0.00606252 0.0156761 -0.00270089 0.00394313 0.00565017 0.00893458 -0.00732315 -0.000251946 -0.00462684 0.00297609
internal_weight=14160 11661 10207.9 5679.38 1453.05 73.3768 4528.56 2498.98 2086.73 1337.37 1379.68 749.358 412.245 146.241
internal_count=404362 315365 271307 142661 44058 2087 128646 88997 76373 52298 41971 24075 12624 4719
is_linear=0
shrinkage=0.05


Tree=171
num_leaves=15
num_cat=0
split_feature=103 99 86 52 54 42 80 54 75 100 41 29 68 44
split_gain=14.3567 17.0244 19.558 19.1533 25.4423 24.1671 14.9271 10.2657 8.33004 8.08527 7.52518 7.2837 6.7064 5.63662
threshold=-1.5966829838425856 -0.37087344111652043 -0.14968834227039995 -0.37244897475502431 -0.052155680786601565 0.20583954677117433 0.087639811042047613 -0.045867999683290438 0.035012773332365819 -0.2141100627959541 -0.6818484545601512 -0.26951273382279456 -0.28777614414408198 1.7859256452910117
decision_type=2 2 2 2 2 2 2 2 2 2 2 2 2 2
left_child=8 2 6 4 -3 -5 -2 -4 9 11 -10 -1 -11 -12
right_child=1 3 7 5 -6 -7 -8 -9 10 12 13 -13 -14 -15
leaf_value=0.012133091621098711 0.0012478983473196022 -0.015963282155407748 0.0060472598263000476 0.0043963492039434306 0.0013128531369860765 -0.0011684284333167896 -0.006481780636112028 -0.0024163945350932346 0.019283078935582336 -0.021116122244878688 -0.013645271938291396 -0.010221417303380737 0.0045653646881538721 0.013763639181461465
leaf_weight=45.965179306193022 842.08669787952749 343.37919810041785 844.89374942216818 4893.5740605267711 533.42368807049934 3234.5667198368792 2376.623902901134 609.32604898820864 35.942526255494158 193.13963218705612 54.023437393741915 95.516352299106074 25.417217575552058 17.419443053600844
leaf_count=1150 29955 17257 17138 140464 24823 92545 53190 12534 1722 6151 2265 2452 1583 757
internal_value=-0.000143518 0.000153866 -0.00229195 0.0014242 -0.00555665 0.00218315 -0.00446192 0.00250866 -0.00866659 -0.0122347 0.00331973 -0.00263726 -0.0180604 -0.00609293
internal_weight=14145.3 13677.9 4672.93 9004.94 876.803 8128.14 3218.71 1454.22 467.424 360.038 107.385 141.482 218.557 71.4429
internal_count=403986 387906 112817 275089 42080 233009 83145 29672 16080 11336 4744 3602 7734 3022
is_linear=0
shrinkage=0.05


Tree=172
num_leaves=15
num_cat=0
split_feature=59 104 93 79 81 73 51 52 36 84 75 28 61 35
split_gain=16.6893 16.9612 55.0408 31.2791 21.9782 34.3271 23.0009 21.9116 6.77867 6.44652 4.0836 3.56115 2.10088 1.15163
threshold=-2.6359542619268068 -0.44264194869784262 -0.010830459807114301 0.040549928158585651 0.073201548688573981 -0.0338652659329488 -0.25535743785917348 -0.37244897475502431 -0.65452110794067131 1.0000000180025095e-35 -0.3015428270820748 -0.30139877204929727 -0.56946662749833188 -0.41979337766079217
decision_type=2 2 2 2 2 2 2 2 2 2 2 2 2 2
left_child=8 4 7 -4 6 -6 -2 -3 12 10 -10 -11 -1 -14
right_child=1 2 3 -5 5 -7 -8 -9 9 11 -12 -13 13 -15
leaf_value=0.021318112843372056 0.0053330440417431041 -0.0053062181160525683 -0.0019165619729755634 -0.013321982946093587 0.0036257610012716702 0.024967407234788255 -0.007558256732744505 0.0020754122343805987 -0.022955999174982065 -0.0098073820960405036 -0.0051531563154827934 0.017628443154105486 -0.011387816575835055 0.0072152160934178229
leaf_weight=8.1767899359983875 568.31126098375535 1188.0410722538363 1171.281235699309 1233.4691556278885 2446.9416305786799 194.78461039133254 853.54896188456405 6245.5780936425144 143.25352126212238 14.005038580158727 49.585769405319297 14.390449670376254 6.7667977490928024 7.156809010775758
leaf_count=254 10696 49115 75132 76056 32500 4196 32476 116748 4442 247 1880 225 193 214
internal_value=-0.000348664 -0.000116819 -0.00123915 -0.00779769 0.00259684 0.00528758 -0.0024044 0.000890136 -0.0130667 -0.0157009 -0.018858 0.00506672 0.00997956 -0.00280673
internal_weight=14145.3 13902 9838.37 2404.75 4063.59 2641.73 1421.86 7433.62 243.335 221.235 192.839 28.3955 22.1004 13.9236
internal_count=404374 396919 317051 151188 79868 36696 43172 165863 7455 6794 6322 472 661 407
is_linear=0
shrinkage=0.05


Tree=173
num_leaves=15
num_cat=0
split_feature=43 60 80 52 81 41 103 51 93 104 41 81 45 60
split_gain=17.1218 18.6034 17.2923 30.9451 19.7494 14.5113 13.3143 13.2257 12.7804 15.4905 11.6013 10.5736 9.2734 5.47374
threshold=0.25577280568813271 0.83272570116614786 -0.063269327949939794 -0.35905268784198824 0.080479461017542844 1.6372693205413633 1.3869191317049456 1.4441274160094955 -0.017085163074082081 -0.26337948588560228 -0.91555799778743552 -0.66290729829856765 -0.39900193318171578 0.59645108705788819
decision_type=2 2 2 2 2 2 2 2 2 2 2 2 2 2
left_child=1 2 4 -4 -1 7 12 11 10 -10 -3 -2 -7 -9
right_child=5 8 3 -5 -6 6 -8 13 9 -11 -12 -13 -14 -15
leaf_value=0.0019390043504646606 0.015474338313451727 0.010585274983952508 0.003414604507030781 -0.0035121483683326969 0.01637539497086191 -0.024179058945766881 0.021389880242063689 -0.023095856568398614 -0.0057460508947523138 -0.019766991892366938 -0.0035615045142991034 0.0038547895453477144 -0.0043312385648474087 -2.1831119525350587e-05
leaf_weight=1356.5757839410471 204.03497407117175 167.31024457144667 2411.2116853380576 4819.4495478562603 277.98973903877049 79.957220714626601 26.654224558878923 50.729148379658 948.17241087984257 244.13806767753704 784.79179367393954 2541.1743096732971 187.21064126105921 44.596156721825537
leaf_count=50938 8370 3940 47837 127707 7939 2484 875 1839 29420 20435 20158 75467 5268 1745
internal_value=-0.000234157 -0.00116261 -0.000149689 -0.00120076 0.00447884 0.00302042 -0.00738991 0.0041194 -0.00533 -0.00875752 -0.000991347 0.00477143 -0.0109293 -0.0133281
internal_weight=14144 11009.6 8865.23 7230.66 1634.57 3134.36 293.822 2840.53 2144.41 1192.31 952.102 2745.21 267.168 95.3253
internal_count=404422 308374 234421 175544 58877 96048 8627 87421 73953 49855 24098 83837 7752 3584
is_linear=0
shrinkage=0.05


Tree=174
num_leaves=14
num_cat=0
split_feature=51 78 13 103 61 92 80 104 51 104 24 13 31
split_gain=15.5687 15.1815 13.805 14.0543 12.0891 7.01376 5.98744 5.33664 3.24433 2.7886 1.68126 0.881354 0.936894
threshold=3.196173657111216 1.3605922487159068 -0.92129387789597261 -1.5966829838425856 0.62961684144956587 -2.0030884045136608 0.18585251304448586 0.15600493917049529 5.8242430187637977 -0.30972704600291451 -0.60016976984724957 1.9845181109778152 -1.6961117624453881
decision_type=2 2 2 2 2 2 2 2 2 2 2 2 2
left_child=1 2 4 -4 -1 8 7 -3 10 -8 -2 12 -7
right_child=5 6 3 -5 -6 11 9 -9 -10 -11 -12 -13 -14
leaf_value=0.002538591834006957 0.0075800925957103284 -0.0121710094963043 -0.0095261857605385743 0.00029362448438063947 0.012322552385677088 -0.0040143207520447711 -0.0036444819856194608 0.016134780978369338 0.024089251041177536 -0.023983461187081077 -0.016909801653004635 -0.0031077565840814457 -0.031250764294999817
leaf_weight=1651.62116126607 4.6508548939600578 27.071320482536976 366.29240251143347 11490.821627611531 382.89991244925477 6.7420075567788436 25.178509401768679 20.245073640864575 3.7583531769923857 88.532915927029535 6.2184518463909617 6.1404245948651797 49.397239050500502
leaf_count=46940 270 3834 12512 314662 11929 258 1145 5625 223 5127 352 213 1756
internal_value=0.000324769 0.000454923 0.00063676 -1.75029e-05 0.00443121 -0.0207732 -0.0143518 0.000642089 0.00683104 -0.0201385 -0.0078199 -0.0273047 -0.0290813
internal_weight=14129.6 14052.7 13891.6 11857.1 2034.52 76.9073 161.028 47.3164 14.6277 113.711 10.8693 62.2797 56.1392
internal_count=404846 401774 386043 327174 58869 3072 15731 9459 845 6272 622 2227 2014
is_linear=0
shrinkage=0.05


Tree=175
num_leaves=15
num_cat=0
split_feature=78 40 52 68 59 97 92 61 80 44 93 86 92 85
split_gain=16.1662 14.6268 25.0769 42.061 21.3735 19.4898 18.7821 8.11617 5.41279 3.82066 4.38912 3.7654 1.91137 1.80482
threshold=1.2803533842586619 0.21089319645568522 -0.37244897475502431 -0.32754717030309427 1.0000000180025095e-35 0.95850829465200926 -1.3491805454866714 2.3232788001180502 0.18585251304448586 -0.29328067396641261 -0.013991251079958024 0.023121512466836011 -0.38453212201828324 -0.051576033418083894
decision_type=2 2 2 2 2 2 2 2 2 2 2 2 2 2
left_child=1 2 3 -1 -4 7 -7 -3 9 13 -11 -10 -13 -2
right_child=8 5 4 -5 -6 6 -8 -9 11 10 -12 12 -14 -15
leaf_value=-0.014913761506684945 -0.014814848740320137 -0.0053562184899641901 0.0029569923641820303 0.0050883439346903741 -0.0053867154801009141 0.018926830779329135 0.00047251667081944332 0.0099248247951144002 -0.023533613862784405 0.023647645788962581 -0.011339275770130948 0.0093193935809565091 -0.010581818790835225 0.0079671358290131795
leaf_weight=575.41595601267181 26.681742519787807 2445.3497077894208 8254.5158874379886 469.86282668635249 836.94278865410524 147.3317967846524 1119.5285502477345 81.150057944600121 101.42375114779861 14.934790343751958 6.6075260281868387 11.341923919739203 18.47254166851053 4.4617673712455135
leaf_count=42357 3456 65837 195650 6385 30147 5888 38062 2093 5736 565 5822 141 1229 289
internal_value=0.000148691 0.000348032 0.00133903 -0.00595961 0.00218381 -0.00229671 0.00275012 -0.00482821 -0.0141885 -0.000428866 0.0127236 -0.0192908 -0.00257187 -0.0104079
internal_weight=14114 13930.1 10136.7 1045.28 9091.46 3793.36 1266.86 2526.5 183.924 52.6858 21.5423 131.238 29.8145 31.1435
internal_count=403657 386419 274539 48742 225797 111880 43950 67930 17238 10132 6387 7106 1370 3745
is_linear=0
shrinkage=0.05


Tree=176
num_leaves=15
num_cat=0
split_feature=65 51 51 73 51 61 38 75 51 28 96 50 47 13
split_gain=15.6489 16.3704 16.6065 26.6346 25.9947 13.74 9.49465 9.93408 8.48781 8.14849 7.07414 6.41655 7.16973 3.71725
threshold=1.0000000180025095e-35 -2.5855789385244647 -0.30791882509222573 -0.52988121054258541 -0.30791882509222701 2.0481110114909717 1.2988584642987482 0.022469078990463503 -0.32543928750324441 0.51244506610505669 -1.4045083626654578 1.2830777076209761 -2.2687602352535756 2.0630535701365664
decision_type=2 2 2 2 2 2 2 2 2 2 2 2 2 2
left_child=1 11 4 -4 -3 6 7 -2 -7 -8 -10 13 -13 -1
right_child=5 2 3 -5 -6 8 9 -9 10 -11 -12 12 -14 -15
leaf_value=-0.024333581429467024 -0.00389745659507664 0.0019191388729507431 -0.0065828775549205817 0.0010596640226851557 0.015737851908827715 -0.012708431196740661 -0.013074735767691399 0.011331824135895372 0.00047844637830345062 0.013867220129619929 0.030871054236018849 0.02615115989988966 -0.0097842124094074303 0.0047804841130075189
leaf_weight=94.467034920173319 1788.7933180735745 5426.9350146764336 1549.6061397497506 4229.7267070757734 353.50996782969378 16.917049159994349 389.7574346711699 104.29542909024167 29.082330853132589 22.190923783666221 47.89639817889838 8.9481555798556638 41.90065266568854 8.936025436036287
leaf_count=2745 45523 98767 60355 172959 5162 322 10007 3404 722 611 1603 285 1436 261
internal_value=-7.8925e-05 0.000675302 0.000897259 -0.000997353 0.00278996 -0.00374934 -0.00453378 -0.0030033 0.0140905 -0.0113292 0.0207639 -0.0150003 -0.000201989 -0.0216179
internal_weight=14113 11714 11559.8 5779.33 5780.44 2398.93 2305.04 1893.09 93.8958 411.948 76.9787 154.252 50.8488 103.403
internal_count=404162 341970 337243 233314 103929 62192 59545 48927 2647 10618 2325 4727 1721 3006
is_linear=0
shrinkage=0.05


Tree=177
num_leaves=15
num_cat=0
split_feature=43 23 44 88 100 93 74 52 81 44 43 40 61 68
split_gain=13.6291 17.46 16.273 13.8145 16.4926 15.9488 19.1573 17.9792 14.4262 14.2946 13.0926 12.4657 11.2037 10.2103
threshold=0.32655589871069135 0.050152352615991776 0.56350393663941434 -0.038997599200382933 -0.27026368936107775 -0.011604747166555093 -0.0064252982552970772 -0.37244897475502431 0.052407513462948481 0.42570760570417848 0.81131383182416783 0.1479976769792174 -0.56440177352766863 -0.21446146930684187
decision_type=2 2 2 2 2 2 2 2 2 2 2 2 2 2
left_child=3 10 -3 4 8 7 -7 -5 -1 -6 12 -12 -2 -4
right_child=1 2 13 5 9 6 -8 -9 -10 -11 11 -13 -14 -15
leaf_value=-0.0053043641066820623 -0.007227371267185991 0.0043176198666739661 -0.010240431583486007 -0.0083890671767067587 0.0019375877427845766 -0.014877408882746754 0.011873214887933031 0.0086329331491372101 0.00025808405509109358 -0.0051816070062482801 0.024646224677082357 0.0046659449205551868 0.006310296896651732 0.013045552403056474
leaf_weight=3283.6467471290453 170.94156999721963 553.63867131550796 458.69393845160084 173.01279494538903 4097.9680642748244 203.11326689551061 88.832241918345971 1067.8550572730928 1802.71347278131 841.35140900614351 168.08470469456734 149.14781631932419 1017.1461149594943 43.764794049238844
leaf_count=86876 5442 17894 12118 7814 133326 16251 4830 17125 31190 27418 5202 4546 29904 3940
internal_value=6.78585e-05 0.00336036 -0.00156145 -0.00066405 -0.00134069 0.00374162 -0.00661416 0.00621148 -0.00333628 0.000716903 0.00680091 0.0156821 0.00431844 -0.0079972
internal_weight=14119.9 2561.42 1056.1 11558.5 10025.7 1532.81 291.946 1240.87 5086.36 4939.32 1505.32 317.233 1188.09 502.459
internal_count=403876 79046 33952 324830 278810 46020 21081 24939 118066 160744 45094 9748 35346 16058
is_linear=0
shrinkage=0.05


Tree=178
num_leaves=15
num_cat=0
split_feature=58 92 74 59 81 60 48 41 101 88 16 24 43 23
split_gain=16.1404 13.9199 14.1334 21.4923 12.8208 9.23555 8.87889 9.00634 6.14251 7.0987 5.19237 5.05377 2.96199 2.09079
threshold=-1.6197444034197777 0.78721824618181913 1.0701726201281418 0.91356391989859487 0.073201548688573981 -1.3384248293111003 0.18543981568839735 -0.56706802800473921 -0.0097745063388766564 -0.18409515131402451 0.92065807117058207 -0.68595067731144588 0.84293942853315518 0.8192199433806483
decision_type=2 2 2 2 2 2 2 2 2 2 2 2 2 2
left_child=5 2 4 -4 -2 8 7 -7 9 -1 -8 -10 13 -3
right_child=1 12 3 -5 -6 6 10 -9 11 -11 -12 -13 -14 -15
leaf_value=-0.02525947851021881 -0.0014804649013882543 -0.028029130597599091 0.00991460148678114 -0.010631286922048717 0.0018412242925121829 -0.0070333388129179778 -0.012659471539971243 0.018809734630782771 -0.016149646003640421 -0.0038630120240192253 0.012298075162281118 0.017888035698784669 0.0042586799689467991 0.0037965168026664834
leaf_weight=136.68414411747654 8220.1475117703085 49.534454801018001 705.91658590614679 146.18766768992646 4479.8372796822659 54.619601019519905 159.37627744245401 63.773982238730241 8.834673077908521 58.245766057796573 15.715388708107637 16.849092263226339 6.466630258717486 3.2285000241063235
leaf_count=3998 238877 28292 17952 6636 91716 1703 4367 1828 386 1831 526 800 3970 1534
internal_value=-0.000333625 -2.08834e-06 0.00011207 0.0063073 -0.000308234 -0.00894389 -0.00294837 0.0072681 -0.0164461 -0.0193666 -0.009876 0.00493514 -0.0223654 -0.0257871
internal_weight=14125.4 13611.3 13552.1 852.104 12700 514.099 293.485 118.394 220.614 194.93 175.092 25.6838 59.2296 52.763
internal_count=404416 388977 355181 24588 330593 15439 8424 3531 7015 5829 4893 1186 33796 29826
is_linear=0
shrinkage=0.05


Tree=179
num_leaves=15
num_cat=0
split_feature=92 19 60 51 6 60 23 72 36 81 43 26 15 80
split_gain=13.9296 12.3462 14.4473 11.3049 10.7984 10.4445 7.78155 5.87569 5.7084 3.02348 1.70253 1.13861 0.770215 0.660604
threshold=0.78721824618181913 -0.63502352519110261 -1.1981391732409874 -0.30791882509222646 0.32099438944097891 1.0265124831590717 1.3059472162970998 2.3827810689900817 -0.34803285511117515 -3.0309648624799945 0.84293942853315518 0.25079368290118376 -0.086264399755217339 -1.8499019808138215
decision_type=2 2 2 2 2 2 2 2 2 2 2 2 2 2
left_child=1 4 6 -4 8 -6 -3 9 -1 13 -11 12 -9 -2
right_child=7 2 3 -5 5 -7 -8 11 -10 10 -12 -13 -14 -15
leaf_value=0.00016416871553051094 -0.0057467231138855568 -0.0034377717976100267 0.00329399247383834 -5.1595574707736421e-05 0.0023297138816175942 -0.014739134941602389 0.013800271208868207 -0.0031948583081150062 -0.0097045010406738193 -0.032320671273676709 -0.00090852645507656638 -0.0055911115553246519 0.023891383274573463 0.011212979022623418
leaf_weight=184.54889528012427 2.450548094289843 2183.0738452165824 4682.5233787703037 5465.7998718150993 734.56702129155747 91.889966911112424 57.789163409557659 0.66995410132221911 695.25390158267692 45.613637489062967 5.3149762233333595 1.3147706922682116 2.2226868574289247 2.1348629145068108
leaf_count=4924 389 48562 79007 198062 18272 2722 1592 193 16737 28911 3760 527 909 214
internal_value=3.1012e-05 0.000141186 0.000691241 0.00149381 -0.00383353 0.000278386 -0.00293389 -0.0222629 -0.00765585 -0.026664 -0.0297296 0.0137017 0.0200058 0.00442347
internal_weight=14155.2 14095.4 12389.2 10148.3 1706.26 826.457 2240.86 59.7214 879.803 55.514 50.9286 4.20741 2.89264 4.58541
internal_count=404781 369878 327223 277069 42655 20994 50154 34903 21661 33274 32671 1629 1102 603
is_linear=0
shrinkage=0.05


Tree=180
num_leaves=15
num_cat=0
split_feature=27 22 43 9 52 103 59 81 68 3 72 45 5 41
split_gain=13.5655 15.681 13.9726 17.2376 13.771 12.386 12.3592 15.6313 11.3195 11.0877 10.4982 6.72808 5.57165 5.3768
threshold=-1.0828355592871743 0.052538858145436317 0.32655589871069135 -0.14555445378332865 -0.30071617338461293 1.6668440520615577 -0.97791665890312751 0.073201548688573981 -0.040837384892001435 -0.2355437983983574 -0.24004003969043852 -0.11365885350529602 1.0000000180025095e-35 -0.10932921848857878
decision_type=2 2 2 2 2 2 2 2 2 2 2 2 2 2
left_child=1 5 6 10 -5 8 9 -8 -1 -2 -4 13 -13 -3
right_child=2 11 3 4 -6 -7 7 -9 -10 -11 -12 12 -14 -15
leaf_value=0.0059145561004700581 -0.010056628980216517 0.030033075835957532 0.0033974590258606385 -0.0048954364763743648 0.0071831724903530722 -0.021118367339678836 -0.0018334972767979222 0.0024993936524034281 -0.0080652235797791273 0.00098156286870311514 0.012705675573473962 0.012239201062776256 -0.015263592896670231 -0.0087010399669845452
leaf_weight=906.74342047008395 648.73147943343793 83.902143029776198 748.26134100398485 777.3668396724388 327.19708470599653 42.712498782522744 6352.5233479132039 3083.8011397246009 162.95563179567762 344.996207828146 511.32533870799307 119.97563416297999 12.739046038303057 5.5882019091222892
leaf_count=20227 15565 3209 17028 13573 21122 1356 197958 68152 11928 8838 19433 5185 340 180
internal_value=0.000311245 0.00508863 -0.000190689 0.00327174 -0.00128513 0.0025962 -0.000977889 -0.000416357 0.00372993 -0.00625286 0.00724642 0.0169172 0.00871472 0.0269829
internal_weight=14128.8 1334.62 12794.2 2364.15 1104.56 1112.41 10430.1 9436.32 1069.7 993.728 1259.59 222.205 132.715 89.4903
internal_count=404094 42425 361669 71156 34695 33511 290513 266110 32155 24403 36461 8914 5525 3389
is_linear=0
shrinkage=0.05


Tree=181
num_leaves=15
num_cat=0
split_feature=92 74 78 104 52 44 41 60 73 29 93 48 60 73
split_gain=14.624 15.4217 29.6272 24.4072 24.3598 31.1901 20.6294 11.567 4.12031 2.49584 1.72006 1.34029 0.829764 0.444537
threshold=0.78442741646487202 -0.0088579997636089192 -0.36021717813447501 -0.37776918941611981 -0.27678437219188451 -0.21363604365009495 0.41063994277449184 -1.7005052157023421 2.1147365518218555 0.99169277001707867 -0.014317797165484005 0.033629665264927881 0.88234546648966727 -0.21919229783411123
decision_type=2 2 2 2 2 2 2 2 2 2 2 2 2 2
left_child=1 4 3 -3 7 -6 -4 -1 9 10 -2 12 -10 -11
right_child=8 2 6 -5 5 -7 -8 -9 11 13 -12 -13 -14 -15
leaf_value=-0.011809558424176867 0.0034986747918246924 0.0015336223266391421 0.013905418763315523 -0.017225131621606202 -0.011880769585624253 0.0011608182234038073 0.0014754062894129158 0.00074097145410258007 0.020637866873182083 -0.0044193594538290771 -0.028927696461012033 -0.0069431945338724113 -0.0040477961094590158 0.010395663577770097
leaf_weight=177.14050766546279 2.2058950518185148 778.28252695105039 788.1363757078143 212.61869720407412 966.79273081070278 860.87018576123228 578.25366288467194 9698.0165107133798 2.5776375803543483 1.5389967884329965 56.199776308401852 4.1041681568458444 0.85779097084741796 1.6384808743241581
leaf_count=3429 554 18793 28399 7060 68076 54674 20165 164787 710 1172 33811 1305 371 1009
internal_value=0.000144647 0.000265088 0.0039457 -0.00262334 -0.000479032 -0.005765 0.008694 0.000504121 -0.0212911 -0.0251778 -0.0273706 0.00671039 0.016049 0.0053117
internal_weight=14129.2 14060.1 2357.29 990.901 11702.8 1827.66 1366.39 9875.16 69.1227 61.5831 58.4057 7.5396 3.43543 3.17748
internal_count=404315 365383 74417 25853 290966 122750 48564 168216 38932 36546 34365 2386 1081 2181
is_linear=0
shrinkage=0.05


Tree=182
num_leaves=15
num_cat=0
split_feature=100 58 79 26 18 36 60 100 38 54 16 10 31 24
split_gain=15.5362 13.2063 15.388 26.3221 13.0444 9.58975 8.1728 7.85769 6.86744 6.21274 3.72059 3.06987 2.69002 1.56817
threshold=2.4889880613514239 1.0000000180025095e-35 0.012346413767273677 1.0832535076719447 1.0000000180025095e-35 -0.34803285511117515 -0.69356272150562204 0.61413343859140024 -1.5087972805614249 -0.023008942916505834 0.37474646092895497 1.0725573642063237 0.92175847872661276 -0.22526469118065304
decision_type=2 2 2 2 2 2 2 2 2 2 2 2 2 2
left_child=1 2 4 -4 -1 11 12 8 -3 -8 -9 13 -7 -2
right_child=5 7 3 -5 -6 6 9 10 -10 -11 -12 -13 -14 -15
leaf_value=0.0046344636748633893 0.0011672189008878596 0.014168338400958339 -0.00062319912935669176 -0.018959455653886261 -0.0019205102474571713 0.010138691988830897 0.03804867186654734 -0.0015775353769435251 -0.009449846715667589 -0.0011975674589947648 0.022366489226735439 0.0099739225287297957 -0.013759423286833132 -0.023049380999388469
leaf_weight=2667.0018123610462 8.4425957490602777 23.697755449560646 9374.3181017189636 189.92188521713251 1052.7856100302015 20.035199285717685 56.330246401827026 30.631457505645812 635.0292981881521 11.186488591745727 21.803092765447218 10.574369547786775 9.402829090919111 11.075955531938231
leaf_count=90710 257 1013 237477 5923 35258 697 2322 1619 26749 481 1007 358 219 336
internal_value=-0.000139199 -0.000303037 5.46612e-05 -0.00100673 0.00277908 0.0166139 0.0237105 -0.00689271 -0.00840102 0.0322305 0.0103665 -0.00646134 0.000952023 -0.0157278
internal_weight=14122.2 13995.2 13284 9564.24 3719.79 127.048 96.9548 711.162 658.727 67.5167 52.4346 30.0929 29.438 19.5186
internal_count=404426 399756 369368 243400 125968 4670 3719 30388 27762 2803 2626 951 916 593
is_linear=0
shrinkage=0.05


Tree=183
num_leaves=15
num_cat=0
split_feature=30 52 80 96 35 26 79 100 81 35 31 48 80 16
split_gain=12.3027 18.0511 20.2217 13.2295 18.7048 21.7845 19.0865 11.7916 11.4302 11.8694 11.02 8.63524 8.08845 7.85654
threshold=-0.43870084040191132 -0.33092045572393208 1.0000000180025095e-35 1.1621743370559976 0.15790775741790317 0.25079368290118276 0.033564728977833323 -0.19437163100186286 0.041463284396828524 -0.22722633263455932 -1.7128285078723633 -1.7738129672521212 0.10333074630572961 -0.35266925239187635
decision_type=2 2 2 2 2 2 2 2 2 2 2 2 2 2
left_child=1 8 10 4 5 -2 -6 12 9 -1 -3 -10 -5 -9
right_child=3 2 -4 7 6 -7 -8 13 11 -11 -12 -13 -14 -15
leaf_value=-0.012910080509136347 0.0022651796473302506 -0.018300695325620737 -0.016526474663837023 0.0082873823410693822 0.00063125094761178925 -0.0073629314435194292 -0.0068359755679968928 3.2656729352760215e-05 -0.018387404402055642 0.00067473241043000654 0.0087791584120316107 0.0098995076335345739 -0.0025210466063891666 0.012457604847133274
leaf_weight=217.78307603485882 6854.7118489835557 38.786631619052059 428.45521707002626 239.8023828888945 1748.3748914961543 632.74971070521133 1663.2639866058016 164.66750430985849 20.317407871596515 543.62395318434574 155.24728988012794 310.12238404108211 554.25879180870834 550.3621184569347
leaf_count=3756 179328 2137 20340 10904 54366 18198 46999 6476 369 11005 9088 3204 15423 22877
internal_value=0.00010467 -0.00385294 -0.0105744 0.000654123 4.48128e-05 0.00144279 -0.00301856 0.00502548 4.03375e-05 -0.00332788 0.00273436 0.00767124 0.000805517 0.00963612
internal_weight=14122.5 1714.34 622.489 12408.2 10899.1 7487.46 3411.64 1509.09 1091.85 761.407 194.034 330.44 794.061 715.03
internal_count=404470 49899 31565 354571 298891 197526 101365 55680 18334 14761 11225 3573 26327 29353
is_linear=0
shrinkage=0.05


Tree=184
num_leaves=15
num_cat=0
split_feature=84 103 50 50 51 42 37 48 92 74 55 36 88 44
split_gain=19.4041 16.8962 14.8259 20.4955 14.1555 14.1216 14.9252 13.6696 13.388 13.1695 12.5248 5.96066 5.40276 4.64726
threshold=1.0000000180025095e-35 0.68855571242521207 -0.22717005321119652 -0.22717005321119785 -1.0087373215329156 -0.16983794933784865 0.15685607319241876 0.11329241746734255 0.68925604645169514 0.29691230214821568 -0.00047878962796344299 -0.0040460311037555053 -0.18412902938191325 -0.4692938294639824
decision_type=2 2 2 2 2 2 2 2 2 2 2 2 2 2
left_child=1 2 3 -1 12 6 -6 9 -4 -3 -9 -7 -2 -14
right_child=4 7 8 -5 5 11 -8 10 -10 -11 -12 -13 13 -15
leaf_value=-0.0021273830847433491 -0.011018855494102418 -0.0015446738461532038 -0.0021814836886697941 0.0093443523768369282 0.0029383245954788676 0.033877155551039255 0.02429250140085484 -0.019970672092711559 -0.010656290916481403 0.0094896522432758642 0.0064713915118018543 0.0092730015938133747 -0.011893065325372603 0.018845783090195752
leaf_weight=950.04410910294973 120.88424250885146 2242.2523495719688 7062.3935197410756 646.36877300446213 479.10090931062587 70.281630007666536 89.651289605884813 36.632983757619513 490.08446603951597 297.30646934391552 1514.9887884270975 49.950857116491534 10.618975460471118 25.370192951057106
leaf_count=27379 2322 63441 153747 25457 5273 715 1005 1192 68792 9254 43919 504 196 508
internal_value=-0.000154579 -0.000625782 -0.0018197 0.00254664 0.00714221 0.0102056 0.00666592 0.00204203 -0.00274478 -0.00022073 0.00572322 0.0251522 -0.00611744 0.00916207
internal_weight=14085.9 13240.1 9148.89 1596.41 845.858 688.985 568.752 4091.18 7552.48 2539.56 1551.62 120.232 156.873 35.9892
internal_count=403704 393181 275375 52836 10523 7497 6278 117806 222539 72695 45111 1219 3026 704
is_linear=0
shrinkage=0.05


Tree=185
num_leaves=15
num_cat=0
split_feature=46 103 88 104 54 93 51 78 92 48 36 27 9 22
split_gain=14.1961 14.5877 18.5266 21.0831 14.6616 12.3619 10.4639 15.0411 23.3886 10.9622 9.26695 8.45167 7.15476 6.46146
threshold=0.32448290253278284 -1.2807048013226019 -0.15310014906220581 -0.20943806594420411 -0.042746302104814407 -0.012966447513714533 0.7433089195688064 -0.23762749418504062 -0.66493987831302059 0.82199029790957867 -0.17807389763058964 -0.45614756743082241 -0.22804550675141469 -0.0056131832603098812
decision_type=2 2 2 2 2 2 2 2 2 2 2 2 2 2
left_child=1 4 3 -3 10 -4 7 8 -2 -9 -1 -8 -13 -6
right_child=6 2 5 -5 13 -7 11 9 -10 -11 -12 12 -14 -15
leaf_value=-0.002337128674436569 -0.011002540508327876 0.00031811594728900191 0.0071995779220476513 -0.0054414053746473711 -0.0044839228898880213 -0.0043861599284737429 -0.018351048742839215 0.012826663874380285 0.0034285536482370699 0.00052110557288185351 -0.015671481627723402 0.011237831595151432 -0.0059552153575413054 0.01090029753501138
leaf_weight=197.60454080250929 311.36112515814602 5924.9197462676275 1153.6064973985558 2160.6747878282549 135.97757514462137 279.82626405704286 83.203932507516583 609.62192584162403 2220.508102378044 256.8879862522881 396.50114277884859 76.353029638339649 192.45387917630433 119.35674339268007
leaf_count=6175 15048 140374 21719 82733 3937 21134 2879 35313 36361 11360 12567 2978 7832 4024
internal_value=9.45076e-05 -0.000859229 -0.000295652 -0.00122579 -0.00709788 0.00492316 0.00272652 0.00357894 0.00161756 0.00922609 -0.0113485 -0.0053745 -0.000843722 0.00284726
internal_weight=14118.9 10368.5 9519.03 8085.59 849.44 1433.43 3750.39 3398.38 2531.87 866.51 594.106 352.011 268.807 255.334
internal_count=404434 292663 265960 223107 26703 42853 111771 98082 51409 46673 18742 13689 10810 7961
is_linear=0
shrinkage=0.05


Tree=186
num_leaves=15
num_cat=0
split_feature=43 37 49 93 58 80 103 92 74 80 46 41 27 60
split_gain=14.1162 24.1855 13.3881 13.2935 12.6401 14.067 10.1259 7.77101 7.67189 7.31871 6.66692 6.6024 5.65539 4.19019
threshold=0.75424221579723583 0.59786385285335186 0.089294006838762527 0.011443037903890863 2.1287586706383128 0.10333074630572961 -0.7119264089177092 -0.12187634839299889 -0.34605506847978063 -0.13233454860656232 1.777071093511791 -0.54770747412792276 0.038606110350508059 -1.231368012483282
decision_type=2 2 2 2 2 2 2 2 2 2 2 2 2 2
left_child=3 7 11 4 5 -1 -4 12 -6 -9 13 -3 -2 -5
right_child=1 2 6 10 8 -7 -8 9 -10 -11 -12 -13 -14 -15
leaf_value=0.0026795825173546485 -0.0026310103968069749 -0.008941470557321262 0.00015321795430854336 0.0059321488107463892 -0.0024851433710200892 -0.0010440998794071486 -0.017633688511699316 0.03354338710942447 -0.021047722957253351 0.013680557384557738 0.018276442403947282 0.016422686130094732 0.015621255656161417 -0.022694216247198806
leaf_weight=3455.6450079841361 97.265316138975322 26.304357514665753 181.39060569607682 10.367622820656832 114.05205595420193 9447.9254145682535 132.93025558719819 63.012084483525541 104.72042294617131 218.59310508961062 5.0256453313922966 101.53481725067104 62.175350992940366 98.719484351797291
leaf_count=126687 1677 905 6929 1336 3709 222526 3577 3762 5641 7715 714 2736 1120 15132
internal_value=3.84572e-06 0.00608777 -0.00217617 -0.000406395 -0.000252158 -4.55751e-05 -0.00768086 0.0142371 -0.0119022 0.019123 -0.0166934 0.0109337 0.00498849 -0.0197039
internal_weight=14119.7 883.206 442.16 13236.5 13122.3 12903.6 314.321 441.046 218.772 281.605 114.113 127.839 159.441 109.087
internal_count=404166 28421 14147 375745 358563 349213 10506 14274 9350 11477 17182 3641 2797 16468
is_linear=0
shrinkage=0.05


Tree=187
num_leaves=14
num_cat=0
split_feature=51 92 41 50 68 50 92 92 58 6 85 41 28
split_gain=14.5843 15.1944 31.8969 42.5636 23.3174 21.352 16.2192 13.3573 5.24045 4.99931 4.7551 1.1536 0.751535
threshold=3.020969033001045 -2.0030884045136608 0.39542807901413607 1.0000000180025095e-35 -0.32754717030309427 3.5484493488692324 -0.56398660305642301 -2.0030884045136608 0.59206733645745613 -0.68246739596935302 0.38991517830732642 1.4574927488280676 -0.70832069112647444
decision_type=2 2 2 2 2 2 2 2 2 2 2 2 2
left_child=1 2 3 -1 -4 6 -3 9 -7 -2 -11 12 -9
right_child=7 5 4 -5 -6 8 -8 11 -10 10 -12 -13 -14
leaf_value=-0.0044634043296075945 -0.013153297411483703 0.0042661246251041443 -0.027017782871704844 0.022442656909889117 -0.0032471563795564047 -0.018867061296075585 4.6176445334834506e-05 -0.005904594061539422 0.012907246067276995 0.03789559879384425 -0.0087766221797868308 -0.0031404082466256326 -0.031454808925783444
leaf_weight=832.95924244984053 4.5935509535484043 2989.1964687046129 217.82781828427687 168.03063759207726 194.18466653162614 153.17216577540603 9456.2729639540667 8.5439317296841164 7.2535740270686793 8.7573685087263566 3.2433053634595117 7.158252886903937 57.653707284445773
leaf_count=38437 210 28870 18863 6642 2748 4181 300865 377 265 482 258 285 2003
internal_value=0.000134713 0.000270212 -0.00462783 0.00023048 -0.0161569 0.000822469 0.00106235 -0.0188972 -0.0167573 0.01514 0.027026 -0.0274895 -0.0293648
internal_weight=14108.8 14018.9 1413 1000.99 412.012 12605.9 12445.5 89.9501 160.426 16.5942 12.0007 73.3559 66.1976
internal_count=404486 400871 66690 45079 21611 334181 329735 3615 4446 950 740 2665 2380
is_linear=0
shrinkage=0.05


Tree=188
num_leaves=15
num_cat=0
split_feature=51 58 100 79 33 40 73 52 15 2 6 34 34 31
split_gain=12.3287 12.5777 16.3419 15.1952 18.3494 15.2986 9.7053 8.09149 6.8867 3.19053 4.63544 1.90496 1.79068 1.63961
threshold=3.020969033001045 0.59206733645745613 -0.064578666213535599 0.0079729372890593193 0.26161795785197284 -0.29227095935604819 -0.18381156263208179 -0.37244897475502431 0.1380010676243468 0.12130928927568407 -0.68246739596935302 0.9568603451009311 1.379777325327175 -1.6813564466187212
decision_type=2 2 2 2 2 2 2 2 2 2 2 2 2 2
left_child=1 3 6 5 -5 -1 -3 9 -4 10 -2 13 -13 -9
right_child=7 2 8 4 -6 -7 -8 11 -10 -11 -12 12 -14 -15
leaf_value=-0.0036469151585907175 -0.010680117713302906 -0.0040128737801866099 -0.0014884581666526125 0.00052560299821120175 -0.0055275184251762756 0.0047874816768556754 -0.019650719247239594 -0.003197737308896699 0.019274414639656953 -0.013300151456590829 0.030637859629081693 0.0095230413958134006 -0.013655720244730324 -0.031596180632724319
leaf_weight=641.29523534241162 4.3342020143754789 197.94818569534254 101.55557134924675 8231.2229120631109 1466.3247754162003 3122.7543009516194 202.79883216590679 8.2525006331998139 54.468362442432408 3.5105129582807413 9.0460191240999848 5.5150509246268475 9.4376156753569358 45.954286363979918
leaf_count=18860 193 5790 5030 204780 42529 109805 10586 295 2620 245 536 249 393 1647
internal_value=0.000223967 0.000346042 -0.00695091 0.00065278 -0.000394415 0.00334463 -0.0122122 -0.0176288 0.00648427 0.00932464 0.0184104 -0.0245579 -0.0047163 -0.0284442
internal_weight=14104.4 14018.4 556.771 13461.6 9697.55 3764.05 400.747 86.0502 156.024 16.8907 13.3802 69.1595 14.9527 54.2068
internal_count=403558 400000 24026 375974 247309 128665 16376 3558 7650 974 729 2584 642 1942
is_linear=0
shrinkage=0.05


Tree=189
num_leaves=15
num_cat=0
split_feature=96 36 83 86 59 99 103 42 20 42 81 59 100 37
split_gain=15.989 20.2128 14.8026 15.0789 13.5336 12.4952 11.4459 14.268 10.0811 10.0214 9.45846 8.46919 7.74033 6.66599
threshold=1.1534877076072185 0.33293187046190947 1.0000000180025095e-35 2.8871284821241483 0.017750052128118317 0.5715576824928057 -0.14584597209581479 -0.73335419350138309 -0.28060713548778371 -0.42028961341053012 0.0075908954371925108 0.86835888720996723 -0.27161344409921578 -0.42297290395296977
decision_type=2 2 2 2 2 2 2 2 2 2 2 2 2 2
left_child=2 5 3 4 -1 10 7 -4 -8 -5 -2 12 -3 -7
right_child=1 11 6 9 -6 13 8 -9 -10 -11 -12 -13 -14 -15
leaf_value=-0.00086196566677925997 0.0074100938127923182 0.0047163587761273633 -0.00055270584786349297 -0.0061521163149384286 -0.0067701924805283675 0.040029107041867407 -0.0055719679938404133 0.020003199308112618 0.0069210463530638274 0.027670577917066948 -0.002035549561591909 -0.0080595234971466423 0.019424074944199753 0.0083674950773566584
leaf_weight=10021.290204302211 335.31412736159109 137.59258982278334 134.75177154247649 26.711441080085933 1063.6523123413244 18.402204499005165 295.83782831016288 213.65854247304378 332.4155060229823 63.557785133372818 1130.0132661333191 37.666453655579971 296.18669100683474 58.585265180292481
leaf_count=269914 16316 3836 2290 892 44445 648 3886 2629 4402 2185 37083 1812 12325 2138
internal_value=-5.91091e-05 0.004056 -0.000743824 -0.00126112 -0.00143448 0.00125558 0.00512803 0.0122594 0.00104309 0.0180467 0.000161494 0.0130011 0.0149703 0.0196672
internal_weight=14165.6 2013.76 12151.9 11175.2 11084.9 1542.31 976.664 348.41 628.253 90.2692 1465.33 471.446 433.779 76.9875
internal_count=404801 74158 330643 317436 314359 56185 13207 4919 8288 3077 53399 17973 16161 2786
is_linear=0
shrinkage=0.05


Tree=190
num_leaves=15
num_cat=0
split_feature=58 104 93 104 99 42 81 86 48 39 32 41 61 103
split_gain=13.5161 12.8786 38.652 27.2134 17.037 16.762 16.0425 12.82 8.42115 10.5371 8.37948 7.5339 6.83069 5.94745
threshold=-1.671380308951824 -0.44264194869784262 -0.0080806385030990895 -0.26337948588560228 -0.4250931594078548 0.45629121084385649 0.087976257927834173 0.16307616856811744 0.61832420501472607 0.68076786345863338 -0.62103077143591123 1.2680359001763637 -0.49463125728101248 -1.3601802298642827
decision_type=2 2 2 2 2 2 2 2 2 2 2 2 2 2
left_child=8 5 4 -4 -3 6 -2 -7 10 -10 12 -11 -1 -12
right_child=1 2 3 -5 -6 7 -8 -9 9 11 13 -13 -14 -15
leaf_value=-0.020454972773740792 -0.00085557897306057359 -0.0056063568465981118 -0.0029677062012623454 -0.01485655391849847 0.0014904792099378595 -0.0012329121571388346 0.0064799588866531234 -0.017667254427498072 -0.021423259075035159 0.023899633753386204 -0.016150335277355567 -0.009935850162070492 0.0093015485514055859 0.0073369969889607832
leaf_weight=72.812078126953566 1164.2701729776345 961.81844592564448 1419.4745915978565 723.62725414090346 6508.935537095891 625.36977862437197 2050.9083242953639 136.97717919644492 166.2016812658112 17.383665262052091 22.411380865589308 31.97015780073707 18.706474600403453 158.93375598928833
leaf_count=2168 34109 18666 58352 68606 164971 13190 27608 2987 4880 538 831 956 497 5007
internal_value=-0.000436616 -0.000139955 -0.00112984 -0.00703238 0.000570528 0.00224949 0.00382922 -0.00437632 -0.00852346 -0.0156829 -0.0025132 0.00400059 -0.0140556 0.00374199
internal_weight=14079.8 13591.4 9613.86 2143.1 7470.75 3977.53 3215.18 762.347 488.419 215.556 272.864 49.3538 91.5186 181.345
internal_count=403366 388489 310595 126958 183637 77894 61717 16177 14877 6374 8503 1494 2665 5838
is_linear=0
shrinkage=0.05


Tree=191
num_leaves=15
num_cat=0
split_feature=92 78 81 92 50 92 34 48 80 35 104 48 16 15
split_gain=15.8261 12.5135 30.7449 25.7719 54.484 18.8324 16.7534 12.6071 3.44252 1.3324 0.888872 0.805951 0.517909 0.244866
threshold=0.78721824618181913 -0.36021717813447501 0.024718613925668039 -0.66493987831302059 1.0000000180025095e-35 -0.59040583150147696 -0.05631486652021378 1.0993068598217579 -2.2789549146639403 -1.1900615577657199 4.8791746803295997 0.011083603320848264 -0.079452694960991457 -0.013782965833336545
decision_type=2 2 2 2 2 2 2 2 2 2 2 2 2 2
left_child=1 3 7 4 -1 -4 -5 -3 11 13 -11 12 -2 -10
right_child=8 2 5 6 -6 -7 -8 -9 9 10 -12 -13 -14 -15
leaf_value=-0.014240234806099367 0.017762907337632996 0.0096692896899173725 0.0063435559251416767 -0.0021599961790398962 0.012698265987339728 -0.0025192354486112348 0.0024874569276756887 -0.0019046257912321422 -0.003760586010842826 -0.029500440901572091 0.0027075456582916712 -0.0059426202582875233 -0.0028192024327886455 0.0073311585392755235
leaf_weight=837.84868298145011 1.3482111427947532 1346.572247244927 753.58947525685653 4332.4832571521983 232.62940230127424 2778.2849997331723 3493.7987950265087 281.07277432648698 1.0534652134811038 50.664603343708222 0.56375363739061768 1.4810143721260827 0.93805707768115043 0.50225105693607375
leaf_count=49910 599 59120 12009 57856 9561 120301 49058 11667 405 31211 1413 753 397 221
internal_value=-6.35602e-05 5.15731e-05 0.00200836 -0.00108421 -0.00832279 -0.000615627 -8.47594e-05 0.0076712 -0.0243886 -0.0274847 -0.0287617 0.00744615 0.0138969 0.00306568
internal_weight=14112.8 14056.3 5159.52 8896.76 1070.48 3531.87 7826.28 1627.65 56.5514 52.7841 51.2284 3.76728 2.28627 1.55572
internal_count=404481 369482 203097 166385 59471 132310 106914 70787 34999 33250 32624 1749 996 626
is_linear=0
shrinkage=0.05


Tree=192
num_leaves=15
num_cat=0
split_feature=103 100 43 104 54 37 92 59 49 103 79 88 28 24
split_gain=14.7309 17.1269 17.4865 15.346 13.7742 11.9292 23.6886 10.7926 9.35037 9.05569 10.2904 9.69487 8.88658 6.77156
threshold=-1.0922301378962145 -0.27074454581337098 0.58829178612541699 -0.27790253645760371 -0.048504670066771706 0.48658762235564557 0.49959344749344431 2.0245761140356628 0.50918825528640654 -1.5816522224412661 0.29532425049018524 -0.18458094837340294 0.24116378672027169 -0.94947710606124081
decision_type=2 2 2 2 2 2 2 2 2 2 2 2 2 2
left_child=4 2 3 -2 12 7 -7 -3 -4 11 -11 -6 13 -1
right_child=1 5 8 -5 9 6 -8 -9 -10 10 -12 -13 -14 -15
leaf_value=-0.011452752932530477 0.00015189662812904983 0.0038068761043688151 0.015245672765677216 -0.0051125555508833584 0.013666535685144443 -0.0082941253280472676 0.013351607284788049 -0.012263870880548254 -0.0035293540478919007 0.0055978174368614348 -0.0065993580802018725 -0.011764516675049023 -0.013153165705534415 -0.0014280091862817344
leaf_weight=224.89098865738197 3590.0057411436828 4750.0506718689667 226.36117035396819 2242.5144453607609 35.970886866125511 551.94890079204924 153.49712516140062 97.298798517989781 87.643803809100064 684.23775137895609 221.06753181293243 223.02055675053271 423.2580771646135 608.25827494060286
leaf_count=6792 76075 154365 5144 64045 1251 10147 10706 5265 2038 19662 8095 7492 14557 18661
internal_value=-0.000170336 0.000565079 -0.0012524 -0.00187749 -0.00371231 0.00257552 -0.00346347 0.00345971 0.0100581 0.000211367 0.00257982 -0.00785568 -0.0073213 -0.00423772
internal_weight=14120 11699.3 6146.53 5832.52 2420.7 5552.8 705.446 4847.35 314.005 1164.3 905.305 258.991 1256.41 833.149
internal_count=404295 327785 147302 140120 76510 180483 20853 159630 7182 36500 27757 8743 40010 25453
is_linear=0
shrinkage=0.05


Tree=193
num_leaves=15
num_cat=0
split_feature=46 88 66 81 99 34 52 51 79 45 88 104 61 6
split_gain=17.6898 15.701 17.5143 19.6872 15.1743 13.5762 12.2802 11.5397 12.618 11.1891 10.8169 10.7313 7.0097 6.78203
threshold=0.32448290253278284 -0.17269441830914123 1.0000000180025095e-35 0.041463284396828524 -0.094990063545520878 0.71041232065254467 -0.17856185978349667 0.91851354367897697 -0.74836032179324152 -0.48868938856879907 0.95121415812129007 -0.38499765778472411 -0.57028114017456277 -0.19692137077080538
decision_type=2 2 2 2 2 2 2 2 2 2 2 2 2 2
left_child=1 2 6 -4 10 7 -1 8 -2 -7 -3 -6 -11 -9
right_child=5 4 3 -5 11 9 -8 13 -10 12 -12 -13 -14 -15
leaf_value=0.0010884635901694695 0.017646572826854889 0.0087971069488413933 -0.0069013306420528629 4.2375007818024724e-05 -0.014315535656035498 -0.0076605336934896205 -0.0072392361063532548 -0.018046416985678354 0.0044588439846636879 -0.0097592533700563144 -0.0022922863615233045 0.0015191518410619762 0.004482747126013948 0.0024942651486151565
leaf_weight=3885.0678985951236 189.02599084826215 906.40219311490364 2747.2547763576113 1620.7013931804904 165.1231038121623 467.90915874707935 489.45173376996536 75.274822046369081 2283.6299110479449 92.062602699144918 284.63090937231027 270.73070587328766 564.65772818218829 71.954485932903481
leaf_count=78733 8899 25312 77664 27694 3880 13694 60157 2738 64740 2763 10290 9121 16285 2828
internal_value=-0.000191612 -0.00125536 -0.00209491 -0.0043307 0.0032414 0.00274963 0.000142317 0.00471677 0.00553402 -0.00183412 0.00614996 -0.00466635 0.00236979 -0.00848753
internal_weight=14113.9 10369.4 8742.48 4367.96 1626.89 3744.51 4374.52 2619.89 2472.66 1124.63 1191.03 435.854 656.72 147.229
internal_count=404798 292851 244248 105358 48603 111947 138890 79205 73639 32742 35602 13001 19048 5566
is_linear=0
shrinkage=0.05


Tree=194
num_leaves=15
num_cat=0
split_feature=65 103 6 33 52 96 61 19 47 38 104 99 30 103
split_gain=14.6672 15.8536 12.6084 12.0841 18.6597 16.3452 9.86592 9.46946 9.38151 8.12238 8.06269 7.5015 6.89328 6.72872
threshold=1.0000000180025095e-35 -1.5816522224412661 -0.45587925087669751 0.26161795785197284 -0.37244897475502431 1.1534877076072185 1.0017342273107068 0.28444464778816364 0.51382754406011144 0.11705935538474342 -0.40658012209632571 0.086296312099930231 0.10083183619156129 1.0852281251031848
decision_type=2 2 2 2 2 2 2 2 2 2 2 2 2 2
left_child=1 9 6 4 -3 -5 8 -4 -2 11 -8 -1 -11 -9
right_child=2 3 7 5 -6 -7 10 13 -10 12 -12 -13 -14 -15
leaf_value=-0.0034993069275628869 -0.0001540401652159383 -0.0049140554702503478 -0.0091289254566063755 -0.0037380465038342396 0.0028876304059186255 0.0047832490058740997 0.023888910102796874 -0.0014957059587681642 -0.015322880355780858 -0.0087800855843544138 0.00096691607938943986 -0.01803711132783168 0.012867682673817195 0.022205296515686798
leaf_weight=164.48188634658436 978.12522209166855 845.7771300812019 992.45842600809556 2253.024638931478 7395.9347641021595 739.65355963278489 62.624933854443952 130.49691468603851 103.81713357046829 60.802922700095223 83.193386482082133 198.88865243298642 67.139748677611351 28.452698315959424
leaf_count=4868 26330 37141 24534 65119 198148 24698 1165 3792 2748 1858 2822 7722 2722 833
internal_value=-1.97974e-05 0.000707192 -0.00359072 0.00109448 0.00208202 -0.00162305 -5.75043e-05 -0.0073253 -0.00173655 -0.00799372 0.0117126 -0.0117265 0.00268919 0.00381008
internal_weight=14104.9 11725.7 2379.17 11234.4 8241.71 2992.68 1227.76 1151.41 1081.94 491.313 145.818 363.371 127.943 158.95
internal_count=404500 342276 62224 325106 235289 89817 33065 29159 29078 17170 3987 12590 4580 4625
is_linear=0
shrinkage=0.05


Tree=195
num_leaves=15
num_cat=0
split_feature=46 100 99 92 78 11 1 10 104 44 6 81 96 20
split_gain=13.9646 13.9135 12.3471 16.2888 15.3483 9.91993 9.10695 8.53809 8.44239 6.89325 6.90139 5.81111 5.00145 3.94723
threshold=1.777071093511791 2.4889880613514239 0.73937917689159571 0.35370088223019375 -0.34723219569109404 1.0897704378681978 0.22948319767571279 1.0208220229056877 -0.35179280046694184 2.2098246936108157 1.5510443199439667 0.21361600760687646 -0.56405744334562924 -0.18130136474127428
decision_type=2 2 2 2 2 2 2 2 2 2 2 2 2 2
left_child=1 2 3 -1 -4 9 7 -3 11 10 -2 -7 -11 -10
right_child=5 6 4 -5 -6 8 -8 -9 13 12 -12 -13 -14 -15
leaf_value=0.0010734101032410304 0.013302909943398536 0.0071129904874207926 -0.011581938518813237 -0.0029530134555233794 0.0029419307278625677 -0.016049483861987592 -0.010821136542649237 0.036993031589575558 -0.0017341177423327034 0.011539993935569632 -0.0085736809525965175 0.0082252620771879163 -0.019329366295615269 0.022642957666679144
leaf_weight=8978.5847746415529 467.11912523914725 55.823090829115245 506.32428974309005 3475.975086282062 275.57196160052081 93.46545247186441 19.606825551127258 41.599350070428045 28.405360604323505 12.704349876410559 32.327642902440857 25.494167500612093 25.04515737008478 25.960532197117573
leaf_count=152883 14462 1813 10659 199179 14831 2185 805 1433 1439 346 944 722 772 1262
internal_value=8.6603e-05 -0.000279041 -0.000436766 -5.18024e-05 -0.00649063 0.00686698 0.0161903 0.0221277 -0.00338723 0.0101769 0.0117464 -0.0106128 -0.00869941 0.0116157
internal_weight=14064 13353.5 13236.5 12454.6 781.896 710.522 117.029 97.4224 173.326 537.196 499.447 118.96 37.7495 54.3659
internal_count=403735 381603 377552 352062 25490 22132 4051 3246 5608 16524 15406 2907 1118 2701
is_linear=0
shrinkage=0.05


Tree=196
num_leaves=15
num_cat=0
split_feature=93 104 78 81 81 73 74 76 79 78 104 59 41 60
split_gain=12.7333 21.1243 53.7769 26.8699 22.876 34.6062 25.1029 18.864 18.2046 11.2617 8.45366 5.69067 5.19513 5.03963
threshold=-0.021763118423146658 -0.44264194869784262 -0.38907558600964437 -0.01353146666041638 0.073201548688573981 -0.2364157503322524 0.29691230214821568 0.1021611540792814 -1.2567035559783462 -0.44348760662910253 -0.37630939070392816 -1.7100864217975091 -0.48271132897003904 0.35384224197727637
decision_type=2 2 2 2 2 2 2 2 2 2 2 2 2 2
left_child=7 4 11 -4 6 -6 -2 8 10 -10 -1 -3 13 -9
right_child=1 2 3 -5 5 -7 -8 12 9 -11 -12 -13 -14 -15
leaf_value=0.028359730646807791 -0.0088953646118119147 0.010701767274038503 0.0061032660714854499 -0.0029826730128086551 0.0023015706355222726 0.020787592687800973 0.0064393101846794715 0.0096018728696778462 0.00086674940445692422 0.0068734331403551901 0.0067264238427322751 -0.012649872721610828 -0.014308937907989833 -0.013231581757907285
leaf_weight=86.889075293438509 825.1711898765534 19.487710970686749 1150.5180214230568 2712.9360085922744 2448.9214168375911 272.87102517514722 383.68152225511585 50.412524280138314 3598.3037418634194 987.7599876075983 100.09497230220586 1220.4673300293434 203.76335275545716 30.289214908145368
leaf_count=3245 18038 501 65080 136481 32130 5341 9281 1150 75012 22619 2171 26949 5204 823
internal_value=5.80924e-05 -0.00106621 -0.00318542 -0.000268153 0.00168639 0.00422418 -0.00401535 0.00206454 0.002817 0.00217263 0.0177085 -0.0122002 -0.0102278 0.000517998
internal_weight=14091.6 9034.05 5103.41 3863.45 3930.65 2721.79 1208.85 5057.51 4773.05 4586.06 186.984 1239.96 284.465 80.7017
internal_count=404025 293801 229011 201561 64790 37471 27319 110224 103047 97631 5416 27450 7177 1973
is_linear=0
shrinkage=0.05


Tree=197
num_leaves=15
num_cat=0
split_feature=78 40 40 36 96 99 82 52 59 92 44 36 39 27
split_gain=15.9718 14.8753 17.5507 17.2207 15.1028 10.1014 13.724 8.75849 5.44809 5.71714 4.85752 3.13039 1.75322 0.960003
threshold=0.94621777891951675 -0.29227095935604819 0.21089319645568522 0.17268145413739899 1.1879721780525878 -0.40970178357210657 1.0000000180025095e-35 -0.35471681893833379 -0.66736637063814774 -0.51735186473912298 -0.34723788524988425 -0.062265216966239677 0.68076786345863338 -0.060344625205758042
decision_type=2 2 2 2 2 2 2 2 2 2 2 2 2 2
left_child=1 5 3 -3 -4 7 -7 -1 12 11 -11 -10 -2 -14
right_child=8 2 4 -5 -6 6 -8 -9 9 10 -12 -13 13 -15
leaf_value=0.00019164356567363548 -0.027640792288009509 0.0018067136100607469 -0.0027323419479545995 0.0085725501012200982 0.0051749512808680048 -0.0021572628039662704 0.0058948266006838869 -0.0093006131675640712 0.009601532487125447 -0.019479208977475529 -0.0038807265858273737 -0.0062551715638704533 0.0090903528938793832 -0.0093105235690085896
leaf_weight=362.34305378212593 42.105904595428001 4237.820788224959 2977.2137492127513 1201.8644999710705 747.19467870149674 2835.946357292949 640.15311257932626 725.45693707538885 54.928451894782484 97.224678792274062 105.08229695103182 50.399919664254412 2.9518613793443365 5.9022340725350642
leaf_count=7489 2198 120923 85448 34786 24421 79528 11282 13993 704 8766 13807 629 259 337
internal_value=6.97856e-05 0.000345317 0.00150639 0.00331457 -0.00113636 -0.00198425 -0.000661747 -0.00616583 -0.0102015 -0.00720844 -0.0119415 0.00212958 -0.0241235 -0.0016082
internal_weight=14086.6 13728 9164.09 5439.69 3724.41 4563.9 3476.1 1087.8 358.595 307.635 202.307 105.328 50.96 8.8541
internal_count=404570 377870 265578 155709 109869 112292 90810 21482 26700 23906 22573 1333 2794 596
is_linear=0
shrinkage=0.05


Tree=198
num_leaves=15
num_cat=0
split_feature=57 74 104 104 92 93 104 68 54 37 87 58 88 51
split_gain=12.9728 13.1657 24.0149 29.0728 16.8591 14.9412 11.941 11.6149 9.79939 6.28021 5.20496 4.98022 4.00766 3.7059
threshold=1.0000000180025095e-35 1.0701726201281418 -0.41497560830204172 -0.44054304187030752 0.69299674256832211 -0.0085254373566042829 -0.44264202145558074 -0.31841067998477257 -0.05521079517352246 0.31874461264260351 -0.067200694561520016 -0.17231728888965367 0.53940331110353423 -0.32543928750324441
decision_type=2 2 2 2 2 2 2 2 2 2 2 2 2 2
left_child=1 4 3 -3 6 -6 -1 -4 9 12 11 -10 -2 -12
right_child=8 2 7 -5 5 -7 -8 -9 10 -11 13 -13 -14 -15
leaf_value=0.002970849859680253 -0.026015544548433148 0.0057059637472353895 -0.014374177373109432 0.033313364164660741 0.0020257754189923218 -0.013698485395745908 -0.00067513042426477904 0.0035669080985260152 0.022251480569447715 -3.2066344080165497e-05 -0.0056230636527990008 -0.0082038157547832651 0.0077783903720688666 0.015984408314949131
leaf_weight=2959.4458538607578 106.45335590856848 343.82797898998251 136.2249081732225 125.04983687700587 232.85853775787837 408.28786062505787 9204.5044386150548 227.82603545671373 4.7839994775276855 35.506315516464383 25.096264963503927 215.41770994600301 5.1569198571232837 43.351757002963495
leaf_count=49354 4944 9226 4726 2969 31165 78749 200147 8458 147 1607 724 9560 239 1719
internal_value=-8.17141e-05 0.000192496 0.00624529 0.0136108 -0.000205784 -0.00804417 0.000213635 -0.00335131 -0.00847536 -0.0185414 -0.00289594 -0.00660429 -0.0239429 0.00835518
internal_weight=14073.8 13638 832.929 468.878 12805.1 641.146 12164 364.051 435.766 147.117 288.65 220.202 111.61 68.448
internal_count=403734 384794 25379 12195 359415 109914 249501 13184 18940 6790 12150 9707 5183 2443
is_linear=0
shrinkage=0.05


Tree=199
num_leaves=15
num_cat=0
split_feature=86 78 58 60 73 73 99 48 73 86 93 97 97 31
split_gain=12.3181 14.6901 10.9519 13.9434 18.5376 9.67566 8.61035 7.94585 7.7363 7.37516 4.72267 3.34414 2.44815 1.65754
threshold=2.8871284821241483 -0.42110867897117138 -1.3677926059181711 0.96025819256454026 0.10379065130766756 0.49799729593786618 0.6493424067267729 0.54467373599739932 -0.57682026393255426 -0.14403324439624152 -0.02003006935325018 -1.1320169031903959 -1.0506017006412804 -0.16590305166402033
decision_type=2 2 2 2 2 2 2 2 2 2 2 2 2 2
left_child=2 11 6 4 -4 -5 7 -1 12 -8 -10 -2 -3 -13
right_child=1 8 3 5 -6 -7 9 -9 10 -11 -12 13 -14 -15
leaf_value=-0.0032741349158525281 0.010849033065141711 -0.011625958220470524 -0.00040891636228414615 -0.0018293309207972333 0.0047817148430059509 -0.0093343658881037492 0.027782522789609743 -0.015600139532475635 0.007986788885148156 -0.0041171223461336772 0.049778157520884991 0.0018686649715529064 0.013639822698246575 -0.02136211952454346
leaf_weight=285.54981882530774 9.842401893110944 8.9844805846805702 8932.511829093186 1791.1147354462137 2119.9572414875511 557.96373632479299 21.525737663010659 242.33773636344995 13.62653694488108 37.520004606056318 27.606362319533218 8.5482370741665381 9.489217419861232 17.689963813405484
leaf_count=8581 267 218 225246 60613 73217 24332 766 6818 286 1332 1375 272 310 451
internal_value=-0.000321269 0.0166769 -0.000449496 -0.000154218 0.000590113 -0.00364397 -0.00707609 -0.00911747 0.0302094 0.00985171 0.0402217 -0.00741277 0.0015845 -0.0153665
internal_weight=14084.3 95.7872 13988.5 13401.5 11052.5 2349.08 586.933 527.888 59.7066 59.0457 41.2329 36.0806 18.4737 26.2382
internal_count=404084 3179 400905 383408 298463 84945 17497 15399 2189 2098 1661 990 528 723
is_linear=0
shrinkage=0.05


end of trees

feature_importances:
Column_92=190
Column_52=187
Column_51=151
Column_93=135
Column_103=135
Column_81=113
Column_68=106
Column_59=99
Column_78=88
Column_50=69
Column_104=69
Column_79=68
Column_60=61
Column_58=60
Column_44=55
Column_74=52
Column_80=46
Column_99=43
Column_100=43
Column_27=41
Column_73=41
Column_72=40
Column_48=39
Column_88=33
Column_61=30
Column_34=27
Column_41=27
Column_75=26
Column_37=25
Column_13=24
Column_43=24
Column_86=24
Column_19=23
Column_28=23
Column_83=23
Column_46=22
Column_26=21
Column_82=21
Column_65=20
Column_40=19
Column_54=19
Column_84=19
Column_6=18
Column_30=18
Column_20=17
Column_23=17
Column_85=17
Column_96=16
Column_35=15
Column_36=15
Column_16=14
Column_38=13
Column_97=13
Column_76=12
Column_22=11
Column_57=11
Column_31=10
Column_45=10
Column_49=10
Column_21=9
Column_33=9
Column_47=9
Column_53=9
Column_29=8
Column_42=8
Column_1=6
Column_9=6
Column_15=6
Column_25=6
Column_39=6
Column_24=5
Column_101=5
Column_3=4
Column_7=4
Column_10=4
Column_32=4
Column_87=4
Column_98=4
Column_2=3
Column_8=3
Column_12=3
Column_18=3
Column_94=3
Column_5=2
Column_11=2
Column_14=2
Column_17=2
Column_66=2
Column_102=2
Column_55=1
Column_56=1
Column_71=1
Column_77=1

parameters:
[boosting: gbdt]
[objective: binary]
[metric: binary_logloss]
[tree_learner: serial]
[device_type: cpu]
[data_sample_strategy: bagging]
[data: ]
[valid: ]
[num_iterations: 200]
[learning_rate: 0.05]
[num_leaves: 15]
[num_threads: 4]
[seed: 20260826]
[deterministic: 0]
[force_col_wise: 0]
[force_row_wise: 0]
[histogram_pool_size: -1]
[max_depth: 4]
[min_data_in_leaf: 200]
[min_sum_hessian_in_leaf: 0.001]
[bagging_fraction: 0.7]
[pos_bagging_fraction: 1]
[neg_bagging_fraction: 1]
[bagging_freq: 1]
[bagging_seed: 26062]
[bagging_by_query: 0]
[feature_fraction: 0.7]
[feature_fraction_bynode: 1]
[feature_fraction_seed: 27632]
[extra_trees: 0]
[extra_seed: 31828]
[early_stopping_round: 0]
[early_stopping_min_delta: 0]
[first_metric_only: 0]
[max_delta_step: 0]
[lambda_l1: 0]
[lambda_l2: 10]
[linear_lambda: 0]
[min_gain_to_split: 0]
[drop_rate: 0.1]
[max_drop: 50]
[skip_drop: 0.5]
[xgboost_dart_mode: 0]
[uniform_drop: 0]
[drop_seed: 14724]
[top_rate: 0.2]
[other_rate: 0.1]
[min_data_per_group: 100]
[max_cat_threshold: 32]
[cat_l2: 10]
[cat_smooth: 10]
[max_cat_to_onehot: 4]
[top_k: 20]
[monotone_constraints: ]
[monotone_constraints_method: basic]
[monotone_penalty: 0]
[feature_contri: ]
[forcedsplits_filename: ]
[refit_decay_rate: 0.9]
[cegb_tradeoff: 1]
[cegb_penalty_split: 0]
[cegb_penalty_feature_lazy: ]
[cegb_penalty_feature_coupled: ]
[path_smooth: 0]
[interaction_constraints: ]
[verbosity: -1]
[saved_feature_importance_type: 0]
[use_quantized_grad: 0]
[num_grad_quant_bins: 4]
[quant_train_renew_leaf: 0]
[stochastic_rounding: 1]
[linear_tree: 0]
[max_bin: 255]
[max_bin_by_feature: ]
[min_data_in_bin: 3]
[bin_construct_sample_cnt: 200000]
[data_random_seed: 4779]
[is_enable_sparse: 1]
[enable_bundle: 1]
[use_missing: 1]
[zero_as_missing: 0]
[feature_pre_filter: 1]
[pre_partition: 0]
[two_round: 0]
[header: 0]
[label_column: ]
[weight_column: ]
[group_column: ]
[ignore_column: ]
[categorical_feature: ]
[forcedbins_filename: ]
[precise_float_parser: 0]
[parser_config_file: ]
[objective_seed: 19760]
[num_class: 1]
[is_unbalance: 0]
[scale_pos_weight: 1]
[sigmoid: 1]
[boost_from_average: 1]
[reg_sqrt: 0]
[alpha: 0.9]
[fair_c: 1]
[poisson_max_delta_step: 0.7]
[tweedie_variance_power: 1.5]
[lambdarank_truncation_level: 30]
[lambdarank_norm: 1]
[label_gain: ]
[lambdarank_position_bias_regularization: 0]
[eval_at: ]
[multi_error_top_k: 1]
[auc_mu_weights: ]
[num_machines: 1]
[local_listen_port: 12400]
[time_out: 120]
[machine_list_filename: ]
[machines: ]
[gpu_platform_id: -1]
[gpu_device_id: -1]
[gpu_use_dp: 0]
[num_gpu: 1]

end of parameters

pandas_categorical:null
