nested,lo,hi,fp,top5,ceiling,fixed,rexit,rpool,best,all_pass
0.37542898598477437,-1.9871993975285795,2.5507084978150165,5,492.3546940576701,1.6374449173353545,0.49790501002144516,1.5389591922742067,-0.8723991911451678,"{'sub': 'ic_pos', 'zin': 1.5, 'hurdle': 0, 'N': 3}",False
