sharpe_causal,sh_lo,sh_hi,folds_positive,p1_95,p2_95,p1_pass,p2_pass,p1_edge,p2_edge
1.1640424187019531,-0.8288985114788372,2.6940813237936565,3,1.658667345049384,1.854387450531476,False,False,-0.49462492634743094,-0.6903450318295228
