slug,sharpe,sh_lo,sh_hi,p1_95,p2_95,p1_pass,p2_pass
v1_fixed,1.2053761872301494,-0.9653588642342338,3.245671022771518,1.5282382114871007,1.6469746860726329,False,False
v2_fixed,2.1930043451191286,-0.06847320645681086,4.382574460216423,1.1576727946738323,1.6133901887224675,True,True
