variant,sharpe,sh_lo,sh_hi,p1_95,p2_95,p1_pass,p2_pass,p1_edge,p2_edge
V2_110_panel,2.1132400725111586,0.13600395928412812,3.7743380418398718,1.1549564754246853,1.4531639930552909,True,True,0.9582835970864734,0.6600760794558678
