sub,sharpe,sh_lo,sh_hi,folds_pos,overall_ic,n_traded
A,-0.032979429465104675,-2.5207054460958687,2.116839318444643,4,0.0043404801577794985,1422
B,0.49736158351678367,-1.9481573369997491,2.7979787264973512,3,0.0043404801577794985,1466
