sub,sharpe,sh_lo,sh_hi,folds_pos,n_traded
A,1.1146436768462242,-1.2224709634906248,3.2613070439852754,5,1484
B,2.1132400725111586,0.13600395928412812,3.7743380418398718,6,1466
