sub,sharpe,sh_lo,sh_hi,folds_pos,n_traded
A,-0.6833990749005057,-2.6140930837756504,1.8486138630938813,3,1442
B,1.435814484248377,-1.189578805129001,3.6256588989135774,5,1407
