sub,sharpe,sh_lo,sh_hi,folds_pos,n_traded
A,-1.3651423447460518,-3.571806562183161,0.9927920416841817,3,1466
B,2.1989323619990806,0.23157867706867602,4.41898584750904,8,1456
