sub,sharpe,sh_lo,sh_hi,folds_pos,n_traded
A,-1.5203529728959975,-3.8507430066753474,0.8600449347345531,5,1479
B,-1.2925588002596737,-3.3878409267650156,0.7750429853496357,4,1335
