case,sharpe,lo,hi,fp,mean,total
original_current_fold1,-0.19934601060915214,-2.5254661444754674,1.9374747173302405,6,-0.46524466718387153,-753.6963608378719
original_fold1_first,-0.5688085571107628,-2.940985075845992,1.5760707366678726,5,-1.3136567654531435,-2128.1239600340923
causal_current_fold1,-0.5688085571107628,-2.940985075845992,1.5760707366678726,5,-1.3136567654531435,-2128.1239600340923
causal_fold1_first,-0.5688085571107628,-2.940985075845992,1.5760707366678726,5,-1.3136567654531435,-2128.1239600340923
